Original,First difference,Square root,Log
1008.0,,7.681145747868608,4.07753744390572
1008.0,0.0,7.681145747868608,4.07753744390572
1008.0,0.0,7.681145747868608,4.07753744390572
1008.0,0.0,7.681145747868608,4.07753744390572
1008.0,0.0,7.681145747868608,4.07753744390572
1008.0,0.0,7.681145747868608,4.07753744390572
1008.0,0.0,7.681145747868608,4.07753744390572
1008.0,0.0,7.681145747868608,4.07753744390572
1009.0,1.0,7.745966692414834,4.0943445622221
1009.0,0.0,7.745966692414834,4.0943445622221
1006.0,-3.0,7.54983443527075,4.04305126783455
1011.0,5.0,7.874007874011811,4.127134385045092
1013.0,2.0,8.0,4.1588830833596715
1014.0,1.0,8.06225774829855,4.174387269895637
1014.0,0.0,8.06225774829855,4.174387269895637
1011.0,-3.0,7.874007874011811,4.127134385045092
1010.0,-1.0,7.810249675906654,4.110873864173311
1009.0,-1.0,7.745966692414834,4.0943445622221
1008.0,-1.0,7.681145747868608,4.07753744390572
1008.0,0.0,7.681145747868608,4.07753744390572
1007.0,-1.0,7.615773105863909,4.060443010546419
1007.0,0.0,7.615773105863909,4.060443010546419
1005.0,-2.0,7.483314773547883,4.02535169073515
1009.0,4.0,7.745966692414834,4.0943445622221
1010.0,1.0,7.810249675906654,4.110873864173311
1011.0,1.0,7.874007874011811,4.127134385045092
1012.0,1.0,7.937253933193772,4.143134726391533
1010.0,-2.0,7.810249675906654,4.110873864173311
1009.0,-1.0,7.745966692414834,4.0943445622221
1009.0,0.0,7.745966692414834,4.0943445622221
1008.0,-1.0,7.681145747868608,4.07753744390572
1009.0,1.0,7.745966692414834,4.0943445622221
1010.0,1.0,7.810249675906654,4.110873864173311
1012.0,2.0,7.937253933193772,4.143134726391533
1011.0,-1.0,7.874007874011811,4.127134385045092
1013.0,2.0,8.0,4.1588830833596715
1013.0,0.0,8.0,4.1588830833596715
1014.0,1.0,8.06225774829855,4.174387269895637
1014.0,0.0,8.06225774829855,4.174387269895637
1014.0,0.0,8.06225774829855,4.174387269895637
1012.0,-2.0,7.937253933193772,4.143134726391533
1011.0,-1.0,7.874007874011811,4.127134385045092
1011.0,0.0,7.874007874011811,4.127134385045092
1008.0,-3.0,7.681145747868608,4.07753744390572
1011.0,3.0,7.874007874011811,4.127134385045092
1011.0,0.0,7.874007874011811,4.127134385045092
1012.0,1.0,7.937253933193772,4.143134726391533
1013.0,1.0,8.0,4.1588830833596715
1013.0,0.0,8.0,4.1588830833596715
1014.0,1.0,8.06225774829855,4.174387269895637
1014.0,0.0,8.06225774829855,4.174387269895637
1011.0,-3.0,7.874007874011811,4.127134385045092
1011.0,0.0,7.874007874011811,4.127134385045092
1012.0,1.0,7.937253933193772,4.143134726391533
1014.0,2.0,8.06225774829855,4.174387269895637
1014.0,0.0,8.06225774829855,4.174387269895637
1015.0,1.0,8.12403840463596,4.189654742026425
1015.0,0.0,8.12403840463596,4.189654742026425
1014.0,-1.0,8.06225774829855,4.174387269895637
1014.0,0.0,8.06225774829855,4.174387269895637
1014.0,0.0,8.06225774829855,4.174387269895637
1015.0,1.0,8.12403840463596,4.189654742026425
1013.0,-2.0,8.0,4.1588830833596715
1014.0,1.0,8.06225774829855,4.174387269895637
1011.0,-3.0,7.874007874011811,4.127134385045092
1008.0,-3.0,7.681145747868608,4.07753744390572
1008.0,0.0,7.681145747868608,4.07753744390572
1011.0,3.0,7.874007874011811,4.127134385045092
1012.0,1.0,7.937253933193772,4.143134726391533
1013.0,1.0,8.0,4.1588830833596715
1014.0,1.0,8.06225774829855,4.174387269895637
1014.0,0.0,8.06225774829855,4.174387269895637
1017.0,3.0,8.246211251235321,4.219507705176107
1020.0,3.0,8.426149773176359,4.2626798770413155
1021.0,1.0,8.48528137423857,4.276666119016055
1020.0,-1.0,8.426149773176359,4.2626798770413155
1021.0,1.0,8.48528137423857,4.276666119016055
1022.0,1.0,8.54400374531753,4.290459441148391
1025.0,3.0,8.717797887081348,4.330733340286331
1027.0,2.0,8.831760866327848,4.356708826689592
1029.0,2.0,8.94427190999916,4.382026634673881
1031.0,2.0,9.055385138137417,4.406719247264253
1036.0,5.0,9.327379053088816,4.465908118654584
1039.0,3.0,9.486832980505138,4.499809670330265
1042.0,3.0,9.643650760992955,4.532599493153256
1047.0,5.0,9.899494936611665,4.584967478670572
1051.0,4.0,10.099504938362077,4.624972813284271
1050.0,-1.0,10.04987562112089,4.61512051684126
1049.0,-1.0,10.0,4.605170185988092
1045.0,-4.0,9.797958971132712,4.564348191467836
1043.0,-2.0,9.695359714832659,4.543294782270004
1045.0,2.0,9.797958971132712,4.564348191467836
1043.0,-2.0,9.695359714832659,4.543294782270004
1044.0,1.0,9.746794344808963,4.553876891600541
1045.0,1.0,9.797958971132712,4.564348191467836
1045.0,0.0,9.797958971132712,4.564348191467836
1041.0,-4.0,9.591663046625438,4.5217885770490405
1038.0,-3.0,9.433981132056603,4.48863636973214
1033.0,-5.0,9.16515138991168,4.430816798843313
1026.0,-7.0,8.774964387392123,4.343805421853684
1020.0,-6.0,8.426149773176359,4.2626798770413155
1014.0,-6.0,8.06225774829855,4.174387269895637
1010.0,-4.0,7.810249675906654,4.110873864173311
1006.0,-4.0,7.54983443527075,4.04305126783455
1005.0,-1.0,7.483314773547883,4.02535169073515
1008.0,3.0,7.681145747868608,4.07753744390572
1008.0,0.0,7.681145747868608,4.07753744390572
1009.0,1.0,7.745966692414834,4.0943445622221
1007.0,-2.0,7.615773105863909,4.060443010546419
1006.0,-1.0,7.54983443527075,4.04305126783455
1005.0,-1.0,7.483314773547883,4.02535169073515
1002.0,-3.0,7.280109889280518,3.970291913552122
1000.0,-2.0,7.14142842854285,3.9318256327243257
999.0,-1.0,7.0710678118654755,3.912023005428146
997.0,-2.0,6.928203230275509,3.871201010907891
997.0,0.0,6.928203230275509,3.871201010907891
996.0,-1.0,6.855654600401044,3.8501476017100584
999.0,3.0,7.0710678118654755,3.912023005428146
999.0,0.0,7.0710678118654755,3.912023005428146
1001.0,2.0,7.211102550927978,3.9512437185814275
998.0,-3.0,7.0,3.8918202981106265
1000.0,2.0,7.14142842854285,3.9318256327243257
999.0,-1.0,7.0710678118654755,3.912023005428146
996.0,-3.0,6.855654600401044,3.8501476017100584
993.0,-3.0,6.6332495807108,3.784189633918261
997.0,4.0,6.928203230275509,3.871201010907891
1010.0,13.0,7.810249675906654,4.110873864173311
1029.0,19.0,8.94427190999916,4.382026634673881
1062.0,33.0,10.63014581273465,4.727387818712341
1103.0,41.0,12.409673645990857,5.0369526024136295
1151.0,48.0,14.212670403551895,5.308267697401205
1204.0,53.0,15.968719422671311,5.541263545158426
1260.0,56.0,17.635192088548397,5.739792912179234
1307.0,47.0,18.920887928424502,5.8805329864007
1343.0,36.0,19.849433241279208,5.976350909297934
1356.0,13.0,20.174241001832016,6.008813185442595
1339.0,-17.0,19.748417658131498,5.966146739123692
1298.0,-41.0,18.681541692269406,5.855071922202427
1237.0,-61.0,16.97056274847714,5.662960480135946
1168.0,-69.0,14.798648586948742,5.389071729816501
1100.0,-68.0,12.288205727444508,5.017279836814924
1046.0,-54.0,9.848857801796104,4.574710978503383
1006.0,-40.0,7.54983443527075,4.04305126783455
987.0,-19.0,6.164414002968976,3.6375861597263857
978.0,-9.0,5.385164807134504,3.367295829986474
983.0,5.0,5.830951894845301,3.5263605246161616
991.0,8.0,6.48074069840786,3.7376696182833684
1000.0,9.0,7.14142842854285,3.9318256327243257
1002.0,2.0,7.280109889280518,3.970291913552122
999.0,-3.0,7.0710678118654755,3.912023005428146
996.0,-3.0,6.855654600401044,3.8501476017100584
993.0,-3.0,6.6332495807108,3.784189633918261
990.0,-3.0,6.4031242374328485,3.713572066704308
987.0,-3.0,6.164414002968976,3.6375861597263857
986.0,-1.0,6.082762530298219,3.6109179126442243
988.0,2.0,6.244997998398398,3.6635616461296463
989.0,1.0,6.324555320336759,3.6888794541139363
993.0,4.0,6.6332495807108,3.784189633918261
988.0,-5.0,6.244997998398398,3.6635616461296463
988.0,0.0,6.244997998398398,3.6635616461296463
988.0,0.0,6.244997998398398,3.6635616461296463
986.0,-2.0,6.082762530298219,3.6109179126442243
983.0,-3.0,5.830951894845301,3.5263605246161616
980.0,-3.0,5.5677643628300215,3.4339872044851463
981.0,1.0,5.656854249492381,3.4657359027997265
986.0,5.0,6.082762530298219,3.6109179126442243
990.0,4.0,6.4031242374328485,3.713572066704308
993.0,3.0,6.6332495807108,3.784189633918261
994.0,1.0,6.708203932499369,3.8066624897703196
994.0,0.0,6.708203932499369,3.8066624897703196
990.0,-4.0,6.4031242374328485,3.713572066704308
989.0,-1.0,6.324555320336759,3.6888794541139363
991.0,2.0,6.48074069840786,3.7376696182833684
989.0,-2.0,6.324555320336759,3.6888794541139363
986.0,-3.0,6.082762530298219,3.6109179126442243
986.0,0.0,6.082762530298219,3.6109179126442243
987.0,1.0,6.164414002968976,3.6375861597263857
993.0,6.0,6.6332495807108,3.784189633918261
996.0,3.0,6.855654600401044,3.8501476017100584
998.0,2.0,7.0,3.8918202981106265
998.0,0.0,7.0,3.8918202981106265
997.0,-1.0,6.928203230275509,3.871201010907891
997.0,0.0,6.928203230275509,3.871201010907891
996.0,-1.0,6.855654600401044,3.8501476017100584
996.0,0.0,6.855654600401044,3.8501476017100584
994.0,-2.0,6.708203932499369,3.8066624897703196
993.0,-1.0,6.6332495807108,3.784189633918261
995.0,2.0,6.782329983125268,3.828641396489095
994.0,-1.0,6.708203932499369,3.8066624897703196
995.0,1.0,6.782329983125268,3.828641396489095
1000.0,5.0,7.14142842854285,3.9318256327243257
1003.0,3.0,7.3484692283495345,3.9889840465642745
1005.0,2.0,7.483314773547883,4.02535169073515
1007.0,2.0,7.615773105863909,4.060443010546419
1008.0,1.0,7.681145747868608,4.07753744390572
1008.0,0.0,7.681145747868608,4.07753744390572
1008.0,0.0,7.681145747868608,4.07753744390572
1007.0,-1.0,7.615773105863909,4.060443010546419
1008.0,1.0,7.681145747868608,4.07753744390572
1005.0,-3.0,7.483314773547883,4.02535169073515
1009.0,4.0,7.745966692414834,4.0943445622221
1010.0,1.0,7.810249675906654,4.110873864173311
1011.0,1.0,7.874007874011811,4.127134385045092
1015.0,4.0,8.12403840463596,4.189654742026425
1019.0,4.0,8.366600265340756,4.248495242049359
1019.0,0.0,8.366600265340756,4.248495242049359
1020.0,1.0,8.426149773176359,4.2626798770413155
1020.0,0.0,8.426149773176359,4.2626798770413155
1018.0,-2.0,8.306623862918075,4.23410650459726
1017.0,-1.0,8.246211251235321,4.219507705176107
1018.0,1.0,8.306623862918075,4.23410650459726
1017.0,-1.0,8.246211251235321,4.219507705176107
1017.0,0.0,8.246211251235321,4.219507705176107
1017.0,0.0,8.246211251235321,4.219507705176107
1017.0,0.0,8.246211251235321,4.219507705176107
1018.0,1.0,8.306623862918075,4.23410650459726
1019.0,1.0,8.366600265340756,4.248495242049359
1022.0,3.0,8.54400374531753,4.290459441148391
1022.0,0.0,8.54400374531753,4.290459441148391
1020.0,-2.0,8.426149773176359,4.2626798770413155
1017.0,-3.0,8.246211251235321,4.219507705176107
1018.0,1.0,8.306623862918075,4.23410650459726
1019.0,1.0,8.366600265340756,4.248495242049359
1022.0,3.0,8.54400374531753,4.290459441148391
1024.0,2.0,8.660254037844387,4.31748811353631
1028.0,4.0,8.888194417315589,4.3694478524670215
1032.0,4.0,9.1104335791443,4.418840607796598
1037.0,5.0,9.38083151964686,4.477336814478207
1037.0,0.0,9.38083151964686,4.477336814478207
1036.0,-1.0,9.327379053088816,4.465908118654584
1035.0,-1.0,9.273618495495704,4.454347296253507
1039.0,4.0,9.486832980505138,4.499809670330265
1038.0,-1.0,9.433981132056603,4.48863636973214
1036.0,-2.0,9.327379053088816,4.465908118654584
1035.0,-1.0,9.273618495495704,4.454347296253507
1033.0,-2.0,9.16515138991168,4.430816798843313
1031.0,-2.0,9.055385138137417,4.406719247264253
1033.0,2.0,9.16515138991168,4.430816798843313
1032.0,-1.0,9.1104335791443,4.418840607796598
1033.0,1.0,9.16515138991168,4.430816798843313
1032.0,-1.0,9.1104335791443,4.418840607796598
1033.0,1.0,9.16515138991168,4.430816798843313
1033.0,0.0,9.16515138991168,4.430816798843313
1030.0,-3.0,9.0,4.394449154672439
1028.0,-2.0,8.888194417315589,4.3694478524670215
1030.0,2.0,9.0,4.394449154672439
1028.0,-2.0,8.888194417315589,4.3694478524670215
1029.0,1.0,8.94427190999916,4.382026634673881
1030.0,1.0,9.0,4.394449154672439
1030.0,0.0,9.0,4.394449154672439
1031.0,1.0,9.055385138137417,4.406719247264253
1031.0,0.0,9.055385138137417,4.406719247264253
1030.0,-1.0,9.0,4.394449154672439
1030.0,0.0,9.0,4.394449154672439
1031.0,1.0,9.055385138137417,4.406719247264253
1031.0,0.0,9.055385138137417,4.406719247264253
1030.0,-1.0,9.0,4.394449154672439
1030.0,0.0,9.0,4.394449154672439
1030.0,0.0,9.0,4.394449154672439
1029.0,-1.0,8.94427190999916,4.382026634673881
1030.0,1.0,9.0,4.394449154672439
1030.0,0.0,9.0,4.394449154672439
1031.0,1.0,9.055385138137417,4.406719247264253
1032.0,1.0,9.1104335791443,4.418840607796598
1032.0,0.0,9.1104335791443,4.418840607796598
1033.0,1.0,9.16515138991168,4.430816798843313
1033.0,0.0,9.16515138991168,4.430816798843313
1030.0,-3.0,9.0,4.394449154672439
1030.0,0.0,9.0,4.394449154672439
1027.0,-3.0,8.831760866327848,4.356708826689592
1033.0,6.0,9.16515138991168,4.430816798843313
1033.0,0.0,9.16515138991168,4.430816798843313
1035.0,2.0,9.273618495495704,4.454347296253507
1033.0,-2.0,9.16515138991168,4.430816798843313
1035.0,2.0,9.273618495495704,4.454347296253507
1036.0,1.0,9.327379053088816,4.465908118654584
1035.0,-1.0,9.273618495495704,4.454347296253507
1035.0,0.0,9.273618495495704,4.454347296253507
1036.0,1.0,9.327379053088816,4.465908118654584
1033.0,-3.0,9.16515138991168,4.430816798843313
1034.0,1.0,9.219544457292887,4.442651256490317
1031.0,-3.0,9.055385138137417,4.406719247264253
1032.0,1.0,9.1104335791443,4.418840607796598
1034.0,2.0,9.219544457292887,4.442651256490317
1035.0,1.0,9.273618495495704,4.454347296253507
1036.0,1.0,9.327379053088816,4.465908118654584
1038.0,2.0,9.433981132056603,4.48863636973214
1040.0,2.0,9.539392014169456,4.51085950651685
1038.0,-2.0,9.433981132056603,4.48863636973214
1038.0,0.0,9.433981132056603,4.48863636973214
1033.0,-5.0,9.16515138991168,4.430816798843313
1033.0,0.0,9.16515138991168,4.430816798843313
1031.0,-2.0,9.055385138137417,4.406719247264253
1031.0,0.0,9.055385138137417,4.406719247264253
1031.0,0.0,9.055385138137417,4.406719247264253
1033.0,2.0,9.16515138991168,4.430816798843313
1034.0,1.0,9.219544457292887,4.442651256490317
1033.0,-1.0,9.16515138991168,4.430816798843313
1035.0,2.0,9.273618495495704,4.454347296253507
1036.0,1.0,9.327379053088816,4.465908118654584
1037.0,1.0,9.38083151964686,4.477336814478207
1035.0,-2.0,9.273618495495704,4.454347296253507
1038.0,3.0,9.433981132056603,4.48863636973214
1037.0,-1.0,9.38083151964686,4.477336814478207
1035.0,-2.0,9.273618495495704,4.454347296253507
1035.0,0.0,9.273618495495704,4.454347296253507
1036.0,1.0,9.327379053088816,4.465908118654584
1040.0,4.0,9.539392014169456,4.51085950651685
1044.0,4.0,9.746794344808963,4.553876891600541
1046.0,2.0,9.848857801796104,4.574710978503383
1050.0,4.0,10.04987562112089,4.61512051684126
1050.0,0.0,10.04987562112089,4.61512051684126
1052.0,2.0,10.14889156509222,4.634728988229636
1058.0,6.0,10.44030650891055,4.6913478822291435
1060.0,2.0,10.535653752852738,4.709530201312334
1063.0,3.0,10.677078252031311,4.736198448394496
1063.0,0.0,10.677078252031311,4.736198448394496
1065.0,2.0,10.770329614269007,4.7535901911063645
1067.0,2.0,10.862780491200215,4.770684624465665
1066.0,-1.0,10.816653826391969,4.762173934797756
1066.0,0.0,10.816653826391969,4.762173934797756
1066.0,0.0,10.816653826391969,4.762173934797756
1067.0,1.0,10.862780491200215,4.770684624465665
1067.0,0.0,10.862780491200215,4.770684624465665
1068.0,1.0,10.908712114635714,4.77912349311153
1068.0,0.0,10.908712114635714,4.77912349311153
1065.0,-3.0,10.770329614269007,4.7535901911063645
1060.0,-5.0,10.535653752852738,4.709530201312334
1054.0,-6.0,10.246950765959598,4.653960350157523
1049.0,-5.0,10.0,4.605170185988092
1042.0,-7.0,9.643650760992955,4.532599493153256
1038.0,-4.0,9.433981132056603,4.48863636973214
1037.0,-1.0,9.38083151964686,4.477336814478207
1033.0,-4.0,9.16515138991168,4.430816798843313
1032.0,-1.0,9.1104335791443,4.418840607796598
1032.0,0.0,9.1104335791443,4.418840607796598
1032.0,0.0,9.1104335791443,4.418840607796598
1028.0,-4.0,8.888194417315589,4.3694478524670215
1027.0,-1.0,8.831760866327848,4.356708826689592
1026.0,-1.0,8.774964387392123,4.343805421853684
1026.0,0.0,8.774964387392123,4.343805421853684
1022.0,-4.0,8.54400374531753,4.290459441148391
1023.0,1.0,8.602325267042627,4.30406509320417
1022.0,-1.0,8.54400374531753,4.290459441148391
1020.0,-2.0,8.426149773176359,4.2626798770413155
1020.0,0.0,8.426149773176359,4.2626798770413155
1020.0,0.0,8.426149773176359,4.2626798770413155
1022.0,2.0,8.54400374531753,4.290459441148391
1021.0,-1.0,8.48528137423857,4.276666119016055
1022.0,1.0,8.54400374531753,4.290459441148391
1022.0,0.0,8.54400374531753,4.290459441148391
1020.0,-2.0,8.426149773176359,4.2626798770413155
1016.0,-4.0,8.18535277187245,4.204692619390966
1017.0,1.0,8.246211251235321,4.219507705176107
1012.0,-5.0,7.937253933193772,4.143134726391533
1011.0,-1.0,7.874007874011811,4.127134385045092
1016.0,5.0,8.18535277187245,4.204692619390966
1028.0,12.0,8.888194417315589,4.3694478524670215
1047.0,19.0,9.899494936611665,4.584967478670572
1072.0,25.0,11.090536506409418,4.812184355372417
1103.0,31.0,12.409673645990857,5.0369526024136295
1144.0,41.0,13.96424004376894,5.272999558563747
1195.0,51.0,15.684387141358123,5.5053315359323625
1246.0,51.0,17.233687939614086,5.6937321388027
1298.0,52.0,18.681541692269406,5.855071922202427
1342.0,44.0,19.82422760159901,5.973809611869261
1371.0,29.0,20.54263858417414,6.045005314036012
1378.0,7.0,20.71231517720798,6.061456918928017
1352.0,-26.0,20.074859899884732,5.998936561946683
1306.0,-46.0,18.894443627691185,5.877735781779639
1242.0,-64.0,17.11724276862369,5.680172609017068
1172.0,-70.0,14.933184523068078,5.407171771460119
1109.0,-63.0,12.649110640673518,5.075173815233827
1059.0,-50.0,10.488088481701515,4.700480365792417
1022.0,-37.0,8.54400374531753,4.290459441148391
1005.0,-17.0,7.483314773547883,4.02535169073515
1002.0,-3.0,7.280109889280518,3.970291913552122
1004.0,2.0,7.416198487095663,4.007333185232471
1012.0,8.0,7.937253933193772,4.143134726391533
1019.0,7.0,8.366600265340756,4.248495242049359
1022.0,3.0,8.54400374531753,4.290459441148391
1017.0,-5.0,8.246211251235321,4.219507705176107
1013.0,-4.0,8.0,4.1588830833596715
1009.0,-4.0,7.745966692414834,4.0943445622221
1002.0,-7.0,7.280109889280518,3.970291913552122
1000.0,-2.0,7.14142842854285,3.9318256327243257
999.0,-1.0,7.0710678118654755,3.912023005428146
1000.0,1.0,7.14142842854285,3.9318256327243257
1000.0,0.0,7.14142842854285,3.9318256327243257
1000.0,0.0,7.14142842854285,3.9318256327243257
996.0,-4.0,6.855654600401044,3.8501476017100584
999.0,3.0,7.0710678118654755,3.912023005428146
999.0,0.0,7.0710678118654755,3.912023005428146
999.0,0.0,7.0710678118654755,3.912023005428146
1000.0,1.0,7.14142842854285,3.9318256327243257
1000.0,0.0,7.14142842854285,3.9318256327243257
1001.0,1.0,7.211102550927978,3.9512437185814275
1001.0,0.0,7.211102550927978,3.9512437185814275
1002.0,1.0,7.280109889280518,3.970291913552122
997.0,-5.0,6.928203230275509,3.871201010907891
997.0,0.0,6.928203230275509,3.871201010907891
995.0,-2.0,6.782329983125268,3.828641396489095
996.0,1.0,6.855654600401044,3.8501476017100584
998.0,2.0,7.0,3.8918202981106265
1000.0,2.0,7.14142842854285,3.9318256327243257
1000.0,0.0,7.14142842854285,3.9318256327243257
1000.0,0.0,7.14142842854285,3.9318256327243257
1002.0,2.0,7.280109889280518,3.970291913552122
1003.0,1.0,7.3484692283495345,3.9889840465642745
1003.0,0.0,7.3484692283495345,3.9889840465642745
1001.0,-2.0,7.211102550927978,3.9512437185814275
1001.0,0.0,7.211102550927978,3.9512437185814275
999.0,-2.0,7.0710678118654755,3.912023005428146
999.0,0.0,7.0710678118654755,3.912023005428146
1001.0,2.0,7.211102550927978,3.9512437185814275
1002.0,1.0,7.280109889280518,3.970291913552122
1004.0,2.0,7.416198487095663,4.007333185232471
1005.0,1.0,7.483314773547883,4.02535169073515
1007.0,2.0,7.615773105863909,4.060443010546419
1009.0,2.0,7.745966692414834,4.0943445622221
1010.0,1.0,7.810249675906654,4.110873864173311
1011.0,1.0,7.874007874011811,4.127134385045092
1008.0,-3.0,7.681145747868608,4.07753744390572
1005.0,-3.0,7.483314773547883,4.02535169073515
1005.0,0.0,7.483314773547883,4.02535169073515
1005.0,0.0,7.483314773547883,4.02535169073515
1006.0,1.0,7.54983443527075,4.04305126783455
1008.0,2.0,7.681145747868608,4.07753744390572
1008.0,0.0,7.681145747868608,4.07753744390572
1012.0,4.0,7.937253933193772,4.143134726391533
1012.0,0.0,7.937253933193772,4.143134726391533
1018.0,6.0,8.306623862918075,4.23410650459726
1018.0,0.0,8.306623862918075,4.23410650459726
1019.0,1.0,8.366600265340756,4.248495242049359
1017.0,-2.0,8.246211251235321,4.219507705176107
1017.0,0.0,8.246211251235321,4.219507705176107
1013.0,-4.0,8.0,4.1588830833596715
1015.0,2.0,8.12403840463596,4.189654742026425
1014.0,-1.0,8.06225774829855,4.174387269895637
1016.0,2.0,8.18535277187245,4.204692619390966
1018.0,2.0,8.306623862918075,4.23410650459726
1020.0,2.0,8.426149773176359,4.2626798770413155
1024.0,4.0,8.660254037844387,4.31748811353631
1026.0,2.0,8.774964387392123,4.343805421853684
1025.0,-1.0,8.717797887081348,4.330733340286331
1025.0,0.0,8.717797887081348,4.330733340286331
1021.0,-4.0,8.48528137423857,4.276666119016055
1019.0,-2.0,8.366600265340756,4.248495242049359
1019.0,0.0,8.366600265340756,4.248495242049359
1017.0,-2.0,8.246211251235321,4.219507705176107
1019.0,2.0,8.366600265340756,4.248495242049359
1020.0,1.0,8.426149773176359,4.2626798770413155
1018.0,-2.0,8.306623862918075,4.23410650459726
1020.0,2.0,8.426149773176359,4.2626798770413155
1024.0,4.0,8.660254037844387,4.31748811353631
1026.0,2.0,8.774964387392123,4.343805421853684
1025.0,-1.0,8.717797887081348,4.330733340286331
1024.0,-1.0,8.660254037844387,4.31748811353631
1025.0,1.0,8.717797887081348,4.330733340286331
1023.0,-2.0,8.602325267042627,4.30406509320417
1024.0,1.0,8.660254037844387,4.31748811353631
1024.0,0.0,8.660254037844387,4.31748811353631
1027.0,3.0,8.831760866327848,4.356708826689592
1027.0,0.0,8.831760866327848,4.356708826689592
1028.0,1.0,8.888194417315589,4.3694478524670215
1032.0,4.0,9.1104335791443,4.418840607796598
1036.0,4.0,9.327379053088816,4.465908118654584
1038.0,2.0,9.433981132056603,4.48863636973214
1038.0,0.0,9.433981132056603,4.48863636973214
1038.0,0.0,9.433981132056603,4.48863636973214
1034.0,-4.0,9.219544457292887,4.442651256490317
1031.0,-3.0,9.055385138137417,4.406719247264253
1029.0,-2.0,8.94427190999916,4.382026634673881
1028.0,-1.0,8.888194417315589,4.3694478524670215
1030.0,2.0,9.0,4.394449154672439
1027.0,-3.0,8.831760866327848,4.356708826689592
1027.0,0.0,8.831760866327848,4.356708826689592
1028.0,1.0,8.888194417315589,4.3694478524670215
1030.0,2.0,9.0,4.394449154672439
1031.0,1.0,9.055385138137417,4.406719247264253
1031.0,0.0,9.055385138137417,4.406719247264253
1032.0,1.0,9.1104335791443,4.418840607796598
1033.0,1.0,9.16515138991168,4.430816798843313
1029.0,-4.0,8.94427190999916,4.382026634673881
1029.0,0.0,8.94427190999916,4.382026634673881
1027.0,-2.0,8.831760866327848,4.356708826689592
1026.0,-1.0,8.774964387392123,4.343805421853684
1024.0,-2.0,8.660254037844387,4.31748811353631
1023.0,-1.0,8.602325267042627,4.30406509320417
1023.0,0.0,8.602325267042627,4.30406509320417
1023.0,0.0,8.602325267042627,4.30406509320417
1025.0,2.0,8.717797887081348,4.330733340286331
1028.0,3.0,8.888194417315589,4.3694478524670215
1030.0,2.0,9.0,4.394449154672439
1033.0,3.0,9.16515138991168,4.430816798843313
1030.0,-3.0,9.0,4.394449154672439
1030.0,0.0,9.0,4.394449154672439
1026.0,-4.0,8.774964387392123,4.343805421853684
1023.0,-3.0,8.602325267042627,4.30406509320417
1023.0,0.0,8.602325267042627,4.30406509320417
1025.0,2.0,8.717797887081348,4.330733340286331
1025.0,0.0,8.717797887081348,4.330733340286331
1026.0,1.0,8.774964387392123,4.343805421853684
1028.0,2.0,8.888194417315589,4.3694478524670215
1030.0,2.0,9.0,4.394449154672439
1029.0,-1.0,8.94427190999916,4.382026634673881
1029.0,0.0,8.94427190999916,4.382026634673881
1029.0,0.0,8.94427190999916,4.382026634673881
1029.0,0.0,8.94427190999916,4.382026634673881
1025.0,-4.0,8.717797887081348,4.330733340286331
1029.0,4.0,8.94427190999916,4.382026634673881
1028.0,-1.0,8.888194417315589,4.3694478524670215
1029.0,1.0,8.94427190999916,4.382026634673881
1029.0,0.0,8.94427190999916,4.382026634673881
1030.0,1.0,9.0,4.394449154672439
1032.0,2.0,9.1104335791443,4.418840607796598
1028.0,-4.0,8.888194417315589,4.3694478524670215
1030.0,2.0,9.0,4.394449154672439
1030.0,0.0,9.0,4.394449154672439
1031.0,1.0,9.055385138137417,4.406719247264253
1031.0,0.0,9.055385138137417,4.406719247264253
1031.0,0.0,9.055385138137417,4.406719247264253
1032.0,1.0,9.1104335791443,4.418840607796598
1032.0,0.0,9.1104335791443,4.418840607796598
1031.0,-1.0,9.055385138137417,4.406719247264253
1032.0,1.0,9.1104335791443,4.418840607796598
1031.0,-1.0,9.055385138137417,4.406719247264253
1031.0,0.0,9.055385138137417,4.406719247264253
1030.0,-1.0,9.0,4.394449154672439
1030.0,0.0,9.0,4.394449154672439
1031.0,1.0,9.055385138137417,4.406719247264253
1029.0,-2.0,8.94427190999916,4.382026634673881
1028.0,-1.0,8.888194417315589,4.3694478524670215
1026.0,-2.0,8.774964387392123,4.343805421853684
1029.0,3.0,8.94427190999916,4.382026634673881
1027.0,-2.0,8.831760866327848,4.356708826689592
1031.0,4.0,9.055385138137417,4.406719247264253
1032.0,1.0,9.1104335791443,4.418840607796598
1029.0,-3.0,8.94427190999916,4.382026634673881
1030.0,1.0,9.0,4.394449154672439
1033.0,3.0,9.16515138991168,4.430816798843313
1035.0,2.0,9.273618495495704,4.454347296253507
1036.0,1.0,9.327379053088816,4.465908118654584
1035.0,-1.0,9.273618495495704,4.454347296253507
1034.0,-1.0,9.219544457292887,4.442651256490317
1036.0,2.0,9.327379053088816,4.465908118654584
1038.0,2.0,9.433981132056603,4.48863636973214
1041.0,3.0,9.591663046625438,4.5217885770490405
1046.0,5.0,9.848857801796104,4.574710978503383
1048.0,2.0,9.9498743710662,4.59511985013459
1052.0,4.0,10.14889156509222,4.634728988229636
1056.0,4.0,10.344080432788601,4.672828834461906
1057.0,1.0,10.392304845413264,4.68213122712422
1062.0,5.0,10.63014581273465,4.727387818712341
1065.0,3.0,10.770329614269007,4.7535901911063645
1065.0,0.0,10.770329614269007,4.7535901911063645
1064.0,-1.0,10.723805294763608,4.74493212836325
1059.0,-5.0,10.488088481701515,4.700480365792417
1055.0,-4.0,10.295630140987,4.663439094112067
1055.0,0.0,10.295630140987,4.663439094112067
1057.0,2.0,10.392304845413264,4.68213122712422
1060.0,3.0,10.535653752852738,4.709530201312334
1063.0,3.0,10.677078252031311,4.736198448394496
1066.0,3.0,10.816653826391969,4.762173934797756
1062.0,-4.0,10.63014581273465,4.727387818712341
1058.0,-4.0,10.44030650891055,4.6913478822291435
1055.0,-3.0,10.295630140987,4.663439094112067
1047.0,-8.0,9.899494936611665,4.584967478670572
1043.0,-4.0,9.695359714832659,4.543294782270004
1035.0,-8.0,9.273618495495704,4.454347296253507
1031.0,-4.0,9.055385138137417,4.406719247264253
1027.0,-4.0,8.831760866327848,4.356708826689592
1027.0,0.0,8.831760866327848,4.356708826689592
1025.0,-2.0,8.717797887081348,4.330733340286331
1023.0,-2.0,8.602325267042627,4.30406509320417
1024.0,1.0,8.660254037844387,4.31748811353631
1019.0,-5.0,8.366600265340756,4.248495242049359
1017.0,-2.0,8.246211251235321,4.219507705176107
1016.0,-1.0,8.18535277187245,4.204692619390966
1016.0,0.0,8.18535277187245,4.204692619390966
1014.0,-2.0,8.06225774829855,4.174387269895637
1011.0,-3.0,7.874007874011811,4.127134385045092
1008.0,-3.0,7.681145747868608,4.07753744390572
1006.0,-2.0,7.54983443527075,4.04305126783455
1008.0,2.0,7.681145747868608,4.07753744390572
1009.0,1.0,7.745966692414834,4.0943445622221
1008.0,-1.0,7.681145747868608,4.07753744390572
1011.0,3.0,7.874007874011811,4.127134385045092
1012.0,1.0,7.937253933193772,4.143134726391533
1010.0,-2.0,7.810249675906654,4.110873864173311
1010.0,0.0,7.810249675906654,4.110873864173311
1010.0,0.0,7.810249675906654,4.110873864173311
1009.0,-1.0,7.745966692414834,4.0943445622221
1003.0,-6.0,7.3484692283495345,3.9889840465642745
1002.0,-1.0,7.280109889280518,3.970291913552122
1002.0,0.0,7.280109889280518,3.970291913552122
1009.0,7.0,7.745966692414834,4.0943445622221
1025.0,16.0,8.717797887081348,4.330733340286331
1047.0,22.0,9.899494936611665,4.584967478670572
1075.0,28.0,11.224972160321824,4.836281906951478
1111.0,36.0,12.727922061357855,5.087596335232384
1155.0,44.0,14.352700094407323,5.327876168789581
1205.0,50.0,16.0,5.545177444479562
1259.0,54.0,17.60681686165901,5.736572297479192
1312.0,53.0,19.05255888325765,5.8944028342648505
1353.0,41.0,20.09975124224178,6.0014148779611505
1373.0,20.0,20.591260281974,6.049733455231958
1362.0,-11.0,20.322401432901575,6.023447592961033
1328.0,-34.0,19.467922333931785,5.937536205082426
1273.0,-55.0,18.0,5.780743515792329
1207.0,-66.0,16.06237840420901,5.552959584921617
1139.0,-68.0,13.784048752090222,5.247024072160486
1078.0,-61.0,11.357816691600547,4.859812404361672
1033.0,-45.0,9.16515138991168,4.430816798843313
1006.0,-27.0,7.54983443527075,4.04305126783455
994.0,-12.0,6.708203932499369,3.8066624897703196
993.0,-1.0,6.6332495807108,3.784189633918261
1000.0,7.0,7.14142842854285,3.9318256327243257
1005.0,5.0,7.483314773547883,4.02535169073515
1008.0,3.0,7.681145747868608,4.07753744390572
1007.0,-1.0,7.615773105863909,4.060443010546419
1004.0,-3.0,7.416198487095663,4.007333185232471
1000.0,-4.0,7.14142842854285,3.9318256327243257
996.0,-4.0,6.855654600401044,3.8501476017100584
992.0,-4.0,6.557438524302,3.7612001156935624
990.0,-2.0,6.4031242374328485,3.713572066704308
988.0,-2.0,6.244997998398398,3.6635616461296463
989.0,1.0,6.324555320336759,3.6888794541139363
991.0,2.0,6.48074069840786,3.7376696182833684
991.0,0.0,6.48074069840786,3.7376696182833684
987.0,-4.0,6.164414002968976,3.6375861597263857
988.0,1.0,6.244997998398398,3.6635616461296463
989.0,1.0,6.324555320336759,3.6888794541139363
989.0,0.0,6.324555320336759,3.6888794541139363
990.0,1.0,6.4031242374328485,3.713572066704308
991.0,1.0,6.48074069840786,3.7376696182833684
989.0,-2.0,6.324555320336759,3.6888794541139363
989.0,0.0,6.324555320336759,3.6888794541139363
987.0,-2.0,6.164414002968976,3.6375861597263857
987.0,0.0,6.164414002968976,3.6375861597263857
987.0,0.0,6.164414002968976,3.6375861597263857
988.0,1.0,6.244997998398398,3.6635616461296463
988.0,0.0,6.244997998398398,3.6635616461296463
989.0,1.0,6.324555320336759,3.6888794541139363
992.0,3.0,6.557438524302,3.7612001156935624
993.0,1.0,6.6332495807108,3.784189633918261
992.0,-1.0,6.557438524302,3.7612001156935624
995.0,3.0,6.782329983125268,3.828641396489095
994.0,-1.0,6.708203932499369,3.8066624897703196
991.0,-3.0,6.48074069840786,3.7376696182833684
992.0,1.0,6.557438524302,3.7612001156935624
993.0,1.0,6.6332495807108,3.784189633918261
989.0,-4.0,6.324555320336759,3.6888794541139363
989.0,0.0,6.324555320336759,3.6888794541139363
991.0,2.0,6.48074069840786,3.7376696182833684
991.0,0.0,6.48074069840786,3.7376696182833684
992.0,1.0,6.557438524302,3.7612001156935624
995.0,3.0,6.782329983125268,3.828641396489095
999.0,4.0,7.0710678118654755,3.912023005428146
999.0,0.0,7.0710678118654755,3.912023005428146
999.0,0.0,7.0710678118654755,3.912023005428146
996.0,-3.0,6.855654600401044,3.8501476017100584
997.0,1.0,6.928203230275509,3.871201010907891
997.0,0.0,6.928203230275509,3.871201010907891
997.0,0.0,6.928203230275509,3.871201010907891
996.0,-1.0,6.855654600401044,3.8501476017100584
996.0,0.0,6.855654600401044,3.8501476017100584
999.0,3.0,7.0710678118654755,3.912023005428146
1002.0,3.0,7.280109889280518,3.970291913552122
1001.0,-1.0,7.211102550927978,3.9512437185814275
1004.0,3.0,7.416198487095663,4.007333185232471
1005.0,1.0,7.483314773547883,4.02535169073515
1005.0,0.0,7.483314773547883,4.02535169073515
1004.0,-1.0,7.416198487095663,4.007333185232471
1006.0,2.0,7.54983443527075,4.04305126783455
1005.0,-1.0,7.483314773547883,4.02535169073515
1006.0,1.0,7.54983443527075,4.04305126783455
1005.0,-1.0,7.483314773547883,4.02535169073515
1004.0,-1.0,7.416198487095663,4.007333185232471
1005.0,1.0,7.483314773547883,4.02535169073515
1008.0,3.0,7.681145747868608,4.07753744390572
1013.0,5.0,8.0,4.1588830833596715
1016.0,3.0,8.18535277187245,4.204692619390966
1018.0,2.0,8.306623862918075,4.23410650459726
1019.0,1.0,8.366600265340756,4.248495242049359
1019.0,0.0,8.366600265340756,4.248495242049359
1017.0,-2.0,8.246211251235321,4.219507705176107
1016.0,-1.0,8.18535277187245,4.204692619390966
1014.0,-2.0,8.06225774829855,4.174387269895637
1013.0,-1.0,8.0,4.1588830833596715
1010.0,-3.0,7.810249675906654,4.110873864173311
1011.0,1.0,7.874007874011811,4.127134385045092
1014.0,3.0,8.06225774829855,4.174387269895637
1016.0,2.0,8.18535277187245,4.204692619390966
1019.0,3.0,8.366600265340756,4.248495242049359
1019.0,0.0,8.366600265340756,4.248495242049359
1023.0,4.0,8.602325267042627,4.30406509320417
1020.0,-3.0,8.426149773176359,4.2626798770413155
1022.0,2.0,8.54400374531753,4.290459441148391
1021.0,-1.0,8.48528137423857,4.276666119016055
1021.0,0.0,8.48528137423857,4.276666119016055
1020.0,-1.0,8.426149773176359,4.2626798770413155
1021.0,1.0,8.48528137423857,4.276666119016055
1021.0,0.0,8.48528137423857,4.276666119016055
1024.0,3.0,8.660254037844387,4.31748811353631
1027.0,3.0,8.831760866327848,4.356708826689592
1027.0,0.0,8.831760866327848,4.356708826689592
1030.0,3.0,9.0,4.394449154672439
1030.0,0.0,9.0,4.394449154672439
1029.0,-1.0,8.94427190999916,4.382026634673881
1027.0,-2.0,8.831760866327848,4.356708826689592
1025.0,-2.0,8.717797887081348,4.330733340286331
1023.0,-2.0,8.602325267042627,4.30406509320417
1020.0,-3.0,8.426149773176359,4.2626798770413155
1018.0,-2.0,8.306623862918075,4.23410650459726
1018.0,0.0,8.306623862918075,4.23410650459726
1020.0,2.0,8.426149773176359,4.2626798770413155
1019.0,-1.0,8.366600265340756,4.248495242049359
1021.0,2.0,8.48528137423857,4.276666119016055
1020.0,-1.0,8.426149773176359,4.2626798770413155
1021.0,1.0,8.48528137423857,4.276666119016055
1021.0,0.0,8.48528137423857,4.276666119016055
1020.0,-1.0,8.426149773176359,4.2626798770413155
1017.0,-3.0,8.246211251235321,4.219507705176107
1015.0,-2.0,8.12403840463596,4.189654742026425
1015.0,0.0,8.12403840463596,4.189654742026425
1012.0,-3.0,7.937253933193772,4.143134726391533
1011.0,-1.0,7.874007874011811,4.127134385045092
1012.0,1.0,7.937253933193772,4.143134726391533
1012.0,0.0,7.937253933193772,4.143134726391533
1015.0,3.0,8.12403840463596,4.189654742026425
1018.0,3.0,8.306623862918075,4.23410650459726
1020.0,2.0,8.426149773176359,4.2626798770413155
1022.0,2.0,8.54400374531753,4.290459441148391
1021.0,-1.0,8.48528137423857,4.276666119016055
1018.0,-3.0,8.306623862918075,4.23410650459726
1017.0,-1.0,8.246211251235321,4.219507705176107
1014.0,-3.0,8.06225774829855,4.174387269895637
1014.0,0.0,8.06225774829855,4.174387269895637
1013.0,-1.0,8.0,4.1588830833596715
1015.0,2.0,8.12403840463596,4.189654742026425
1016.0,1.0,8.18535277187245,4.204692619390966
1018.0,2.0,8.306623862918075,4.23410650459726
1020.0,2.0,8.426149773176359,4.2626798770413155
1021.0,1.0,8.48528137423857,4.276666119016055
1021.0,0.0,8.48528137423857,4.276666119016055
1021.0,0.0,8.48528137423857,4.276666119016055
1020.0,-1.0,8.426149773176359,4.2626798770413155
1017.0,-3.0,8.246211251235321,4.219507705176107
1016.0,-1.0,8.18535277187245,4.204692619390966
1015.0,-1.0,8.12403840463596,4.189654742026425
1015.0,0.0,8.12403840463596,4.189654742026425
1017.0,2.0,8.246211251235321,4.219507705176107
1018.0,1.0,8.306623862918075,4.23410650459726
1020.0,2.0,8.426149773176359,4.2626798770413155
1023.0,3.0,8.602325267042627,4.30406509320417
1025.0,2.0,8.717797887081348,4.330733340286331
1023.0,-2.0,8.602325267042627,4.30406509320417
1024.0,1.0,8.660254037844387,4.31748811353631
1021.0,-3.0,8.48528137423857,4.276666119016055
1018.0,-3.0,8.306623862918075,4.23410650459726
1017.0,-1.0,8.246211251235321,4.219507705176107
1017.0,0.0,8.246211251235321,4.219507705176107
1018.0,1.0,8.306623862918075,4.23410650459726
1014.0,-4.0,8.06225774829855,4.174387269895637
1015.0,1.0,8.12403840463596,4.189654742026425
1013.0,-2.0,8.0,4.1588830833596715
1016.0,3.0,8.18535277187245,4.204692619390966
1017.0,1.0,8.246211251235321,4.219507705176107
1018.0,1.0,8.306623862918075,4.23410650459726
1018.0,0.0,8.306623862918075,4.23410650459726
1019.0,1.0,8.366600265340756,4.248495242049359
1018.0,-1.0,8.306623862918075,4.23410650459726
1017.0,-1.0,8.246211251235321,4.219507705176107
1017.0,0.0,8.246211251235321,4.219507705176107
1018.0,1.0,8.306623862918075,4.23410650459726
1021.0,3.0,8.48528137423857,4.276666119016055
1021.0,0.0,8.48528137423857,4.276666119016055
1023.0,2.0,8.602325267042627,4.30406509320417
1028.0,5.0,8.888194417315589,4.3694478524670215
1032.0,4.0,9.1104335791443,4.418840607796598
1033.0,1.0,9.16515138991168,4.430816798843313
1034.0,1.0,9.219544457292887,4.442651256490317
1033.0,-1.0,9.16515138991168,4.430816798843313
1033.0,0.0,9.16515138991168,4.430816798843313
1034.0,1.0,9.219544457292887,4.442651256490317
1037.0,3.0,9.38083151964686,4.477336814478207
1041.0,4.0,9.591663046625438,4.5217885770490405
1043.0,2.0,9.695359714832659,4.543294782270004
1045.0,2.0,9.797958971132712,4.564348191467836
1049.0,4.0,10.0,4.605170185988092
1050.0,1.0,10.04987562112089,4.61512051684126
1053.0,3.0,10.198039027185569,4.6443908991413725
1049.0,-4.0,10.0,4.605170185988092
1046.0,-3.0,9.848857801796104,4.574710978503383
1048.0,2.0,9.9498743710662,4.59511985013459
1047.0,-1.0,9.899494936611665,4.584967478670572
1048.0,1.0,9.9498743710662,4.59511985013459
1048.0,0.0,9.9498743710662,4.59511985013459
1045.0,-3.0,9.797958971132712,4.564348191467836
1042.0,-3.0,9.643650760992955,4.532599493153256
1038.0,-4.0,9.433981132056603,4.48863636973214
1031.0,-7.0,9.055385138137417,4.406719247264253
1029.0,-2.0,8.94427190999916,4.382026634673881
1024.0,-5.0,8.660254037844387,4.31748811353631
1022.0,-2.0,8.54400374531753,4.290459441148391
1020.0,-2.0,8.426149773176359,4.2626798770413155
1016.0,-4.0,8.18535277187245,4.204692619390966
1012.0,-4.0,7.937253933193772,4.143134726391533
1009.0,-3.0,7.745966692414834,4.0943445622221
1006.0,-3.0,7.54983443527075,4.04305126783455
1006.0,0.0,7.54983443527075,4.04305126783455
1005.0,-1.0,7.483314773547883,4.02535169073515
1004.0,-1.0,7.416198487095663,4.007333185232471
1003.0,-1.0,7.3484692283495345,3.9889840465642745
1004.0,1.0,7.416198487095663,4.007333185232471
1004.0,0.0,7.416198487095663,4.007333185232471
1004.0,0.0,7.416198487095663,4.007333185232471
1004.0,0.0,7.416198487095663,4.007333185232471
1001.0,-3.0,7.211102550927978,3.9512437185814275
1000.0,-1.0,7.14142842854285,3.9318256327243257
998.0,-2.0,7.0,3.8918202981106265
998.0,0.0,7.0,3.8918202981106265
999.0,1.0,7.0710678118654755,3.912023005428146
1001.0,2.0,7.211102550927978,3.9512437185814275
1003.0,2.0,7.3484692283495345,3.9889840465642745
1002.0,-1.0,7.280109889280518,3.970291913552122
1002.0,0.0,7.280109889280518,3.970291913552122
998.0,-4.0,7.0,3.8918202981106265
995.0,-3.0,6.782329983125268,3.828641396489095
998.0,3.0,7.0,3.8918202981106265
1004.0,6.0,7.416198487095663,4.007333185232471
1016.0,12.0,8.18535277187245,4.204692619390966
1035.0,19.0,9.273618495495704,4.454347296253507
1060.0,25.0,10.535653752852738,4.709530201312334
1096.0,36.0,12.12435565298214,4.990432586778736
1139.0,43.0,13.784048752090222,5.247024072160486
1191.0,52.0,15.556349186104045,5.488937726156687
1247.0,56.0,17.26267650163207,5.697093486505405
1299.0,52.0,18.708286933869708,5.857933154483459
1341.0,42.0,19.79898987322333,5.971261839790462
1362.0,21.0,20.322401432901575,6.023447592961033
1360.0,-2.0,20.273134932713294,6.018593214496234
1329.0,-31.0,19.493588689617926,5.940171252720432
1275.0,-54.0,18.05547008526779,5.786897381366708
1214.0,-61.0,16.278820596099706,5.579729825986222
1150.0,-64.0,14.177446878757825,5.303304908059076
1088.0,-62.0,11.789826122551595,4.9344739331306915
1041.0,-47.0,9.591663046625438,4.5217885770490405
1012.0,-29.0,7.937253933193772,4.143134726391533
997.0,-15.0,6.928203230275509,3.871201010907891
993.0,-4.0,6.6332495807108,3.784189633918261
995.0,2.0,6.782329983125268,3.828641396489095
1002.0,7.0,7.280109889280518,3.970291913552122
1007.0,5.0,7.615773105863909,4.060443010546419
1011.0,4.0,7.874007874011811,4.127134385045092
1007.0,-4.0,7.615773105863909,4.060443010546419
999.0,-8.0,7.0710678118654755,3.912023005428146
991.0,-8.0,6.48074069840786,3.7376696182833684
989.0,-2.0,6.324555320336759,3.6888794541139363
985.0,-4.0,6.0,3.58351893845611
983.0,-2.0,5.830951894845301,3.5263605246161616
985.0,2.0,6.0,3.58351893845611
987.0,2.0,6.164414002968976,3.6375861597263857
988.0,1.0,6.244997998398398,3.6635616461296463
985.0,-3.0,6.0,3.58351893845611
988.0,3.0,6.244997998398398,3.6635616461296463
989.0,1.0,6.324555320336759,3.6888794541139363
987.0,-2.0,6.164414002968976,3.6375861597263857
985.0,-2.0,6.0,3.58351893845611
984.0,-1.0,5.916079783099616,3.5553480614894135
983.0,-1.0,5.830951894845301,3.5263605246161616
983.0,0.0,5.830951894845301,3.5263605246161616
984.0,1.0,5.916079783099616,3.5553480614894135
985.0,1.0,6.0,3.58351893845611
988.0,3.0,6.244997998398398,3.6635616461296463
986.0,-2.0,6.082762530298219,3.6109179126442243
987.0,1.0,6.164414002968976,3.6375861597263857
988.0,1.0,6.244997998398398,3.6635616461296463
988.0,0.0,6.244997998398398,3.6635616461296463
988.0,0.0,6.244997998398398,3.6635616461296463
988.0,0.0,6.244997998398398,3.6635616461296463
987.0,-1.0,6.164414002968976,3.6375861597263857
987.0,0.0,6.164414002968976,3.6375861597263857
986.0,-1.0,6.082762530298219,3.6109179126442243
984.0,-2.0,5.916079783099616,3.5553480614894135
988.0,4.0,6.244997998398398,3.6635616461296463
988.0,0.0,6.244997998398398,3.6635616461296463
988.0,0.0,6.244997998398398,3.6635616461296463
989.0,1.0,6.324555320336759,3.6888794541139363
990.0,1.0,6.4031242374328485,3.713572066704308
988.0,-2.0,6.244997998398398,3.6635616461296463
989.0,1.0,6.324555320336759,3.6888794541139363
990.0,1.0,6.4031242374328485,3.713572066704308
990.0,0.0,6.4031242374328485,3.713572066704308
990.0,0.0,6.4031242374328485,3.713572066704308
989.0,-1.0,6.324555320336759,3.6888794541139363
990.0,1.0,6.4031242374328485,3.713572066704308
995.0,5.0,6.782329983125268,3.828641396489095
995.0,0.0,6.782329983125268,3.828641396489095
994.0,-1.0,6.708203932499369,3.8066624897703196
994.0,0.0,6.708203932499369,3.8066624897703196
995.0,1.0,6.782329983125268,3.828641396489095
996.0,1.0,6.855654600401044,3.8501476017100584
997.0,1.0,6.928203230275509,3.871201010907891
997.0,0.0,6.928203230275509,3.871201010907891
999.0,2.0,7.0710678118654755,3.912023005428146
996.0,-3.0,6.855654600401044,3.8501476017100584
1000.0,4.0,7.14142842854285,3.9318256327243257
1001.0,1.0,7.211102550927978,3.9512437185814275
1002.0,1.0,7.280109889280518,3.970291913552122
1006.0,4.0,7.54983443527075,4.04305126783455
1007.0,1.0,7.615773105863909,4.060443010546419
1005.0,-2.0,7.483314773547883,4.02535169073515
1005.0,0.0,7.483314773547883,4.02535169073515
1004.0,-1.0,7.416198487095663,4.007333185232471
1006.0,2.0,7.54983443527075,4.04305126783455
1002.0,-4.0,7.280109889280518,3.970291913552122
1006.0,4.0,7.54983443527075,4.04305126783455
1007.0,1.0,7.615773105863909,4.060443010546419
1008.0,1.0,7.681145747868608,4.07753744390572
1010.0,2.0,7.810249675906654,4.110873864173311
1009.0,-1.0,7.745966692414834,4.0943445622221
1014.0,5.0,8.06225774829855,4.174387269895637
1013.0,-1.0,8.0,4.1588830833596715
1015.0,2.0,8.12403840463596,4.189654742026425
1014.0,-1.0,8.06225774829855,4.174387269895637
1010.0,-4.0,7.810249675906654,4.110873864173311
1009.0,-1.0,7.745966692414834,4.0943445622221
1010.0,1.0,7.810249675906654,4.110873864173311
1008.0,-2.0,7.681145747868608,4.07753744390572
1011.0,3.0,7.874007874011811,4.127134385045092
1010.0,-1.0,7.810249675906654,4.110873864173311
1011.0,1.0,7.874007874011811,4.127134385045092
1015.0,4.0,8.12403840463596,4.189654742026425
1017.0,2.0,8.246211251235321,4.219507705176107
1016.0,-1.0,8.18535277187245,4.204692619390966
1019.0,3.0,8.366600265340756,4.248495242049359
1019.0,0.0,8.366600265340756,4.248495242049359
1020.0,1.0,8.426149773176359,4.2626798770413155
1019.0,-1.0,8.366600265340756,4.248495242049359
1016.0,-3.0,8.18535277187245,4.204692619390966
1015.0,-1.0,8.12403840463596,4.189654742026425
1017.0,2.0,8.246211251235321,4.219507705176107
1018.0,1.0,8.306623862918075,4.23410650459726
1023.0,5.0,8.602325267042627,4.30406509320417
1022.0,-1.0,8.54400374531753,4.290459441148391
1026.0,4.0,8.774964387392123,4.343805421853684
1026.0,0.0,8.774964387392123,4.343805421853684
1027.0,1.0,8.831760866327848,4.356708826689592
1028.0,1.0,8.888194417315589,4.3694478524670215
1024.0,-4.0,8.660254037844387,4.31748811353631
1022.0,-2.0,8.54400374531753,4.290459441148391
1022.0,0.0,8.54400374531753,4.290459441148391
1020.0,-2.0,8.426149773176359,4.2626798770413155
1019.0,-1.0,8.366600265340756,4.248495242049359
1018.0,-1.0,8.306623862918075,4.23410650459726
1017.0,-1.0,8.246211251235321,4.219507705176107
1018.0,1.0,8.306623862918075,4.23410650459726
1022.0,4.0,8.54400374531753,4.290459441148391
1024.0,2.0,8.660254037844387,4.31748811353631
1022.0,-2.0,8.54400374531753,4.290459441148391
1022.0,0.0,8.54400374531753,4.290459441148391
1020.0,-2.0,8.426149773176359,4.2626798770413155
1018.0,-2.0,8.306623862918075,4.23410650459726
1018.0,0.0,8.306623862918075,4.23410650459726
1016.0,-2.0,8.18535277187245,4.204692619390966
1015.0,-1.0,8.12403840463596,4.189654742026425
1017.0,2.0,8.246211251235321,4.219507705176107
1016.0,-1.0,8.18535277187245,4.204692619390966
1017.0,1.0,8.246211251235321,4.219507705176107
1018.0,1.0,8.306623862918075,4.23410650459726
1021.0,3.0,8.48528137423857,4.276666119016055
1022.0,1.0,8.54400374531753,4.290459441148391
1022.0,0.0,8.54400374531753,4.290459441148391
1021.0,-1.0,8.48528137423857,4.276666119016055
1022.0,1.0,8.54400374531753,4.290459441148391
1019.0,-3.0,8.366600265340756,4.248495242049359
1017.0,-2.0,8.246211251235321,4.219507705176107
1016.0,-1.0,8.18535277187245,4.204692619390966
1015.0,-1.0,8.12403840463596,4.189654742026425
1016.0,1.0,8.18535277187245,4.204692619390966
1016.0,0.0,8.18535277187245,4.204692619390966
1018.0,2.0,8.306623862918075,4.23410650459726
1021.0,3.0,8.48528137423857,4.276666119016055
1021.0,0.0,8.48528137423857,4.276666119016055
1019.0,-2.0,8.366600265340756,4.248495242049359
1022.0,3.0,8.54400374531753,4.290459441148391
1020.0,-2.0,8.426149773176359,4.2626798770413155
1018.0,-2.0,8.306623862918075,4.23410650459726
1020.0,2.0,8.426149773176359,4.2626798770413155
1019.0,-1.0,8.366600265340756,4.248495242049359
1019.0,0.0,8.366600265340756,4.248495242049359
1017.0,-2.0,8.246211251235321,4.219507705176107
1017.0,0.0,8.246211251235321,4.219507705176107
1017.0,0.0,8.246211251235321,4.219507705176107
1022.0,5.0,8.54400374531753,4.290459441148391
1022.0,0.0,8.54400374531753,4.290459441148391
1022.0,0.0,8.54400374531753,4.290459441148391
1019.0,-3.0,8.366600265340756,4.248495242049359
1018.0,-1.0,8.306623862918075,4.23410650459726
1019.0,1.0,8.366600265340756,4.248495242049359
1018.0,-1.0,8.306623862918075,4.23410650459726
1015.0,-3.0,8.12403840463596,4.189654742026425
1019.0,4.0,8.366600265340756,4.248495242049359
1018.0,-1.0,8.306623862918075,4.23410650459726
1018.0,0.0,8.306623862918075,4.23410650459726
1020.0,2.0,8.426149773176359,4.2626798770413155
1018.0,-2.0,8.306623862918075,4.23410650459726
1017.0,-1.0,8.246211251235321,4.219507705176107
1015.0,-2.0,8.12403840463596,4.189654742026425
1015.0,0.0,8.12403840463596,4.189654742026425
1014.0,-1.0,8.06225774829855,4.174387269895637
1011.0,-3.0,7.874007874011811,4.127134385045092
1014.0,3.0,8.06225774829855,4.174387269895637
1013.0,-1.0,8.0,4.1588830833596715
1019.0,6.0,8.366600265340756,4.248495242049359
1018.0,-1.0,8.306623862918075,4.23410650459726
1021.0,3.0,8.48528137423857,4.276666119016055
1025.0,4.0,8.717797887081348,4.330733340286331
1025.0,0.0,8.717797887081348,4.330733340286331
1026.0,1.0,8.774964387392123,4.343805421853684
1027.0,1.0,8.831760866327848,4.356708826689592
1027.0,0.0,8.831760866327848,4.356708826689592
1028.0,1.0,8.888194417315589,4.3694478524670215
1030.0,2.0,9.0,4.394449154672439
1032.0,2.0,9.1104335791443,4.418840607796598
1036.0,4.0,9.327379053088816,4.465908118654584
1039.0,3.0,9.486832980505138,4.499809670330265
1046.0,7.0,9.848857801796104,4.574710978503383
1053.0,7.0,10.198039027185569,4.6443908991413725
1053.0,0.0,10.198039027185569,4.6443908991413725
1054.0,1.0,10.246950765959598,4.653960350157523
1053.0,-1.0,10.198039027185569,4.6443908991413725
1048.0,-5.0,9.9498743710662,4.59511985013459
1045.0,-3.0,9.797958971132712,4.564348191467836
1044.0,-1.0,9.746794344808963,4.553876891600541
1043.0,-1.0,9.695359714832659,4.543294782270004
1043.0,0.0,9.695359714832659,4.543294782270004
1043.0,0.0,9.695359714832659,4.543294782270004
1039.0,-4.0,9.486832980505138,4.499809670330265
1041.0,2.0,9.591663046625438,4.5217885770490405
1039.0,-2.0,9.486832980505138,4.499809670330265
1034.0,-5.0,9.219544457292887,4.442651256490317
1027.0,-7.0,8.831760866327848,4.356708826689592
1024.0,-3.0,8.660254037844387,4.31748811353631
1019.0,-5.0,8.366600265340756,4.248495242049359
1014.0,-5.0,8.06225774829855,4.174387269895637
1012.0,-2.0,7.937253933193772,4.143134726391533
1010.0,-2.0,7.810249675906654,4.110873864173311
1005.0,-5.0,7.483314773547883,4.02535169073515
1004.0,-1.0,7.416198487095663,4.007333185232471
1003.0,-1.0,7.3484692283495345,3.9889840465642745
1004.0,1.0,7.416198487095663,4.007333185232471
1006.0,2.0,7.54983443527075,4.04305126783455
1007.0,1.0,7.615773105863909,4.060443010546419
1006.0,-1.0,7.54983443527075,4.04305126783455
1005.0,-1.0,7.483314773547883,4.02535169073515
1003.0,-2.0,7.3484692283495345,3.9889840465642745
1000.0,-3.0,7.14142842854285,3.9318256327243257
1001.0,1.0,7.211102550927978,3.9512437185814275
999.0,-2.0,7.0710678118654755,3.912023005428146
998.0,-1.0,7.0,3.8918202981106265
996.0,-2.0,6.855654600401044,3.8501476017100584
997.0,1.0,6.928203230275509,3.871201010907891
999.0,2.0,7.0710678118654755,3.912023005428146
999.0,0.0,7.0710678118654755,3.912023005428146
999.0,0.0,7.0710678118654755,3.912023005428146
996.0,-3.0,6.855654600401044,3.8501476017100584
995.0,-1.0,6.782329983125268,3.828641396489095
992.0,-3.0,6.557438524302,3.7612001156935624
990.0,-2.0,6.4031242374328485,3.713572066704308
1000.0,10.0,7.14142842854285,3.9318256327243257
1012.0,12.0,7.937253933193772,4.143134726391533
1030.0,18.0,9.0,4.394449154672439
1053.0,23.0,10.198039027185569,4.6443908991413725
1086.0,33.0,11.704699910719626,4.919980925828125
1128.0,42.0,13.379088160259652,5.187385805840755
1179.0,51.0,15.165750888103101,5.438079308923196
1234.0,55.0,16.881943016134134,5.652489180268651
1287.0,53.0,18.384776310850235,5.823045895483019
1329.0,42.0,19.493588689617926,5.940171252720432
1353.0,24.0,20.09975124224178,6.0014148779611505
1354.0,1.0,20.12461179749811,6.003887067106539
1325.0,-29.0,19.390719429665317,5.929589143389895
1276.0,-49.0,18.083141320025124,5.7899601708972535
1215.0,-61.0,16.30950643030009,5.583496308781699
1150.0,-65.0,14.177446878757825,5.303304908059076
1091.0,-59.0,11.916375287812984,4.955827057601261
1044.0,-47.0,9.746794344808963,4.553876891600541
1013.0,-31.0,8.0,4.1588830833596715
996.0,-17.0,6.855654600401044,3.8501476017100584
991.0,-5.0,6.48074069840786,3.7376696182833684
994.0,3.0,6.708203932499369,3.8066624897703196
1000.0,6.0,7.14142842854285,3.9318256327243257
1006.0,6.0,7.54983443527075,4.04305126783455
1007.0,1.0,7.615773105863909,4.060443010546419
1006.0,-1.0,7.54983443527075,4.04305126783455
1002.0,-4.0,7.280109889280518,3.970291913552122
993.0,-9.0,6.6332495807108,3.784189633918261
991.0,-2.0,6.48074069840786,3.7376696182833684
987.0,-4.0,6.164414002968976,3.6375861597263857
985.0,-2.0,6.0,3.58351893845611
984.0,-1.0,5.916079783099616,3.5553480614894135
985.0,1.0,6.0,3.58351893845611
986.0,1.0,6.082762530298219,3.6109179126442243
987.0,1.0,6.164414002968976,3.6375861597263857
985.0,-2.0,6.0,3.58351893845611
984.0,-1.0,5.916079783099616,3.5553480614894135
984.0,0.0,5.916079783099616,3.5553480614894135
984.0,0.0,5.916079783099616,3.5553480614894135
985.0,1.0,6.0,3.58351893845611
987.0,2.0,6.164414002968976,3.6375861597263857
987.0,0.0,6.164414002968976,3.6375861597263857
987.0,0.0,6.164414002968976,3.6375861597263857
986.0,-1.0,6.082762530298219,3.6109179126442243
988.0,2.0,6.244997998398398,3.6635616461296463
989.0,1.0,6.324555320336759,3.6888794541139363
986.0,-3.0,6.082762530298219,3.6109179126442243
983.0,-3.0,5.830951894845301,3.5263605246161616
983.0,0.0,5.830951894845301,3.5263605246161616
984.0,1.0,5.916079783099616,3.5553480614894135
986.0,2.0,6.082762530298219,3.6109179126442243
987.0,1.0,6.164414002968976,3.6375861597263857
988.0,1.0,6.244997998398398,3.6635616461296463
991.0,3.0,6.48074069840786,3.7376696182833684
993.0,2.0,6.6332495807108,3.784189633918261
993.0,0.0,6.6332495807108,3.784189633918261
993.0,0.0,6.6332495807108,3.784189633918261
995.0,2.0,6.782329983125268,3.828641396489095
991.0,-4.0,6.48074069840786,3.7376696182833684
991.0,0.0,6.48074069840786,3.7376696182833684
990.0,-1.0,6.4031242374328485,3.713572066704308
988.0,-2.0,6.244997998398398,3.6635616461296463
989.0,1.0,6.324555320336759,3.6888794541139363
990.0,1.0,6.4031242374328485,3.713572066704308
991.0,1.0,6.48074069840786,3.7376696182833684
991.0,0.0,6.48074069840786,3.7376696182833684
994.0,3.0,6.708203932499369,3.8066624897703196
995.0,1.0,6.782329983125268,3.828641396489095
996.0,1.0,6.855654600401044,3.8501476017100584
999.0,3.0,7.0710678118654755,3.912023005428146
997.0,-2.0,6.928203230275509,3.871201010907891
998.0,1.0,7.0,3.8918202981106265
995.0,-3.0,6.782329983125268,3.828641396489095
994.0,-1.0,6.708203932499369,3.8066624897703196
995.0,1.0,6.782329983125268,3.828641396489095
992.0,-3.0,6.557438524302,3.7612001156935624
993.0,1.0,6.6332495807108,3.784189633918261
996.0,3.0,6.855654600401044,3.8501476017100584
998.0,2.0,7.0,3.8918202981106265
1002.0,4.0,7.280109889280518,3.970291913552122
1003.0,1.0,7.3484692283495345,3.9889840465642745
1003.0,0.0,7.3484692283495345,3.9889840465642745
1004.0,1.0,7.416198487095663,4.007333185232471
1006.0,2.0,7.54983443527075,4.04305126783455
1005.0,-1.0,7.483314773547883,4.02535169073515
1004.0,-1.0,7.416198487095663,4.007333185232471
1002.0,-2.0,7.280109889280518,3.970291913552122
1002.0,0.0,7.280109889280518,3.970291913552122
1002.0,0.0,7.280109889280518,3.970291913552122
1006.0,4.0,7.54983443527075,4.04305126783455
1009.0,3.0,7.745966692414834,4.0943445622221
1010.0,1.0,7.810249675906654,4.110873864173311
1009.0,-1.0,7.745966692414834,4.0943445622221
1010.0,1.0,7.810249675906654,4.110873864173311
1010.0,0.0,7.810249675906654,4.110873864173311
1011.0,1.0,7.874007874011811,4.127134385045092
1010.0,-1.0,7.810249675906654,4.110873864173311
1010.0,0.0,7.810249675906654,4.110873864173311
1011.0,1.0,7.874007874011811,4.127134385045092
1010.0,-1.0,7.810249675906654,4.110873864173311
1011.0,1.0,7.874007874011811,4.127134385045092
1011.0,0.0,7.874007874011811,4.127134385045092
1012.0,1.0,7.937253933193772,4.143134726391533
1015.0,3.0,8.12403840463596,4.189654742026425
1013.0,-2.0,8.0,4.1588830833596715
1012.0,-1.0,7.937253933193772,4.143134726391533
1011.0,-1.0,7.874007874011811,4.127134385045092
1011.0,0.0,7.874007874011811,4.127134385045092
1010.0,-1.0,7.810249675906654,4.110873864173311
1013.0,3.0,8.0,4.1588830833596715
1018.0,5.0,8.306623862918075,4.23410650459726
1021.0,3.0,8.48528137423857,4.276666119016055
1023.0,2.0,8.602325267042627,4.30406509320417
1025.0,2.0,8.717797887081348,4.330733340286331
1026.0,1.0,8.774964387392123,4.343805421853684
1028.0,2.0,8.888194417315589,4.3694478524670215
1026.0,-2.0,8.774964387392123,4.343805421853684
1027.0,1.0,8.831760866327848,4.356708826689592
1026.0,-1.0,8.774964387392123,4.343805421853684
1022.0,-4.0,8.54400374531753,4.290459441148391
1020.0,-2.0,8.426149773176359,4.2626798770413155
1017.0,-3.0,8.246211251235321,4.219507705176107
1023.0,6.0,8.602325267042627,4.30406509320417
1023.0,0.0,8.602325267042627,4.30406509320417
1024.0,1.0,8.660254037844387,4.31748811353631
1025.0,1.0,8.717797887081348,4.330733340286331
1026.0,1.0,8.774964387392123,4.343805421853684
1026.0,0.0,8.774964387392123,4.343805421853684
1024.0,-2.0,8.660254037844387,4.31748811353631
1024.0,0.0,8.660254037844387,4.31748811353631
1021.0,-3.0,8.48528137423857,4.276666119016055
1019.0,-2.0,8.366600265340756,4.248495242049359
1019.0,0.0,8.366600265340756,4.248495242049359
1018.0,-1.0,8.306623862918075,4.23410650459726
1018.0,0.0,8.306623862918075,4.23410650459726
1018.0,0.0,8.306623862918075,4.23410650459726
1019.0,1.0,8.366600265340756,4.248495242049359
1019.0,0.0,8.366600265340756,4.248495242049359
1022.0,3.0,8.54400374531753,4.290459441148391
1025.0,3.0,8.717797887081348,4.330733340286331
1023.0,-2.0,8.602325267042627,4.30406509320417
1024.0,1.0,8.660254037844387,4.31748811353631
1020.0,-4.0,8.426149773176359,4.2626798770413155
1018.0,-2.0,8.306623862918075,4.23410650459726
1015.0,-3.0,8.12403840463596,4.189654742026425
1015.0,0.0,8.12403840463596,4.189654742026425
1013.0,-2.0,8.0,4.1588830833596715
1016.0,3.0,8.18535277187245,4.204692619390966
1016.0,0.0,8.18535277187245,4.204692619390966
1019.0,3.0,8.366600265340756,4.248495242049359
1020.0,1.0,8.426149773176359,4.2626798770413155
1022.0,2.0,8.54400374531753,4.290459441148391
1024.0,2.0,8.660254037844387,4.31748811353631
1026.0,2.0,8.774964387392123,4.343805421853684
1023.0,-3.0,8.602325267042627,4.30406509320417
1021.0,-2.0,8.48528137423857,4.276666119016055
1019.0,-2.0,8.366600265340756,4.248495242049359
1020.0,1.0,8.426149773176359,4.2626798770413155
1019.0,-1.0,8.366600265340756,4.248495242049359
1018.0,-1.0,8.306623862918075,4.23410650459726
1019.0,1.0,8.366600265340756,4.248495242049359
1020.0,1.0,8.426149773176359,4.2626798770413155
1021.0,1.0,8.48528137423857,4.276666119016055
1024.0,3.0,8.660254037844387,4.31748811353631
1024.0,0.0,8.660254037844387,4.31748811353631
1024.0,0.0,8.660254037844387,4.31748811353631
1023.0,-1.0,8.602325267042627,4.30406509320417
1024.0,1.0,8.660254037844387,4.31748811353631
1021.0,-3.0,8.48528137423857,4.276666119016055
1021.0,0.0,8.48528137423857,4.276666119016055
1019.0,-2.0,8.366600265340756,4.248495242049359
1020.0,1.0,8.426149773176359,4.2626798770413155
1017.0,-3.0,8.246211251235321,4.219507705176107
1018.0,1.0,8.306623862918075,4.23410650459726
1020.0,2.0,8.426149773176359,4.2626798770413155
1021.0,1.0,8.48528137423857,4.276666119016055
1023.0,2.0,8.602325267042627,4.30406509320417
1024.0,1.0,8.660254037844387,4.31748811353631
1022.0,-2.0,8.54400374531753,4.290459441148391
1021.0,-1.0,8.48528137423857,4.276666119016055
1020.0,-1.0,8.426149773176359,4.2626798770413155
1020.0,0.0,8.426149773176359,4.2626798770413155
1020.0,0.0,8.426149773176359,4.2626798770413155
1018.0,-2.0,8.306623862918075,4.23410650459726
1018.0,0.0,8.306623862918075,4.23410650459726
1019.0,1.0,8.366600265340756,4.248495242049359
1020.0,1.0,8.426149773176359,4.2626798770413155
1021.0,1.0,8.48528137423857,4.276666119016055
1020.0,-1.0,8.426149773176359,4.2626798770413155
1020.0,0.0,8.426149773176359,4.2626798770413155
1021.0,1.0,8.48528137423857,4.276666119016055
1022.0,1.0,8.54400374531753,4.290459441148391
1020.0,-2.0,8.426149773176359,4.2626798770413155
1020.0,0.0,8.426149773176359,4.2626798770413155
1024.0,4.0,8.660254037844387,4.31748811353631
1025.0,1.0,8.717797887081348,4.330733340286331
1026.0,1.0,8.774964387392123,4.343805421853684
1029.0,3.0,8.94427190999916,4.382026634673881
1030.0,1.0,9.0,4.394449154672439
1032.0,2.0,9.1104335791443,4.418840607796598
1037.0,5.0,9.38083151964686,4.477336814478207
1039.0,2.0,9.486832980505138,4.499809670330265
1039.0,0.0,9.486832980505138,4.499809670330265
1042.0,3.0,9.643650760992955,4.532599493153256
1045.0,3.0,9.797958971132712,4.564348191467836
1046.0,1.0,9.848857801796104,4.574710978503383
1053.0,7.0,10.198039027185569,4.6443908991413725
1056.0,3.0,10.344080432788601,4.672828834461906
1055.0,-1.0,10.295630140987,4.663439094112067
1056.0,1.0,10.344080432788601,4.672828834461906
1054.0,-2.0,10.246950765959598,4.653960350157523
1052.0,-2.0,10.14889156509222,4.634728988229636
1050.0,-2.0,10.04987562112089,4.61512051684126
1051.0,1.0,10.099504938362077,4.624972813284271
1048.0,-3.0,9.9498743710662,4.59511985013459
1043.0,-5.0,9.695359714832659,4.543294782270004
1039.0,-4.0,9.486832980505138,4.499809670330265
1035.0,-4.0,9.273618495495704,4.454347296253507
1032.0,-3.0,9.1104335791443,4.418840607796598
1027.0,-5.0,8.831760866327848,4.356708826689592
1027.0,0.0,8.831760866327848,4.356708826689592
1024.0,-3.0,8.660254037844387,4.31748811353631
1021.0,-3.0,8.48528137423857,4.276666119016055
1020.0,-1.0,8.426149773176359,4.2626798770413155
1015.0,-5.0,8.12403840463596,4.189654742026425
1013.0,-2.0,8.0,4.1588830833596715
1009.0,-4.0,7.745966692414834,4.0943445622221
1004.0,-5.0,7.416198487095663,4.007333185232471
1001.0,-3.0,7.211102550927978,3.9512437185814275
1000.0,-1.0,7.14142842854285,3.9318256327243257
1001.0,1.0,7.211102550927978,3.9512437185814275
1002.0,1.0,7.280109889280518,3.970291913552122
1006.0,4.0,7.54983443527075,4.04305126783455
1003.0,-3.0,7.3484692283495345,3.9889840465642745
1005.0,2.0,7.483314773547883,4.02535169073515
1005.0,0.0,7.483314773547883,4.02535169073515
1003.0,-2.0,7.3484692283495345,3.9889840465642745
1003.0,0.0,7.3484692283495345,3.9889840465642745
1002.0,-1.0,7.280109889280518,3.970291913552122
999.0,-3.0,7.0710678118654755,3.912023005428146
999.0,0.0,7.0710678118654755,3.912023005428146
993.0,-6.0,6.6332495807108,3.784189633918261
992.0,-1.0,6.557438524302,3.7612001156935624
990.0,-2.0,6.4031242374328485,3.713572066704308
993.0,3.0,6.6332495807108,3.784189633918261
997.0,4.0,6.928203230275509,3.871201010907891
1008.0,11.0,7.681145747868608,4.07753744390572
1027.0,19.0,8.831760866327848,4.356708826689592
1055.0,28.0,10.295630140987,4.663439094112067
1093.0,38.0,12.0,4.969813299576001
1141.0,48.0,13.856406460551018,5.2574953720277815
1194.0,53.0,15.652475842498529,5.501258210544727
1245.0,51.0,17.204650534085253,5.69035945432406
1295.0,50.0,18.601075237738275,5.846438775057725
1334.0,39.0,19.621416870348583,5.953243334287785
1348.0,14.0,19.974984355438178,5.988961416889864
1334.0,-14.0,19.621416870348583,5.953243334287785
1290.0,-44.0,18.466185312619388,5.831882477283517
1225.0,-65.0,16.61324772583615,5.62040086571715
1152.0,-73.0,14.247806848775006,5.313205979041787
1085.0,-67.0,11.661903789690601,4.912654885736052
1030.0,-55.0,9.0,4.394449154672439
997.0,-33.0,6.928203230275509,3.871201010907891
981.0,-16.0,5.656854249492381,3.4657359027997265
981.0,0.0,5.656854249492381,3.4657359027997265
985.0,4.0,6.0,3.58351893845611
992.0,7.0,6.557438524302,3.7612001156935624
1000.0,8.0,7.14142842854285,3.9318256327243257
1003.0,3.0,7.3484692283495345,3.9889840465642745
1002.0,-1.0,7.280109889280518,3.970291913552122
997.0,-5.0,6.928203230275509,3.871201010907891
997.0,0.0,6.928203230275509,3.871201010907891
991.0,-6.0,6.48074069840786,3.7376696182833684
989.0,-2.0,6.324555320336759,3.6888794541139363
987.0,-2.0,6.164414002968976,3.6375861597263857
984.0,-3.0,5.916079783099616,3.5553480614894135
982.0,-2.0,5.744562646538029,3.4965075614664802
978.0,-4.0,5.385164807134504,3.367295829986474
979.0,1.0,5.477225575051661,3.4011973816621555
979.0,0.0,5.477225575051661,3.4011973816621555
981.0,2.0,5.656854249492381,3.4657359027997265
983.0,2.0,5.830951894845301,3.5263605246161616
985.0,2.0,6.0,3.58351893845611
988.0,3.0,6.244997998398398,3.6635616461296463
988.0,0.0,6.244997998398398,3.6635616461296463
987.0,-1.0,6.164414002968976,3.6375861597263857
986.0,-1.0,6.082762530298219,3.6109179126442243
984.0,-2.0,5.916079783099616,3.5553480614894135
984.0,0.0,5.916079783099616,3.5553480614894135
982.0,-2.0,5.744562646538029,3.4965075614664802
982.0,0.0,5.744562646538029,3.4965075614664802
980.0,-2.0,5.5677643628300215,3.4339872044851463
982.0,2.0,5.744562646538029,3.4965075614664802
982.0,0.0,5.744562646538029,3.4965075614664802
987.0,5.0,6.164414002968976,3.6375861597263857
990.0,3.0,6.4031242374328485,3.713572066704308
990.0,0.0,6.4031242374328485,3.713572066704308
989.0,-1.0,6.324555320336759,3.6888794541139363
986.0,-3.0,6.082762530298219,3.6109179126442243
987.0,1.0,6.164414002968976,3.6375861597263857
984.0,-3.0,5.916079783099616,3.5553480614894135
983.0,-1.0,5.830951894845301,3.5263605246161616
984.0,1.0,5.916079783099616,3.5553480614894135
986.0,2.0,6.082762530298219,3.6109179126442243
984.0,-2.0,5.916079783099616,3.5553480614894135
987.0,3.0,6.164414002968976,3.6375861597263857
989.0,2.0,6.324555320336759,3.6888794541139363
993.0,4.0,6.6332495807108,3.784189633918261
991.0,-2.0,6.48074069840786,3.7376696182833684
994.0,3.0,6.708203932499369,3.8066624897703196
994.0,0.0,6.708203932499369,3.8066624897703196
995.0,1.0,6.782329983125268,3.828641396489095
992.0,-3.0,6.557438524302,3.7612001156935624
993.0,1.0,6.6332495807108,3.784189633918261
989.0,-4.0,6.324555320336759,3.6888794541139363
988.0,-1.0,6.244997998398398,3.6635616461296463
991.0,3.0,6.48074069840786,3.7376696182833684
995.0,4.0,6.782329983125268,3.828641396489095
995.0,0.0,6.782329983125268,3.828641396489095
998.0,3.0,7.0,3.8918202981106265
1001.0,3.0,7.211102550927978,3.9512437185814275
1000.0,-1.0,7.14142842854285,3.9318256327243257
1002.0,2.0,7.280109889280518,3.970291913552122
1001.0,-1.0,7.211102550927978,3.9512437185814275
1000.0,-1.0,7.14142842854285,3.9318256327243257
1002.0,2.0,7.280109889280518,3.970291913552122
1000.0,-2.0,7.14142842854285,3.9318256327243257
1000.0,0.0,7.14142842854285,3.9318256327243257
1001.0,1.0,7.211102550927978,3.9512437185814275
1001.0,0.0,7.211102550927978,3.9512437185814275
1002.0,1.0,7.280109889280518,3.970291913552122
1003.0,1.0,7.3484692283495345,3.9889840465642745
1005.0,2.0,7.483314773547883,4.02535169073515
1004.0,-1.0,7.416198487095663,4.007333185232471
1007.0,3.0,7.615773105863909,4.060443010546419
1007.0,0.0,7.615773105863909,4.060443010546419
1007.0,0.0,7.615773105863909,4.060443010546419
1004.0,-3.0,7.416198487095663,4.007333185232471
1001.0,-3.0,7.211102550927978,3.9512437185814275
1001.0,0.0,7.211102550927978,3.9512437185814275
1002.0,1.0,7.280109889280518,3.970291913552122
1003.0,1.0,7.3484692283495345,3.9889840465642745
1005.0,2.0,7.483314773547883,4.02535169073515
1008.0,3.0,7.681145747868608,4.07753744390572
1007.0,-1.0,7.615773105863909,4.060443010546419
1008.0,1.0,7.681145747868608,4.07753744390572
1009.0,1.0,7.745966692414834,4.0943445622221
1010.0,1.0,7.810249675906654,4.110873864173311
1012.0,2.0,7.937253933193772,4.143134726391533
1012.0,0.0,7.937253933193772,4.143134726391533
1015.0,3.0,8.12403840463596,4.189654742026425
1016.0,1.0,8.18535277187245,4.204692619390966
1019.0,3.0,8.366600265340756,4.248495242049359
1020.0,1.0,8.426149773176359,4.2626798770413155
1018.0,-2.0,8.306623862918075,4.23410650459726
1019.0,1.0,8.366600265340756,4.248495242049359
1019.0,0.0,8.366600265340756,4.248495242049359
1019.0,0.0,8.366600265340756,4.248495242049359
1016.0,-3.0,8.18535277187245,4.204692619390966
1015.0,-1.0,8.12403840463596,4.189654742026425
1016.0,1.0,8.18535277187245,4.204692619390966
1015.0,-1.0,8.12403840463596,4.189654742026425
1015.0,0.0,8.12403840463596,4.189654742026425
1014.0,-1.0,8.06225774829855,4.174387269895637
1014.0,0.0,8.06225774829855,4.174387269895637
1013.0,-1.0,8.0,4.1588830833596715
1016.0,3.0,8.18535277187245,4.204692619390966
1016.0,0.0,8.18535277187245,4.204692619390966
1015.0,-1.0,8.12403840463596,4.189654742026425
1014.0,-1.0,8.06225774829855,4.174387269895637
1011.0,-3.0,7.874007874011811,4.127134385045092
1007.0,-4.0,7.615773105863909,4.060443010546419
1006.0,-1.0,7.54983443527075,4.04305126783455
1006.0,0.0,7.54983443527075,4.04305126783455
1006.0,0.0,7.54983443527075,4.04305126783455
1007.0,1.0,7.615773105863909,4.060443010546419
1008.0,1.0,7.681145747868608,4.07753744390572
1009.0,1.0,7.745966692414834,4.0943445622221
1011.0,2.0,7.874007874011811,4.127134385045092
1014.0,3.0,8.06225774829855,4.174387269895637
1016.0,2.0,8.18535277187245,4.204692619390966
1015.0,-1.0,8.12403840463596,4.189654742026425
1013.0,-2.0,8.0,4.1588830833596715
1012.0,-1.0,7.937253933193772,4.143134726391533
1007.0,-5.0,7.615773105863909,4.060443010546419
1008.0,1.0,7.681145747868608,4.07753744390572
1007.0,-1.0,7.615773105863909,4.060443010546419
1008.0,1.0,7.681145747868608,4.07753744390572
1006.0,-2.0,7.54983443527075,4.04305126783455
1011.0,5.0,7.874007874011811,4.127134385045092
1009.0,-2.0,7.745966692414834,4.0943445622221
1015.0,6.0,8.12403840463596,4.189654742026425
1017.0,2.0,8.246211251235321,4.219507705176107
1014.0,-3.0,8.06225774829855,4.174387269895637
1011.0,-3.0,7.874007874011811,4.127134385045092
1010.0,-1.0,7.810249675906654,4.110873864173311
1009.0,-1.0,7.745966692414834,4.0943445622221
1006.0,-3.0,7.54983443527075,4.04305126783455
1007.0,1.0,7.615773105863909,4.060443010546419
1005.0,-2.0,7.483314773547883,4.02535169073515
1007.0,2.0,7.615773105863909,4.060443010546419
1010.0,3.0,7.810249675906654,4.110873864173311
1011.0,1.0,7.874007874011811,4.127134385045092
1015.0,4.0,8.12403840463596,4.189654742026425
1014.0,-1.0,8.06225774829855,4.174387269895637
1015.0,1.0,8.12403840463596,4.189654742026425
1015.0,0.0,8.12403840463596,4.189654742026425
1011.0,-4.0,7.874007874011811,4.127134385045092
1009.0,-2.0,7.745966692414834,4.0943445622221
1010.0,1.0,7.810249675906654,4.110873864173311
1011.0,1.0,7.874007874011811,4.127134385045092
1009.0,-2.0,7.745966692414834,4.0943445622221
1009.0,0.0,7.745966692414834,4.0943445622221
1008.0,-1.0,7.681145747868608,4.07753744390572
1012.0,4.0,7.937253933193772,4.143134726391533
1012.0,0.0,7.937253933193772,4.143134726391533
1011.0,-1.0,7.874007874011811,4.127134385045092
1012.0,1.0,7.937253933193772,4.143134726391533
1010.0,-2.0,7.810249675906654,4.110873864173311
1011.0,1.0,7.874007874011811,4.127134385045092
1009.0,-2.0,7.745966692414834,4.0943445622221
1008.0,-1.0,7.681145747868608,4.07753744390572
1008.0,0.0,7.681145747868608,4.07753744390572
1007.0,-1.0,7.615773105863909,4.060443010546419
1008.0,1.0,7.681145747868608,4.07753744390572
1010.0,2.0,7.810249675906654,4.110873864173311
1010.0,0.0,7.810249675906654,4.110873864173311
1012.0,2.0,7.937253933193772,4.143134726391533
1016.0,4.0,8.18535277187245,4.204692619390966
1019.0,3.0,8.366600265340756,4.248495242049359
1020.0,1.0,8.426149773176359,4.2626798770413155
1020.0,0.0,8.426149773176359,4.2626798770413155
1024.0,4.0,8.660254037844387,4.31748811353631
1024.0,0.0,8.660254037844387,4.31748811353631
1026.0,2.0,8.774964387392123,4.343805421853684
1028.0,2.0,8.888194417315589,4.3694478524670215
1031.0,3.0,9.055385138137417,4.406719247264253
1033.0,2.0,9.16515138991168,4.430816798843313
1036.0,3.0,9.327379053088816,4.465908118654584
1040.0,4.0,9.539392014169456,4.51085950651685
1045.0,5.0,9.797958971132712,4.564348191467836
1047.0,2.0,9.899494936611665,4.584967478670572
1045.0,-2.0,9.797958971132712,4.564348191467836
1044.0,-1.0,9.746794344808963,4.553876891600541
1042.0,-2.0,9.643650760992955,4.532599493153256
1039.0,-3.0,9.486832980505138,4.499809670330265
1035.0,-4.0,9.273618495495704,4.454347296253507
1035.0,0.0,9.273618495495704,4.454347296253507
1034.0,-1.0,9.219544457292887,4.442651256490317
1034.0,0.0,9.219544457292887,4.442651256490317
1033.0,-1.0,9.16515138991168,4.430816798843313
1031.0,-2.0,9.055385138137417,4.406719247264253
1025.0,-6.0,8.717797887081348,4.330733340286331
1021.0,-4.0,8.48528137423857,4.276666119016055
1016.0,-5.0,8.18535277187245,4.204692619390966
1013.0,-3.0,8.0,4.1588830833596715
1010.0,-3.0,7.810249675906654,4.110873864173311
1006.0,-4.0,7.54983443527075,4.04305126783455
1004.0,-2.0,7.416198487095663,4.007333185232471
1002.0,-2.0,7.280109889280518,3.970291913552122
1001.0,-1.0,7.211102550927978,3.9512437185814275
1000.0,-1.0,7.14142842854285,3.9318256327243257
998.0,-2.0,7.0,3.8918202981106265
998.0,0.0,7.0,3.8918202981106265
998.0,0.0,7.0,3.8918202981106265
996.0,-2.0,6.855654600401044,3.8501476017100584
995.0,-1.0,6.782329983125268,3.828641396489095
993.0,-2.0,6.6332495807108,3.784189633918261
994.0,1.0,6.708203932499369,3.8066624897703196
993.0,-1.0,6.6332495807108,3.784189633918261
992.0,-1.0,6.557438524302,3.7612001156935624
992.0,0.0,6.557438524302,3.7612001156935624
991.0,-1.0,6.48074069840786,3.7376696182833684
991.0,0.0,6.48074069840786,3.7376696182833684
992.0,1.0,6.557438524302,3.7612001156935624
989.0,-3.0,6.324555320336759,3.6888794541139363
988.0,-1.0,6.244997998398398,3.6635616461296463
985.0,-3.0,6.0,3.58351893845611
982.0,-3.0,5.744562646538029,3.4965075614664802
981.0,-1.0,5.656854249492381,3.4657359027997265
984.0,3.0,5.916079783099616,3.5553480614894135
996.0,12.0,6.855654600401044,3.8501476017100584
1013.0,17.0,8.0,4.1588830833596715
1038.0,25.0,9.433981132056603,4.48863636973214
1074.0,36.0,11.180339887498949,4.8283137373023015
1119.0,45.0,13.038404810405298,5.135798437050262
1167.0,48.0,14.7648230602334,5.384495062789089
1217.0,50.0,16.3707055437449,5.5909869805108565
1262.0,45.0,17.69180601295413,5.746203190540153
1307.0,45.0,18.920887928424502,5.8805329864007
1329.0,22.0,19.493588689617926,5.940171252720432
1330.0,1.0,19.519221295943137,5.942799375126701
1302.0,-28.0,18.788294228055936,5.8664680569332965
1252.0,-50.0,17.406895185529212,5.713732805509369
1189.0,-63.0,15.491933384829668,5.480638923341991
1122.0,-67.0,13.152946437965905,5.153291594497779
1066.0,-56.0,10.816653826391969,4.762173934797756
1022.0,-44.0,8.54400374531753,4.290459441148391
994.0,-28.0,6.708203932499369,3.8066624897703196
979.0,-15.0,5.477225575051661,3.4011973816621555
975.0,-4.0,5.0990195135927845,3.258096538021482
981.0,6.0,5.656854249492381,3.4657359027997265
987.0,6.0,6.164414002968976,3.6375861597263857
993.0,6.0,6.6332495807108,3.784189633918261
994.0,1.0,6.708203932499369,3.8066624897703196
992.0,-2.0,6.557438524302,3.7612001156935624
986.0,-6.0,6.082762530298219,3.6109179126442243
984.0,-2.0,5.916079783099616,3.5553480614894135
982.0,-2.0,5.744562646538029,3.4965075614664802
983.0,1.0,5.830951894845301,3.5263605246161616
981.0,-2.0,5.656854249492381,3.4657359027997265
983.0,2.0,5.830951894845301,3.5263605246161616
980.0,-3.0,5.5677643628300215,3.4339872044851463
979.0,-1.0,5.477225575051661,3.4011973816621555
979.0,0.0,5.477225575051661,3.4011973816621555
979.0,0.0,5.477225575051661,3.4011973816621555
976.0,-3.0,5.196152422706632,3.295836866004329
974.0,-2.0,5.0,3.2188758248682006
972.0,-2.0,4.795831523312719,3.1354942159291497
976.0,4.0,5.196152422706632,3.295836866004329
979.0,3.0,5.477225575051661,3.4011973816621555
980.0,1.0,5.5677643628300215,3.4339872044851463
985.0,5.0,6.0,3.58351893845611
985.0,0.0,6.0,3.58351893845611
984.0,-1.0,5.916079783099616,3.5553480614894135
982.0,-2.0,5.744562646538029,3.4965075614664802
982.0,0.0,5.744562646538029,3.4965075614664802
980.0,-2.0,5.5677643628300215,3.4339872044851463
976.0,-4.0,5.196152422706632,3.295836866004329
974.0,-2.0,5.0,3.2188758248682006
975.0,1.0,5.0990195135927845,3.258096538021482
978.0,3.0,5.385164807134504,3.367295829986474
977.0,-1.0,5.291502622129181,3.332204510175204
977.0,0.0,5.291502622129181,3.332204510175204
980.0,3.0,5.5677643628300215,3.4339872044851463
984.0,4.0,5.916079783099616,3.5553480614894135
986.0,2.0,6.082762530298219,3.6109179126442243
986.0,0.0,6.082762530298219,3.6109179126442243
984.0,-2.0,5.916079783099616,3.5553480614894135
985.0,1.0,6.0,3.58351893845611
982.0,-3.0,5.744562646538029,3.4965075614664802
981.0,-1.0,5.656854249492381,3.4657359027997265
981.0,0.0,5.656854249492381,3.4657359027997265
980.0,-1.0,5.5677643628300215,3.4339872044851463
985.0,5.0,6.0,3.58351893845611
987.0,2.0,6.164414002968976,3.6375861597263857
990.0,3.0,6.4031242374328485,3.713572066704308
993.0,3.0,6.6332495807108,3.784189633918261
993.0,0.0,6.6332495807108,3.784189633918261
995.0,2.0,6.782329983125268,3.828641396489095
994.0,-1.0,6.708203932499369,3.8066624897703196
994.0,0.0,6.708203932499369,3.8066624897703196
992.0,-2.0,6.557438524302,3.7612001156935624
991.0,-1.0,6.48074069840786,3.7376696182833684
992.0,1.0,6.557438524302,3.7612001156935624
992.0,0.0,6.557438524302,3.7612001156935624
998.0,6.0,7.0,3.8918202981106265
999.0,1.0,7.0710678118654755,3.912023005428146
1000.0,1.0,7.14142842854285,3.9318256327243257
1002.0,2.0,7.280109889280518,3.970291913552122
1002.0,0.0,7.280109889280518,3.970291913552122
1004.0,2.0,7.416198487095663,4.007333185232471
1002.0,-2.0,7.280109889280518,3.970291913552122
999.0,-3.0,7.0710678118654755,3.912023005428146
999.0,0.0,7.0710678118654755,3.912023005428146
997.0,-2.0,6.928203230275509,3.871201010907891
1000.0,3.0,7.14142842854285,3.9318256327243257
1002.0,2.0,7.280109889280518,3.970291913552122
1002.0,0.0,7.280109889280518,3.970291913552122
1002.0,0.0,7.280109889280518,3.970291913552122
1003.0,1.0,7.3484692283495345,3.9889840465642745
1003.0,0.0,7.3484692283495345,3.9889840465642745
1004.0,1.0,7.416198487095663,4.007333185232471
1003.0,-1.0,7.3484692283495345,3.9889840465642745
1001.0,-2.0,7.211102550927978,3.9512437185814275
1001.0,0.0,7.211102550927978,3.9512437185814275
999.0,-2.0,7.0710678118654755,3.912023005428146
1002.0,3.0,7.280109889280518,3.970291913552122
1004.0,2.0,7.416198487095663,4.007333185232471
1006.0,2.0,7.54983443527075,4.04305126783455
1005.0,-1.0,7.483314773547883,4.02535169073515
1010.0,5.0,7.810249675906654,4.110873864173311
1011.0,1.0,7.874007874011811,4.127134385045092
1015.0,4.0,8.12403840463596,4.189654742026425
1019.0,4.0,8.366600265340756,4.248495242049359
1019.0,0.0,8.366600265340756,4.248495242049359
1021.0,2.0,8.48528137423857,4.276666119016055
1019.0,-2.0,8.366600265340756,4.248495242049359
1018.0,-1.0,8.306623862918075,4.23410650459726
1015.0,-3.0,8.12403840463596,4.189654742026425
1016.0,1.0,8.18535277187245,4.204692619390966
1016.0,0.0,8.18535277187245,4.204692619390966
1014.0,-2.0,8.06225774829855,4.174387269895637
1016.0,2.0,8.18535277187245,4.204692619390966
1017.0,1.0,8.246211251235321,4.219507705176107
1020.0,3.0,8.426149773176359,4.2626798770413155
1020.0,0.0,8.426149773176359,4.2626798770413155
1018.0,-2.0,8.306623862918075,4.23410650459726
1016.0,-2.0,8.18535277187245,4.204692619390966
1010.0,-6.0,7.810249675906654,4.110873864173311
1011.0,1.0,7.874007874011811,4.127134385045092
1009.0,-2.0,7.745966692414834,4.0943445622221
1010.0,1.0,7.810249675906654,4.110873864173311
1010.0,0.0,7.810249675906654,4.110873864173311
1009.0,-1.0,7.745966692414834,4.0943445622221
1008.0,-1.0,7.681145747868608,4.07753744390572
1010.0,2.0,7.810249675906654,4.110873864173311
1013.0,3.0,8.0,4.1588830833596715
1015.0,2.0,8.12403840463596,4.189654742026425
1016.0,1.0,8.18535277187245,4.204692619390966
1014.0,-2.0,8.06225774829855,4.174387269895637
1014.0,0.0,8.06225774829855,4.174387269895637
1014.0,0.0,8.06225774829855,4.174387269895637
1014.0,0.0,8.06225774829855,4.174387269895637
1014.0,0.0,8.06225774829855,4.174387269895637
1013.0,-1.0,8.0,4.1588830833596715
1013.0,0.0,8.0,4.1588830833596715
1014.0,1.0,8.06225774829855,4.174387269895637
1016.0,2.0,8.18535277187245,4.204692619390966
1017.0,1.0,8.246211251235321,4.219507705176107
1017.0,0.0,8.246211251235321,4.219507705176107
1017.0,0.0,8.246211251235321,4.219507705176107
1016.0,-1.0,8.18535277187245,4.204692619390966
1013.0,-3.0,8.0,4.1588830833596715
1015.0,2.0,8.12403840463596,4.189654742026425
1016.0,1.0,8.18535277187245,4.204692619390966
1016.0,0.0,8.18535277187245,4.204692619390966
1015.0,-1.0,8.12403840463596,4.189654742026425
1015.0,0.0,8.12403840463596,4.189654742026425
1017.0,2.0,8.246211251235321,4.219507705176107
1019.0,2.0,8.366600265340756,4.248495242049359
1020.0,1.0,8.426149773176359,4.2626798770413155
1019.0,-1.0,8.366600265340756,4.248495242049359
1018.0,-1.0,8.306623862918075,4.23410650459726
1017.0,-1.0,8.246211251235321,4.219507705176107
1017.0,0.0,8.246211251235321,4.219507705176107
1016.0,-1.0,8.18535277187245,4.204692619390966
1015.0,-1.0,8.12403840463596,4.189654742026425
1017.0,2.0,8.246211251235321,4.219507705176107
1016.0,-1.0,8.18535277187245,4.204692619390966
1018.0,2.0,8.306623862918075,4.23410650459726
1020.0,2.0,8.426149773176359,4.2626798770413155
1019.0,-1.0,8.366600265340756,4.248495242049359
1019.0,0.0,8.366600265340756,4.248495242049359
1020.0,1.0,8.426149773176359,4.2626798770413155
1019.0,-1.0,8.366600265340756,4.248495242049359
1019.0,0.0,8.366600265340756,4.248495242049359
1018.0,-1.0,8.306623862918075,4.23410650459726
1017.0,-1.0,8.246211251235321,4.219507705176107
1017.0,0.0,8.246211251235321,4.219507705176107
1016.0,-1.0,8.18535277187245,4.204692619390966
1015.0,-1.0,8.12403840463596,4.189654742026425
1014.0,-1.0,8.06225774829855,4.174387269895637
1014.0,0.0,8.06225774829855,4.174387269895637
1014.0,0.0,8.06225774829855,4.174387269895637
1016.0,2.0,8.18535277187245,4.204692619390966
1015.0,-1.0,8.12403840463596,4.189654742026425
1016.0,1.0,8.18535277187245,4.204692619390966
1014.0,-2.0,8.06225774829855,4.174387269895637
1017.0,3.0,8.246211251235321,4.219507705176107
1016.0,-1.0,8.18535277187245,4.204692619390966
1018.0,2.0,8.306623862918075,4.23410650459726
1021.0,3.0,8.48528137423857,4.276666119016055
1023.0,2.0,8.602325267042627,4.30406509320417
1026.0,3.0,8.774964387392123,4.343805421853684
1028.0,2.0,8.888194417315589,4.3694478524670215
1029.0,1.0,8.94427190999916,4.382026634673881
1033.0,4.0,9.16515138991168,4.430816798843313
1032.0,-1.0,9.1104335791443,4.418840607796598
1033.0,1.0,9.16515138991168,4.430816798843313
1035.0,2.0,9.273618495495704,4.454347296253507
1039.0,4.0,9.486832980505138,4.499809670330265
1038.0,-1.0,9.433981132056603,4.48863636973214
1046.0,8.0,9.848857801796104,4.574710978503383
1048.0,2.0,9.9498743710662,4.59511985013459
1050.0,2.0,10.04987562112089,4.61512051684126
1050.0,0.0,10.04987562112089,4.61512051684126
1051.0,1.0,10.099504938362077,4.624972813284271
1052.0,1.0,10.14889156509222,4.634728988229636
1050.0,-2.0,10.04987562112089,4.61512051684126
1047.0,-3.0,9.899494936611665,4.584967478670572
1047.0,0.0,9.899494936611665,4.584967478670572
1045.0,-2.0,9.797958971132712,4.564348191467836
1042.0,-3.0,9.643650760992955,4.532599493153256
1037.0,-5.0,9.38083151964686,4.477336814478207
1031.0,-6.0,9.055385138137417,4.406719247264253
1028.0,-3.0,8.888194417315589,4.3694478524670215
1023.0,-5.0,8.602325267042627,4.30406509320417
1023.0,0.0,8.602325267042627,4.30406509320417
1020.0,-3.0,8.426149773176359,4.2626798770413155
1020.0,0.0,8.426149773176359,4.2626798770413155
1015.0,-5.0,8.12403840463596,4.189654742026425
1013.0,-2.0,8.0,4.1588830833596715
1009.0,-4.0,7.745966692414834,4.0943445622221
1006.0,-3.0,7.54983443527075,4.04305126783455
1005.0,-1.0,7.483314773547883,4.02535169073515
1002.0,-3.0,7.280109889280518,3.970291913552122
1000.0,-2.0,7.14142842854285,3.9318256327243257
998.0,-2.0,7.0,3.8918202981106265
1002.0,4.0,7.280109889280518,3.970291913552122
1004.0,2.0,7.416198487095663,4.007333185232471
1005.0,1.0,7.483314773547883,4.02535169073515
1005.0,0.0,7.483314773547883,4.02535169073515
1005.0,0.0,7.483314773547883,4.02535169073515
1004.0,-1.0,7.416198487095663,4.007333185232471
1002.0,-2.0,7.280109889280518,3.970291913552122
997.0,-5.0,6.928203230275509,3.871201010907891
998.0,1.0,7.0,3.8918202981106265
996.0,-2.0,6.855654600401044,3.8501476017100584
992.0,-4.0,6.557438524302,3.7612001156935624
989.0,-3.0,6.324555320336759,3.6888794541139363
992.0,3.0,6.557438524302,3.7612001156935624
999.0,7.0,7.0710678118654755,3.912023005428146
1012.0,13.0,7.937253933193772,4.143134726391533
1033.0,21.0,9.16515138991168,4.430816798843313
1056.0,23.0,10.344080432788601,4.672828834461906
1089.0,33.0,11.832159566199232,4.941642422609304
1128.0,39.0,13.379088160259652,5.187385805840755
1176.0,48.0,15.066519173319364,5.424950017481403
1227.0,51.0,16.673332000533065,5.627621113690637
1275.0,48.0,18.05547008526779,5.786897381366708
1318.0,43.0,19.209372712298546,5.910796644040527
1346.0,28.0,19.924858845171276,5.983936280687191
1353.0,7.0,20.09975124224178,6.0014148779611505
1332.0,-21.0,19.570385790780925,5.948034989180646
1292.0,-40.0,18.520259177452136,5.8377304471659395
1231.0,-61.0,16.792855623746664,5.641907070938114
1166.0,-65.0,14.730919862656235,5.37989735354046
1101.0,-65.0,12.328828005937952,5.0238805208462765
1049.0,-52.0,10.0,4.605170185988092
1011.0,-38.0,7.874007874011811,4.127134385045092
989.0,-22.0,6.324555320336759,3.6888794541139363
981.0,-8.0,5.656854249492381,3.4657359027997265
980.0,-1.0,5.5677643628300215,3.4339872044851463
989.0,9.0,6.324555320336759,3.6888794541139363
997.0,8.0,6.928203230275509,3.871201010907891
1001.0,4.0,7.211102550927978,3.9512437185814275
1002.0,1.0,7.280109889280518,3.970291913552122
1002.0,0.0,7.280109889280518,3.970291913552122
996.0,-6.0,6.855654600401044,3.8501476017100584
991.0,-5.0,6.48074069840786,3.7376696182833684
989.0,-2.0,6.324555320336759,3.6888794541139363
986.0,-3.0,6.082762530298219,3.6109179126442243
985.0,-1.0,6.0,3.58351893845611
983.0,-2.0,5.830951894845301,3.5263605246161616
981.0,-2.0,5.656854249492381,3.4657359027997265
979.0,-2.0,5.477225575051661,3.4011973816621555
978.0,-1.0,5.385164807134504,3.367295829986474
981.0,3.0,5.656854249492381,3.4657359027997265
980.0,-1.0,5.5677643628300215,3.4339872044851463
982.0,2.0,5.744562646538029,3.4965075614664802
985.0,3.0,6.0,3.58351893845611
984.0,-1.0,5.916079783099616,3.5553480614894135
984.0,0.0,5.916079783099616,3.5553480614894135
985.0,1.0,6.0,3.58351893845611
985.0,0.0,6.0,3.58351893845611
983.0,-2.0,5.830951894845301,3.5263605246161616
983.0,0.0,5.830951894845301,3.5263605246161616
981.0,-2.0,5.656854249492381,3.4657359027997265
980.0,-1.0,5.5677643628300215,3.4339872044851463
983.0,3.0,5.830951894845301,3.5263605246161616
983.0,0.0,5.830951894845301,3.5263605246161616
981.0,-2.0,5.656854249492381,3.4657359027997265
985.0,4.0,6.0,3.58351893845611
983.0,-2.0,5.830951894845301,3.5263605246161616
985.0,2.0,6.0,3.58351893845611
984.0,-1.0,5.916079783099616,3.5553480614894135
985.0,1.0,6.0,3.58351893845611
984.0,-1.0,5.916079783099616,3.5553480614894135
983.0,-1.0,5.830951894845301,3.5263605246161616
984.0,1.0,5.916079783099616,3.5553480614894135
982.0,-2.0,5.744562646538029,3.4965075614664802
983.0,1.0,5.830951894845301,3.5263605246161616
985.0,2.0,6.0,3.58351893845611
987.0,2.0,6.164414002968976,3.6375861597263857
987.0,0.0,6.164414002968976,3.6375861597263857
985.0,-2.0,6.0,3.58351893845611
987.0,2.0,6.164414002968976,3.6375861597263857
987.0,0.0,6.164414002968976,3.6375861597263857
987.0,0.0,6.164414002968976,3.6375861597263857
986.0,-1.0,6.082762530298219,3.6109179126442243
986.0,0.0,6.082762530298219,3.6109179126442243
984.0,-2.0,5.916079783099616,3.5553480614894135
984.0,0.0,5.916079783099616,3.5553480614894135
990.0,6.0,6.4031242374328485,3.713572066704308
993.0,3.0,6.6332495807108,3.784189633918261
992.0,-1.0,6.557438524302,3.7612001156935624
995.0,3.0,6.782329983125268,3.828641396489095
996.0,1.0,6.855654600401044,3.8501476017100584
996.0,0.0,6.855654600401044,3.8501476017100584
997.0,1.0,6.928203230275509,3.871201010907891
993.0,-4.0,6.6332495807108,3.784189633918261
991.0,-2.0,6.48074069840786,3.7376696182833684
994.0,3.0,6.708203932499369,3.8066624897703196
994.0,0.0,6.708203932499369,3.8066624897703196
994.0,0.0,6.708203932499369,3.8066624897703196
996.0,2.0,6.855654600401044,3.8501476017100584
998.0,2.0,7.0,3.8918202981106265
1000.0,2.0,7.14142842854285,3.9318256327243257
1002.0,2.0,7.280109889280518,3.970291913552122
1002.0,0.0,7.280109889280518,3.970291913552122
1002.0,0.0,7.280109889280518,3.970291913552122
1000.0,-2.0,7.14142842854285,3.9318256327243257
999.0,-1.0,7.0710678118654755,3.912023005428146
999.0,0.0,7.0710678118654755,3.912023005428146
999.0,0.0,7.0710678118654755,3.912023005428146
999.0,0.0,7.0710678118654755,3.912023005428146
1000.0,1.0,7.14142842854285,3.9318256327243257
1001.0,1.0,7.211102550927978,3.9512437185814275
1001.0,0.0,7.211102550927978,3.9512437185814275
1003.0,2.0,7.3484692283495345,3.9889840465642745
1006.0,3.0,7.54983443527075,4.04305126783455
1005.0,-1.0,7.483314773547883,4.02535169073515
1004.0,-1.0,7.416198487095663,4.007333185232471
1000.0,-4.0,7.14142842854285,3.9318256327243257
1000.0,0.0,7.14142842854285,3.9318256327243257
998.0,-2.0,7.0,3.8918202981106265
1000.0,2.0,7.14142842854285,3.9318256327243257
1000.0,0.0,7.14142842854285,3.9318256327243257
1004.0,4.0,7.416198487095663,4.007333185232471
1005.0,1.0,7.483314773547883,4.02535169073515
1010.0,5.0,7.810249675906654,4.110873864173311
1013.0,3.0,8.0,4.1588830833596715
1016.0,3.0,8.18535277187245,4.204692619390966
1014.0,-2.0,8.06225774829855,4.174387269895637
1015.0,1.0,8.12403840463596,4.189654742026425
1014.0,-1.0,8.06225774829855,4.174387269895637
1011.0,-3.0,7.874007874011811,4.127134385045092
1010.0,-1.0,7.810249675906654,4.110873864173311
1010.0,0.0,7.810249675906654,4.110873864173311
1008.0,-2.0,7.681145747868608,4.07753744390572
1005.0,-3.0,7.483314773547883,4.02535169073515
1006.0,1.0,7.54983443527075,4.04305126783455
1005.0,-1.0,7.483314773547883,4.02535169073515
1008.0,3.0,7.681145747868608,4.07753744390572
1012.0,4.0,7.937253933193772,4.143134726391533
1012.0,0.0,7.937253933193772,4.143134726391533
1011.0,-1.0,7.874007874011811,4.127134385045092
1009.0,-2.0,7.745966692414834,4.0943445622221
1006.0,-3.0,7.54983443527075,4.04305126783455
1005.0,-1.0,7.483314773547883,4.02535169073515
1002.0,-3.0,7.280109889280518,3.970291913552122
1002.0,0.0,7.280109889280518,3.970291913552122
1000.0,-2.0,7.14142842854285,3.9318256327243257
1000.0,0.0,7.14142842854285,3.9318256327243257
1001.0,1.0,7.211102550927978,3.9512437185814275
1001.0,0.0,7.211102550927978,3.9512437185814275
1003.0,2.0,7.3484692283495345,3.9889840465642745
1003.0,0.0,7.3484692283495345,3.9889840465642745
1003.0,0.0,7.3484692283495345,3.9889840465642745
1003.0,0.0,7.3484692283495345,3.9889840465642745
1003.0,0.0,7.3484692283495345,3.9889840465642745
1000.0,-3.0,7.14142842854285,3.9318256327243257
998.0,-2.0,7.0,3.8918202981106265
1000.0,2.0,7.14142842854285,3.9318256327243257
1001.0,1.0,7.211102550927978,3.9512437185814275
1000.0,-1.0,7.14142842854285,3.9318256327243257
1001.0,1.0,7.211102550927978,3.9512437185814275
999.0,-2.0,7.0710678118654755,3.912023005428146
1000.0,1.0,7.14142842854285,3.9318256327243257
1004.0,4.0,7.416198487095663,4.007333185232471
1005.0,1.0,7.483314773547883,4.02535169073515
1005.0,0.0,7.483314773547883,4.02535169073515
1003.0,-2.0,7.3484692283495345,3.9889840465642745
1005.0,2.0,7.483314773547883,4.02535169073515
1002.0,-3.0,7.280109889280518,3.970291913552122
1000.0,-2.0,7.14142842854285,3.9318256327243257
1001.0,1.0,7.211102550927978,3.9512437185814275
1001.0,0.0,7.211102550927978,3.9512437185814275
1004.0,3.0,7.416198487095663,4.007333185232471
1002.0,-2.0,7.280109889280518,3.970291913552122
1003.0,1.0,7.3484692283495345,3.9889840465642745
1004.0,1.0,7.416198487095663,4.007333185232471
1006.0,2.0,7.54983443527075,4.04305126783455
1005.0,-1.0,7.483314773547883,4.02535169073515
1004.0,-1.0,7.416198487095663,4.007333185232471
1001.0,-3.0,7.211102550927978,3.9512437185814275
1002.0,1.0,7.280109889280518,3.970291913552122
1001.0,-1.0,7.211102550927978,3.9512437185814275
999.0,-2.0,7.0710678118654755,3.912023005428146
999.0,0.0,7.0710678118654755,3.912023005428146
1001.0,2.0,7.211102550927978,3.9512437185814275
999.0,-2.0,7.0710678118654755,3.912023005428146
1003.0,4.0,7.3484692283495345,3.9889840465642745
1002.0,-1.0,7.280109889280518,3.970291913552122
1003.0,1.0,7.3484692283495345,3.9889840465642745
1002.0,-1.0,7.280109889280518,3.970291913552122
1003.0,1.0,7.3484692283495345,3.9889840465642745
1002.0,-1.0,7.280109889280518,3.970291913552122
1001.0,-1.0,7.211102550927978,3.9512437185814275
1003.0,2.0,7.3484692283495345,3.9889840465642745
1002.0,-1.0,7.280109889280518,3.970291913552122
1003.0,1.0,7.3484692283495345,3.9889840465642745
1005.0,2.0,7.483314773547883,4.02535169073515
1003.0,-2.0,7.3484692283495345,3.9889840465642745
1003.0,0.0,7.3484692283495345,3.9889840465642745
1001.0,-2.0,7.211102550927978,3.9512437185814275
1003.0,2.0,7.3484692283495345,3.9889840465642745
1000.0,-3.0,7.14142842854285,3.9318256327243257
996.0,-4.0,6.855654600401044,3.8501476017100584
997.0,1.0,6.928203230275509,3.871201010907891
993.0,-4.0,6.6332495807108,3.784189633918261
997.0,4.0,6.928203230275509,3.871201010907891
999.0,2.0,7.0710678118654755,3.912023005428146
1007.0,8.0,7.615773105863909,4.060443010546419
1007.0,0.0,7.615773105863909,4.060443010546419
1011.0,4.0,7.874007874011811,4.127134385045092
1010.0,-1.0,7.810249675906654,4.110873864173311
1010.0,0.0,7.810249675906654,4.110873864173311
1012.0,2.0,7.937253933193772,4.143134726391533
1012.0,0.0,7.937253933193772,4.143134726391533
1010.0,-2.0,7.810249675906654,4.110873864173311
1012.0,2.0,7.937253933193772,4.143134726391533
1014.0,2.0,8.06225774829855,4.174387269895637
1015.0,1.0,8.12403840463596,4.189654742026425
1020.0,5.0,8.426149773176359,4.2626798770413155
1026.0,6.0,8.774964387392123,4.343805421853684
1032.0,6.0,9.1104335791443,4.418840607796598
1035.0,3.0,9.273618495495704,4.454347296253507
1036.0,1.0,9.327379053088816,4.465908118654584
1035.0,-1.0,9.273618495495704,4.454347296253507
1033.0,-2.0,9.16515138991168,4.430816798843313
1028.0,-5.0,8.888194417315589,4.3694478524670215
1026.0,-2.0,8.774964387392123,4.343805421853684
1025.0,-1.0,8.717797887081348,4.330733340286331
1022.0,-3.0,8.54400374531753,4.290459441148391
1020.0,-2.0,8.426149773176359,4.2626798770413155
1019.0,-1.0,8.366600265340756,4.248495242049359
1016.0,-3.0,8.18535277187245,4.204692619390966
1014.0,-2.0,8.06225774829855,4.174387269895637
1010.0,-4.0,7.810249675906654,4.110873864173311
1009.0,-1.0,7.745966692414834,4.0943445622221
1004.0,-5.0,7.416198487095663,4.007333185232471
1003.0,-1.0,7.3484692283495345,3.9889840465642745
999.0,-4.0,7.0710678118654755,3.912023005428146
996.0,-3.0,6.855654600401044,3.8501476017100584
991.0,-5.0,6.48074069840786,3.7376696182833684
985.0,-6.0,6.0,3.58351893845611
983.0,-2.0,5.830951894845301,3.5263605246161616
978.0,-5.0,5.385164807134504,3.367295829986474
980.0,2.0,5.5677643628300215,3.4339872044851463
979.0,-1.0,5.477225575051661,3.4011973816621555
980.0,1.0,5.5677643628300215,3.4339872044851463
982.0,2.0,5.744562646538029,3.4965075614664802
983.0,1.0,5.830951894845301,3.5263605246161616
981.0,-2.0,5.656854249492381,3.4657359027997265
981.0,0.0,5.656854249492381,3.4657359027997265
981.0,0.0,5.656854249492381,3.4657359027997265
979.0,-2.0,5.477225575051661,3.4011973816621555
976.0,-3.0,5.196152422706632,3.295836866004329
973.0,-3.0,4.898979485566356,3.1780538303479458
973.0,0.0,4.898979485566356,3.1780538303479458
975.0,2.0,5.0990195135927845,3.258096538021482
973.0,-2.0,4.898979485566356,3.1780538303479458
978.0,5.0,5.385164807134504,3.367295829986474
976.0,-2.0,5.196152422706632,3.295836866004329
973.0,-3.0,4.898979485566356,3.1780538303479458
971.0,-2.0,4.69041575982343,3.091042453358316
970.0,-1.0,4.58257569495584,3.044522437723423
969.0,-1.0,4.47213595499958,2.995732273553991
979.0,10.0,5.477225575051661,3.4011973816621555
992.0,13.0,6.557438524302,3.7612001156935624
1010.0,18.0,7.810249675906654,4.110873864173311
1033.0,23.0,9.16515138991168,4.430816798843313
1067.0,34.0,10.862780491200215,4.770684624465665
1108.0,41.0,12.609520212918492,5.0689042022202315
1157.0,49.0,14.422205101855956,5.337538079701318
1212.0,55.0,16.217274740226856,5.572154032177765
1264.0,52.0,17.74823934929885,5.752572638825633
1307.0,43.0,18.920887928424502,5.8805329864007
1334.0,27.0,19.621416870348583,5.953243334287785
1336.0,2.0,19.672315572906,5.958424693029782
1306.0,-30.0,18.894443627691185,5.877735781779639
1256.0,-50.0,17.52141546793523,5.726847747587197
1190.0,-66.0,15.524174696260024,5.484796933490655
1120.0,-70.0,13.076696830622021,5.14166355650266
1057.0,-63.0,10.392304845413264,4.68213122712422
1012.0,-45.0,7.937253933193772,4.143134726391533
986.0,-26.0,6.082762530298219,3.6109179126442243
974.0,-12.0,5.0,3.2188758248682006
971.0,-3.0,4.69041575982343,3.091042453358316
975.0,4.0,5.0990195135927845,3.258096538021482
979.0,4.0,5.477225575051661,3.4011973816621555
980.0,1.0,5.5677643628300215,3.4339872044851463
979.0,-1.0,5.477225575051661,3.4011973816621555
976.0,-3.0,5.196152422706632,3.295836866004329
973.0,-3.0,4.898979485566356,3.1780538303479458
967.0,-6.0,4.242640687119285,2.8903717578961645
963.0,-4.0,3.7416573867739413,2.6390573296152584
960.0,-3.0,3.3166247903554,2.3978952727983707
959.0,-1.0,3.1622776601683795,2.302585092994046
961.0,2.0,3.4641016151377544,2.4849066497880004
962.0,1.0,3.605551275463989,2.5649493574615367
962.0,0.0,3.605551275463989,2.5649493574615367
959.0,-3.0,3.1622776601683795,2.302585092994046
957.0,-2.0,2.8284271247461903,2.0794415416798357
956.0,-1.0,2.6457513110645907,1.9459101490553132
954.0,-2.0,2.23606797749979,1.6094379124341003
955.0,1.0,2.449489742783178,1.791759469228055
954.0,-1.0,2.23606797749979,1.6094379124341003
957.0,3.0,2.8284271247461903,2.0794415416798357
958.0,1.0,3.0,2.1972245773362196
960.0,2.0,3.3166247903554,2.3978952727983707
962.0,2.0,3.605551275463989,2.5649493574615367
964.0,2.0,3.872983346207417,2.70805020110221
962.0,-2.0,3.605551275463989,2.5649493574615367
961.0,-1.0,3.4641016151377544,2.4849066497880004
958.0,-3.0,3.0,2.1972245773362196
956.0,-2.0,2.6457513110645907,1.9459101490553132
958.0,2.0,3.0,2.1972245773362196
956.0,-2.0,2.6457513110645907,1.9459101490553132
956.0,0.0,2.6457513110645907,1.9459101490553132
959.0,3.0,3.1622776601683795,2.302585092994046
960.0,1.0,3.3166247903554,2.3978952727983707
963.0,3.0,3.7416573867739413,2.6390573296152584
964.0,1.0,3.872983346207417,2.70805020110221
963.0,-1.0,3.7416573867739413,2.6390573296152584
963.0,0.0,3.7416573867739413,2.6390573296152584
963.0,0.0,3.7416573867739413,2.6390573296152584
961.0,-2.0,3.4641016151377544,2.4849066497880004
960.0,-1.0,3.3166247903554,2.3978952727983707
958.0,-2.0,3.0,2.1972245773362196
957.0,-1.0,2.8284271247461903,2.0794415416798357
960.0,3.0,3.3166247903554,2.3978952727983707
961.0,1.0,3.4641016151377544,2.4849066497880004
963.0,2.0,3.7416573867739413,2.6390573296152584
966.0,3.0,4.123105625617661,2.833213344056216
969.0,3.0,4.47213595499958,2.995732273553991
970.0,1.0,4.58257569495584,3.044522437723423
971.0,1.0,4.69041575982343,3.091042453358316
971.0,0.0,4.69041575982343,3.091042453358316
969.0,-2.0,4.47213595499958,2.995732273553991
967.0,-2.0,4.242640687119285,2.8903717578961645
964.0,-3.0,3.872983346207417,2.70805020110221
963.0,-1.0,3.7416573867739413,2.6390573296152584
966.0,3.0,4.123105625617661,2.833213344056216
967.0,1.0,4.242640687119285,2.8903717578961645
971.0,4.0,4.69041575982343,3.091042453358316
971.0,0.0,4.69041575982343,3.091042453358316
974.0,3.0,5.0,3.2188758248682006
974.0,0.0,5.0,3.2188758248682006
974.0,0.0,5.0,3.2188758248682006
977.0,3.0,5.291502622129181,3.332204510175204
974.0,-3.0,5.0,3.2188758248682006
977.0,3.0,5.291502622129181,3.332204510175204
974.0,-3.0,5.0,3.2188758248682006
976.0,2.0,5.196152422706632,3.295836866004329
975.0,-1.0,5.0990195135927845,3.258096538021482
975.0,0.0,5.0990195135927845,3.258096538021482
980.0,5.0,5.5677643628300215,3.4339872044851463
982.0,2.0,5.744562646538029,3.4965075614664802
982.0,0.0,5.744562646538029,3.4965075614664802
983.0,1.0,5.830951894845301,3.5263605246161616
982.0,-1.0,5.744562646538029,3.4965075614664802
981.0,-1.0,5.656854249492381,3.4657359027997265
981.0,0.0,5.656854249492381,3.4657359027997265
981.0,0.0,5.656854249492381,3.4657359027997265
982.0,1.0,5.744562646538029,3.4965075614664802
982.0,0.0,5.744562646538029,3.4965075614664802
979.0,-3.0,5.477225575051661,3.4011973816621555
981.0,2.0,5.656854249492381,3.4657359027997265
980.0,-1.0,5.5677643628300215,3.4339872044851463
981.0,1.0,5.656854249492381,3.4657359027997265
984.0,3.0,5.916079783099616,3.5553480614894135
985.0,1.0,6.0,3.58351893845611
986.0,1.0,6.082762530298219,3.6109179126442243
986.0,0.0,6.082762530298219,3.6109179126442243
985.0,-1.0,6.0,3.58351893845611
983.0,-2.0,5.830951894845301,3.5263605246161616
989.0,6.0,6.324555320336759,3.6888794541139363
987.0,-2.0,6.164414002968976,3.6375861597263857
989.0,2.0,6.324555320336759,3.6888794541139363
991.0,2.0,6.48074069840786,3.7376696182833684
991.0,0.0,6.48074069840786,3.7376696182833684
990.0,-1.0,6.4031242374328485,3.713572066704308
994.0,4.0,6.708203932499369,3.8066624897703196
992.0,-2.0,6.557438524302,3.7612001156935624
994.0,2.0,6.708203932499369,3.8066624897703196
993.0,-1.0,6.6332495807108,3.784189633918261
991.0,-2.0,6.48074069840786,3.7376696182833684
991.0,0.0,6.48074069840786,3.7376696182833684
990.0,-1.0,6.4031242374328485,3.713572066704308
987.0,-3.0,6.164414002968976,3.6375861597263857
988.0,1.0,6.244997998398398,3.6635616461296463
992.0,4.0,6.557438524302,3.7612001156935624
994.0,2.0,6.708203932499369,3.8066624897703196
994.0,0.0,6.708203932499369,3.8066624897703196
993.0,-1.0,6.6332495807108,3.784189633918261
993.0,0.0,6.6332495807108,3.784189633918261
990.0,-3.0,6.4031242374328485,3.713572066704308
991.0,1.0,6.48074069840786,3.7376696182833684
989.0,-2.0,6.324555320336759,3.6888794541139363
987.0,-2.0,6.164414002968976,3.6375861597263857
986.0,-1.0,6.082762530298219,3.6109179126442243
983.0,-3.0,5.830951894845301,3.5263605246161616
985.0,2.0,6.0,3.58351893845611
984.0,-1.0,5.916079783099616,3.5553480614894135
986.0,2.0,6.082762530298219,3.6109179126442243
988.0,2.0,6.244997998398398,3.6635616461296463
992.0,4.0,6.557438524302,3.7612001156935624
991.0,-1.0,6.48074069840786,3.7376696182833684
991.0,0.0,6.48074069840786,3.7376696182833684
988.0,-3.0,6.244997998398398,3.6635616461296463
986.0,-2.0,6.082762530298219,3.6109179126442243
986.0,0.0,6.082762530298219,3.6109179126442243
986.0,0.0,6.082762530298219,3.6109179126442243
988.0,2.0,6.244997998398398,3.6635616461296463
987.0,-1.0,6.164414002968976,3.6375861597263857
983.0,-4.0,5.830951894845301,3.5263605246161616
987.0,4.0,6.164414002968976,3.6375861597263857
986.0,-1.0,6.082762530298219,3.6109179126442243
989.0,3.0,6.324555320336759,3.6888794541139363
987.0,-2.0,6.164414002968976,3.6375861597263857
988.0,1.0,6.244997998398398,3.6635616461296463
988.0,0.0,6.244997998398398,3.6635616461296463
988.0,0.0,6.244997998398398,3.6635616461296463
989.0,1.0,6.324555320336759,3.6888794541139363
986.0,-3.0,6.082762530298219,3.6109179126442243
986.0,0.0,6.082762530298219,3.6109179126442243
984.0,-2.0,5.916079783099616,3.5553480614894135
985.0,1.0,6.0,3.58351893845611
987.0,2.0,6.164414002968976,3.6375861597263857
990.0,3.0,6.4031242374328485,3.713572066704308
989.0,-1.0,6.324555320336759,3.6888794541139363
990.0,1.0,6.4031242374328485,3.713572066704308
991.0,1.0,6.48074069840786,3.7376696182833684
991.0,0.0,6.48074069840786,3.7376696182833684
989.0,-2.0,6.324555320336759,3.6888794541139363
990.0,1.0,6.4031242374328485,3.713572066704308
988.0,-2.0,6.244997998398398,3.6635616461296463
986.0,-2.0,6.082762530298219,3.6109179126442243
988.0,2.0,6.244997998398398,3.6635616461296463
989.0,1.0,6.324555320336759,3.6888794541139363
986.0,-3.0,6.082762530298219,3.6109179126442243
988.0,2.0,6.244997998398398,3.6635616461296463
988.0,0.0,6.244997998398398,3.6635616461296463
989.0,1.0,6.324555320336759,3.6888794541139363
989.0,0.0,6.324555320336759,3.6888794541139363
989.0,0.0,6.324555320336759,3.6888794541139363
988.0,-1.0,6.244997998398398,3.6635616461296463
988.0,0.0,6.244997998398398,3.6635616461296463
989.0,1.0,6.324555320336759,3.6888794541139363
990.0,1.0,6.4031242374328485,3.713572066704308
989.0,-1.0,6.324555320336759,3.6888794541139363
987.0,-2.0,6.164414002968976,3.6375861597263857
987.0,0.0,6.164414002968976,3.6375861597263857
983.0,-4.0,5.830951894845301,3.5263605246161616
987.0,4.0,6.164414002968976,3.6375861597263857
983.0,-4.0,5.830951894845301,3.5263605246161616
984.0,1.0,5.916079783099616,3.5553480614894135
986.0,2.0,6.082762530298219,3.6109179126442243
988.0,2.0,6.244997998398398,3.6635616461296463
986.0,-2.0,6.082762530298219,3.6109179126442243
988.0,2.0,6.244997998398398,3.6635616461296463
991.0,3.0,6.48074069840786,3.7376696182833684
992.0,1.0,6.557438524302,3.7612001156935624
997.0,5.0,6.928203230275509,3.871201010907891
998.0,1.0,7.0,3.8918202981106265
1002.0,4.0,7.280109889280518,3.970291913552122
1003.0,1.0,7.3484692283495345,3.9889840465642745
1003.0,0.0,7.3484692283495345,3.9889840465642745
1007.0,4.0,7.615773105863909,4.060443010546419
1006.0,-1.0,7.54983443527075,4.04305126783455
1006.0,0.0,7.54983443527075,4.04305126783455
1007.0,1.0,7.615773105863909,4.060443010546419
1008.0,1.0,7.681145747868608,4.07753744390572
1013.0,5.0,8.0,4.1588830833596715
1019.0,6.0,8.366600265340756,4.248495242049359
1023.0,4.0,8.602325267042627,4.30406509320417
1026.0,3.0,8.774964387392123,4.343805421853684
1024.0,-2.0,8.660254037844387,4.31748811353631
1022.0,-2.0,8.54400374531753,4.290459441148391
1018.0,-4.0,8.306623862918075,4.23410650459726
1016.0,-2.0,8.18535277187245,4.204692619390966
1017.0,1.0,8.246211251235321,4.219507705176107
1015.0,-2.0,8.12403840463596,4.189654742026425
1013.0,-2.0,8.0,4.1588830833596715
1009.0,-4.0,7.745966692414834,4.0943445622221
1007.0,-2.0,7.615773105863909,4.060443010546419
1003.0,-4.0,7.3484692283495345,3.9889840465642745
1002.0,-1.0,7.280109889280518,3.970291913552122
998.0,-4.0,7.0,3.8918202981106265
993.0,-5.0,6.6332495807108,3.784189633918261
991.0,-2.0,6.48074069840786,3.7376696182833684
988.0,-3.0,6.244997998398398,3.6635616461296463
985.0,-3.0,6.0,3.58351893845611
980.0,-5.0,5.5677643628300215,3.4339872044851463
978.0,-2.0,5.385164807134504,3.367295829986474
973.0,-5.0,4.898979485566356,3.1780538303479458
970.0,-3.0,4.58257569495584,3.044522437723423
968.0,-2.0,4.358898943540674,2.9444389791664403
969.0,1.0,4.47213595499958,2.995732273553991
970.0,1.0,4.58257569495584,3.044522437723423
972.0,2.0,4.795831523312719,3.1354942159291497
974.0,2.0,5.0,3.2188758248682006
974.0,0.0,5.0,3.2188758248682006
972.0,-2.0,4.795831523312719,3.1354942159291497
972.0,0.0,4.795831523312719,3.1354942159291497
971.0,-1.0,4.69041575982343,3.091042453358316
967.0,-4.0,4.242640687119285,2.8903717578961645
966.0,-1.0,4.123105625617661,2.833213344056216
966.0,0.0,4.123105625617661,2.833213344056216
964.0,-2.0,3.872983346207417,2.70805020110221
963.0,-1.0,3.7416573867739413,2.6390573296152584
961.0,-2.0,3.4641016151377544,2.4849066497880004
958.0,-3.0,3.0,2.1972245773362196
963.0,5.0,3.7416573867739413,2.6390573296152584
967.0,4.0,4.242640687119285,2.8903717578961645
977.0,10.0,5.291502622129181,3.332204510175204
994.0,17.0,6.708203932499369,3.8066624897703196
1016.0,22.0,8.18535277187245,4.204692619390966
1047.0,31.0,9.899494936611665,4.584967478670572
1085.0,38.0,11.661903789690601,4.912654885736052
1130.0,45.0,13.45362404707371,5.198497031265826
1182.0,52.0,15.264337522473747,5.4510384535657
1233.0,51.0,16.852299546352718,5.648974238161206
1279.0,46.0,18.16590212458495,5.799092654460526
1310.0,31.0,19.0,5.8888779583328805
1316.0,6.0,19.157244060668017,5.905361848054571
1292.0,-24.0,18.520259177452136,5.8377304471659395
1240.0,-52.0,17.05872210923198,5.673323267171493
1176.0,-64.0,15.066519173319364,5.424950017481403
1107.0,-69.0,12.569805089976535,5.062595033026967
1048.0,-59.0,9.9498743710662,4.59511985013459
1000.0,-48.0,7.14142842854285,3.9318256327243257
970.0,-30.0,4.58257569495584,3.044522437723423
957.0,-13.0,2.8284271247461903,2.0794415416798357
955.0,-2.0,2.449489742783178,1.791759469228055
960.0,5.0,3.3166247903554,2.3978952727983707
968.0,8.0,4.358898943540674,2.9444389791664403
973.0,5.0,4.898979485566356,3.1780538303479458
974.0,1.0,5.0,3.2188758248682006
971.0,-3.0,4.69041575982343,3.091042453358316
969.0,-2.0,4.47213595499958,2.995732273553991
963.0,-6.0,3.7416573867739413,2.6390573296152584
960.0,-3.0,3.3166247903554,2.3978952727983707
953.0,-7.0,2.0,1.3862943611198906
953.0,0.0,2.0,1.3862943611198906
950.0,-3.0,1.0,0.0
952.0,2.0,1.7320508075688772,1.0986122886681098
955.0,3.0,2.449489742783178,1.791759469228055
955.0,0.0,2.449489742783178,1.791759469228055
952.0,-3.0,1.7320508075688772,1.0986122886681098
952.0,0.0,1.7320508075688772,1.0986122886681098
954.0,2.0,2.23606797749979,1.6094379124341003
955.0,1.0,2.449489742783178,1.791759469228055
952.0,-3.0,1.7320508075688772,1.0986122886681098
953.0,1.0,2.0,1.3862943611198906
951.0,-2.0,1.4142135623730951,0.6931471805599453
950.0,-1.0,1.0,0.0
950.0,0.0,1.0,0.0
950.0,0.0,1.0,0.0
951.0,1.0,1.4142135623730951,0.6931471805599453
952.0,1.0,1.7320508075688772,1.0986122886681098
953.0,1.0,2.0,1.3862943611198906
954.0,1.0,2.23606797749979,1.6094379124341003
955.0,1.0,2.449489742783178,1.791759469228055
956.0,1.0,2.6457513110645907,1.9459101490553132
958.0,2.0,3.0,2.1972245773362196
957.0,-1.0,2.8284271247461903,2.0794415416798357
956.0,-1.0,2.6457513110645907,1.9459101490553132
956.0,0.0,2.6457513110645907,1.9459101490553132
953.0,-3.0,2.0,1.3862943611198906
955.0,2.0,2.449489742783178,1.791759469228055
957.0,2.0,2.8284271247461903,2.0794415416798357
957.0,0.0,2.8284271247461903,2.0794415416798357
954.0,-3.0,2.23606797749979,1.6094379124341003
958.0,4.0,3.0,2.1972245773362196
958.0,0.0,3.0,2.1972245773362196
958.0,0.0,3.0,2.1972245773362196
960.0,2.0,3.3166247903554,2.3978952727983707
960.0,0.0,3.3166247903554,2.3978952727983707
957.0,-3.0,2.8284271247461903,2.0794415416798357
957.0,0.0,2.8284271247461903,2.0794415416798357
959.0,2.0,3.1622776601683795,2.302585092994046
960.0,1.0,3.3166247903554,2.3978952727983707
961.0,1.0,3.4641016151377544,2.4849066497880004
962.0,1.0,3.605551275463989,2.5649493574615367
964.0,2.0,3.872983346207417,2.70805020110221
966.0,2.0,4.123105625617661,2.833213344056216
965.0,-1.0,4.0,2.772588722239781
965.0,0.0,4.0,2.772588722239781
966.0,1.0,4.123105625617661,2.833213344056216
967.0,1.0,4.242640687119285,2.8903717578961645
967.0,0.0,4.242640687119285,2.8903717578961645
967.0,0.0,4.242640687119285,2.8903717578961645
966.0,-1.0,4.123105625617661,2.833213344056216
967.0,1.0,4.242640687119285,2.8903717578961645
971.0,4.0,4.69041575982343,3.091042453358316
973.0,2.0,4.898979485566356,3.1780538303479458
975.0,2.0,5.0990195135927845,3.258096538021482
977.0,2.0,5.291502622129181,3.332204510175204
977.0,0.0,5.291502622129181,3.332204510175204
977.0,0.0,5.291502622129181,3.332204510175204
976.0,-1.0,5.196152422706632,3.295836866004329
975.0,-1.0,5.0990195135927845,3.258096538021482
976.0,1.0,5.196152422706632,3.295836866004329
976.0,0.0,5.196152422706632,3.295836866004329
977.0,1.0,5.291502622129181,3.332204510175204
978.0,1.0,5.385164807134504,3.367295829986474
979.0,1.0,5.477225575051661,3.4011973816621555
977.0,-2.0,5.291502622129181,3.332204510175204
980.0,3.0,5.5677643628300215,3.4339872044851463
979.0,-1.0,5.477225575051661,3.4011973816621555
978.0,-1.0,5.385164807134504,3.367295829986474
978.0,0.0,5.385164807134504,3.367295829986474
980.0,2.0,5.5677643628300215,3.4339872044851463
975.0,-5.0,5.0990195135927845,3.258096538021482
977.0,2.0,5.291502622129181,3.332204510175204
976.0,-1.0,5.196152422706632,3.295836866004329
979.0,3.0,5.477225575051661,3.4011973816621555
982.0,3.0,5.744562646538029,3.4965075614664802
984.0,2.0,5.916079783099616,3.5553480614894135
988.0,4.0,6.244997998398398,3.6635616461296463
990.0,2.0,6.4031242374328485,3.713572066704308
993.0,3.0,6.6332495807108,3.784189633918261
996.0,3.0,6.855654600401044,3.8501476017100584
997.0,1.0,6.928203230275509,3.871201010907891
994.0,-3.0,6.708203932499369,3.8066624897703196
993.0,-1.0,6.6332495807108,3.784189633918261
991.0,-2.0,6.48074069840786,3.7376696182833684
989.0,-2.0,6.324555320336759,3.6888794541139363
988.0,-1.0,6.244997998398398,3.6635616461296463
990.0,2.0,6.4031242374328485,3.713572066704308
990.0,0.0,6.4031242374328485,3.713572066704308
990.0,0.0,6.4031242374328485,3.713572066704308
992.0,2.0,6.557438524302,3.7612001156935624
993.0,1.0,6.6332495807108,3.784189633918261
992.0,-1.0,6.557438524302,3.7612001156935624
992.0,0.0,6.557438524302,3.7612001156935624
991.0,-1.0,6.48074069840786,3.7376696182833684
988.0,-3.0,6.244997998398398,3.6635616461296463
985.0,-3.0,6.0,3.58351893845611
984.0,-1.0,5.916079783099616,3.5553480614894135
982.0,-2.0,5.744562646538029,3.4965075614664802
983.0,1.0,5.830951894845301,3.5263605246161616
982.0,-1.0,5.744562646538029,3.4965075614664802
983.0,1.0,5.830951894845301,3.5263605246161616
984.0,1.0,5.916079783099616,3.5553480614894135
987.0,3.0,6.164414002968976,3.6375861597263857
987.0,0.0,6.164414002968976,3.6375861597263857
989.0,2.0,6.324555320336759,3.6888794541139363
988.0,-1.0,6.244997998398398,3.6635616461296463
986.0,-2.0,6.082762530298219,3.6109179126442243
984.0,-2.0,5.916079783099616,3.5553480614894135
983.0,-1.0,5.830951894845301,3.5263605246161616
978.0,-5.0,5.385164807134504,3.367295829986474
982.0,4.0,5.744562646538029,3.4965075614664802
982.0,0.0,5.744562646538029,3.4965075614664802
984.0,2.0,5.916079783099616,3.5553480614894135
984.0,0.0,5.916079783099616,3.5553480614894135
987.0,3.0,6.164414002968976,3.6375861597263857
988.0,1.0,6.244997998398398,3.6635616461296463
986.0,-2.0,6.082762530298219,3.6109179126442243
990.0,4.0,6.4031242374328485,3.713572066704308
988.0,-2.0,6.244997998398398,3.6635616461296463
987.0,-1.0,6.164414002968976,3.6375861597263857
984.0,-3.0,5.916079783099616,3.5553480614894135
983.0,-1.0,5.830951894845301,3.5263605246161616
983.0,0.0,5.830951894845301,3.5263605246161616
985.0,2.0,6.0,3.58351893845611
985.0,0.0,6.0,3.58351893845611
986.0,1.0,6.082762530298219,3.6109179126442243
987.0,1.0,6.164414002968976,3.6375861597263857
987.0,0.0,6.164414002968976,3.6375861597263857
989.0,2.0,6.324555320336759,3.6888794541139363
991.0,2.0,6.48074069840786,3.7376696182833684
990.0,-1.0,6.4031242374328485,3.713572066704308
990.0,0.0,6.4031242374328485,3.713572066704308
986.0,-4.0,6.082762530298219,3.6109179126442243
985.0,-1.0,6.0,3.58351893845611
982.0,-3.0,5.744562646538029,3.4965075614664802
984.0,2.0,5.916079783099616,3.5553480614894135
986.0,2.0,6.082762530298219,3.6109179126442243
986.0,0.0,6.082762530298219,3.6109179126442243
986.0,0.0,6.082762530298219,3.6109179126442243
988.0,2.0,6.244997998398398,3.6635616461296463
988.0,0.0,6.244997998398398,3.6635616461296463
986.0,-2.0,6.082762530298219,3.6109179126442243
985.0,-1.0,6.0,3.58351893845611
986.0,1.0,6.082762530298219,3.6109179126442243
984.0,-2.0,5.916079783099616,3.5553480614894135
983.0,-1.0,5.830951894845301,3.5263605246161616
984.0,1.0,5.916079783099616,3.5553480614894135
984.0,0.0,5.916079783099616,3.5553480614894135
986.0,2.0,6.082762530298219,3.6109179126442243
988.0,2.0,6.244997998398398,3.6635616461296463
991.0,3.0,6.48074069840786,3.7376696182833684
987.0,-4.0,6.164414002968976,3.6375861597263857
985.0,-2.0,6.0,3.58351893845611
987.0,2.0,6.164414002968976,3.6375861597263857
988.0,1.0,6.244997998398398,3.6635616461296463
989.0,1.0,6.324555320336759,3.6888794541139363
990.0,1.0,6.4031242374328485,3.713572066704308
991.0,1.0,6.48074069840786,3.7376696182833684
990.0,-1.0,6.4031242374328485,3.713572066704308
991.0,1.0,6.48074069840786,3.7376696182833684
995.0,4.0,6.782329983125268,3.828641396489095
1000.0,5.0,7.14142842854285,3.9318256327243257
1002.0,2.0,7.280109889280518,3.970291913552122
1002.0,0.0,7.280109889280518,3.970291913552122
1000.0,-2.0,7.14142842854285,3.9318256327243257
1002.0,2.0,7.280109889280518,3.970291913552122
1002.0,0.0,7.280109889280518,3.970291913552122
1005.0,3.0,7.483314773547883,4.02535169073515
1010.0,5.0,7.810249675906654,4.110873864173311
1015.0,5.0,8.12403840463596,4.189654742026425
1018.0,3.0,8.306623862918075,4.23410650459726
1021.0,3.0,8.48528137423857,4.276666119016055
1023.0,2.0,8.602325267042627,4.30406509320417
1024.0,1.0,8.660254037844387,4.31748811353631
1022.0,-2.0,8.54400374531753,4.290459441148391
1022.0,0.0,8.54400374531753,4.290459441148391
1022.0,0.0,8.54400374531753,4.290459441148391
1018.0,-4.0,8.306623862918075,4.23410650459726
1016.0,-2.0,8.18535277187245,4.204692619390966
1013.0,-3.0,8.0,4.1588830833596715
1008.0,-5.0,7.681145747868608,4.07753744390572
1002.0,-6.0,7.280109889280518,3.970291913552122
999.0,-3.0,7.0710678118654755,3.912023005428146
994.0,-5.0,6.708203932499369,3.8066624897703196
992.0,-2.0,6.557438524302,3.7612001156935624
992.0,0.0,6.557438524302,3.7612001156935624
992.0,0.0,6.557438524302,3.7612001156935624
987.0,-5.0,6.164414002968976,3.6375861597263857
986.0,-1.0,6.082762530298219,3.6109179126442243
981.0,-5.0,5.656854249492381,3.4657359027997265
977.0,-4.0,5.291502622129181,3.332204510175204
979.0,2.0,5.477225575051661,3.4011973816621555
976.0,-3.0,5.196152422706632,3.295836866004329
971.0,-5.0,4.69041575982343,3.091042453358316
971.0,0.0,4.69041575982343,3.091042453358316
972.0,1.0,4.795831523312719,3.1354942159291497
972.0,0.0,4.795831523312719,3.1354942159291497
974.0,2.0,5.0,3.2188758248682006
975.0,1.0,5.0990195135927845,3.258096538021482
975.0,0.0,5.0990195135927845,3.258096538021482
976.0,1.0,5.196152422706632,3.295836866004329
975.0,-1.0,5.0990195135927845,3.258096538021482
973.0,-2.0,4.898979485566356,3.1780538303479458
972.0,-1.0,4.795831523312719,3.1354942159291497
970.0,-2.0,4.58257569495584,3.044522437723423
967.0,-3.0,4.242640687119285,2.8903717578961645
964.0,-3.0,3.872983346207417,2.70805020110221
962.0,-2.0,3.605551275463989,2.5649493574615367
963.0,1.0,3.7416573867739413,2.6390573296152584
972.0,9.0,4.795831523312719,3.1354942159291497
987.0,15.0,6.164414002968976,3.6375861597263857
1006.0,19.0,7.54983443527075,4.04305126783455
1037.0,31.0,9.38083151964686,4.477336814478207
1078.0,41.0,11.357816691600547,4.859812404361672
1120.0,42.0,13.076696830622021,5.14166355650266
1169.0,49.0,14.832396974191326,5.393627546352362
1219.0,50.0,16.431676725154983,5.598421958998375
1266.0,47.0,17.804493814764857,5.75890177387728
1303.0,37.0,18.81488772222678,5.869296913133774
1314.0,11.0,19.1049731745428,5.8998973535824915
1303.0,-11.0,18.81488772222678,5.869296913133774
1263.0,-40.0,17.72004514666935,5.749392985908253
1206.0,-57.0,16.0312195418814,5.54907608489522
1135.0,-71.0,13.638181696985855,5.225746673713202
1074.0,-61.0,11.180339887498949,4.8283137373023015
1020.0,-54.0,8.426149773176359,4.2626798770413155
982.0,-38.0,5.744562646538029,3.4965075614664802
960.0,-22.0,3.3166247903554,2.3978952727983707
950.0,-10.0,1.0,0.0
955.0,5.0,2.449489742783178,1.791759469228055
962.0,7.0,3.605551275463989,2.5649493574615367
971.0,9.0,4.69041575982343,3.091042453358316
976.0,5.0,5.196152422706632,3.295836866004329
976.0,0.0,5.196152422706632,3.295836866004329
976.0,0.0,5.196152422706632,3.295836866004329
969.0,-7.0,4.47213595499958,2.995732273553991
964.0,-5.0,3.872983346207417,2.70805020110221
960.0,-4.0,3.3166247903554,2.3978952727983707
960.0,0.0,3.3166247903554,2.3978952727983707
960.0,0.0,3.3166247903554,2.3978952727983707
960.0,0.0,3.3166247903554,2.3978952727983707
961.0,1.0,3.4641016151377544,2.4849066497880004
961.0,0.0,3.4641016151377544,2.4849066497880004
961.0,0.0,3.4641016151377544,2.4849066497880004
959.0,-2.0,3.1622776601683795,2.302585092994046
957.0,-2.0,2.8284271247461903,2.0794415416798357
959.0,2.0,3.1622776601683795,2.302585092994046
959.0,0.0,3.1622776601683795,2.302585092994046
959.0,0.0,3.1622776601683795,2.302585092994046
960.0,1.0,3.3166247903554,2.3978952727983707
962.0,2.0,3.605551275463989,2.5649493574615367
961.0,-1.0,3.4641016151377544,2.4849066497880004
961.0,0.0,3.4641016151377544,2.4849066497880004
962.0,1.0,3.605551275463989,2.5649493574615367
960.0,-2.0,3.3166247903554,2.3978952727983707
960.0,0.0,3.3166247903554,2.3978952727983707
962.0,2.0,3.605551275463989,2.5649493574615367
961.0,-1.0,3.4641016151377544,2.4849066497880004
963.0,2.0,3.7416573867739413,2.6390573296152584
963.0,0.0,3.7416573867739413,2.6390573296152584
965.0,2.0,4.0,2.772588722239781
963.0,-2.0,3.7416573867739413,2.6390573296152584
965.0,2.0,4.0,2.772588722239781
964.0,-1.0,3.872983346207417,2.70805020110221
965.0,1.0,4.0,2.772588722239781
965.0,0.0,4.0,2.772588722239781
966.0,1.0,4.123105625617661,2.833213344056216
965.0,-1.0,4.0,2.772588722239781
967.0,2.0,4.242640687119285,2.8903717578961645
966.0,-1.0,4.123105625617661,2.833213344056216
966.0,0.0,4.123105625617661,2.833213344056216
970.0,4.0,4.58257569495584,3.044522437723423
970.0,0.0,4.58257569495584,3.044522437723423
972.0,2.0,4.795831523312719,3.1354942159291497
972.0,0.0,4.795831523312719,3.1354942159291497
974.0,2.0,5.0,3.2188758248682006
974.0,0.0,5.0,3.2188758248682006
973.0,-1.0,4.898979485566356,3.1780538303479458
971.0,-2.0,4.69041575982343,3.091042453358316
974.0,3.0,5.0,3.2188758248682006
974.0,0.0,5.0,3.2188758248682006
976.0,2.0,5.196152422706632,3.295836866004329
977.0,1.0,5.291502622129181,3.332204510175204
980.0,3.0,5.5677643628300215,3.4339872044851463
978.0,-2.0,5.385164807134504,3.367295829986474
981.0,3.0,5.656854249492381,3.4657359027997265
981.0,0.0,5.656854249492381,3.4657359027997265
981.0,0.0,5.656854249492381,3.4657359027997265
981.0,0.0,5.656854249492381,3.4657359027997265
982.0,1.0,5.744562646538029,3.4965075614664802
983.0,1.0,5.830951894845301,3.5263605246161616
984.0,1.0,5.916079783099616,3.5553480614894135
984.0,0.0,5.916079783099616,3.5553480614894135
983.0,-1.0,5.830951894845301,3.5263605246161616
986.0,3.0,6.082762530298219,3.6109179126442243
986.0,0.0,6.082762530298219,3.6109179126442243
987.0,1.0,6.164414002968976,3.6375861597263857
987.0,0.0,6.164414002968976,3.6375861597263857
986.0,-1.0,6.082762530298219,3.6109179126442243
986.0,0.0,6.082762530298219,3.6109179126442243
986.0,0.0,6.082762530298219,3.6109179126442243
985.0,-1.0,6.0,3.58351893845611
985.0,0.0,6.0,3.58351893845611
987.0,2.0,6.164414002968976,3.6375861597263857
987.0,0.0,6.164414002968976,3.6375861597263857
988.0,1.0,6.244997998398398,3.6635616461296463
991.0,3.0,6.48074069840786,3.7376696182833684
993.0,2.0,6.6332495807108,3.784189633918261
994.0,1.0,6.708203932499369,3.8066624897703196
996.0,2.0,6.855654600401044,3.8501476017100584
996.0,0.0,6.855654600401044,3.8501476017100584
998.0,2.0,7.0,3.8918202981106265
1000.0,2.0,7.14142842854285,3.9318256327243257
1001.0,1.0,7.211102550927978,3.9512437185814275
1002.0,1.0,7.280109889280518,3.970291913552122
1005.0,3.0,7.483314773547883,4.02535169073515
1006.0,1.0,7.54983443527075,4.04305126783455
1008.0,2.0,7.681145747868608,4.07753744390572
1009.0,1.0,7.745966692414834,4.0943445622221
1008.0,-1.0,7.681145747868608,4.07753744390572
1007.0,-1.0,7.615773105863909,4.060443010546419
1005.0,-2.0,7.483314773547883,4.02535169073515
1003.0,-2.0,7.3484692283495345,3.9889840465642745
1002.0,-1.0,7.280109889280518,3.970291913552122
1000.0,-2.0,7.14142842854285,3.9318256327243257
999.0,-1.0,7.0710678118654755,3.912023005428146
1000.0,1.0,7.14142842854285,3.9318256327243257
1001.0,1.0,7.211102550927978,3.9512437185814275
1000.0,-1.0,7.14142842854285,3.9318256327243257
1002.0,2.0,7.280109889280518,3.970291913552122
1006.0,4.0,7.54983443527075,4.04305126783455
1004.0,-2.0,7.416198487095663,4.007333185232471
1002.0,-2.0,7.280109889280518,3.970291913552122
1001.0,-1.0,7.211102550927978,3.9512437185814275
1000.0,-1.0,7.14142842854285,3.9318256327243257
998.0,-2.0,7.0,3.8918202981106265
997.0,-1.0,6.928203230275509,3.871201010907891
995.0,-2.0,6.782329983125268,3.828641396489095
996.0,1.0,6.855654600401044,3.8501476017100584
998.0,2.0,7.0,3.8918202981106265
1000.0,2.0,7.14142842854285,3.9318256327243257
1004.0,4.0,7.416198487095663,4.007333185232471
1004.0,0.0,7.416198487095663,4.007333185232471
1004.0,0.0,7.416198487095663,4.007333185232471
1003.0,-1.0,7.3484692283495345,3.9889840465642745
1004.0,1.0,7.416198487095663,4.007333185232471
1003.0,-1.0,7.3484692283495345,3.9889840465642745
1002.0,-1.0,7.280109889280518,3.970291913552122
1000.0,-2.0,7.14142842854285,3.9318256327243257
999.0,-1.0,7.0710678118654755,3.912023005428146
998.0,-1.0,7.0,3.8918202981106265
999.0,1.0,7.0710678118654755,3.912023005428146
1000.0,1.0,7.14142842854285,3.9318256327243257
1004.0,4.0,7.416198487095663,4.007333185232471
1007.0,3.0,7.615773105863909,4.060443010546419
1007.0,0.0,7.615773105863909,4.060443010546419
1007.0,0.0,7.615773105863909,4.060443010546419
1010.0,3.0,7.810249675906654,4.110873864173311
1002.0,-8.0,7.280109889280518,3.970291913552122
1003.0,1.0,7.3484692283495345,3.9889840465642745
1001.0,-2.0,7.211102550927978,3.9512437185814275
1001.0,0.0,7.211102550927978,3.9512437185814275
1003.0,2.0,7.3484692283495345,3.9889840465642745
1003.0,0.0,7.3484692283495345,3.9889840465642745
1006.0,3.0,7.54983443527075,4.04305126783455
1008.0,2.0,7.681145747868608,4.07753744390572
1009.0,1.0,7.745966692414834,4.0943445622221
1011.0,2.0,7.874007874011811,4.127134385045092
1010.0,-1.0,7.810249675906654,4.110873864173311
1010.0,0.0,7.810249675906654,4.110873864173311
1008.0,-2.0,7.681145747868608,4.07753744390572
1005.0,-3.0,7.483314773547883,4.02535169073515
1003.0,-2.0,7.3484692283495345,3.9889840465642745
1004.0,1.0,7.416198487095663,4.007333185232471
999.0,-5.0,7.0710678118654755,3.912023005428146
1000.0,1.0,7.14142842854285,3.9318256327243257
1000.0,0.0,7.14142842854285,3.9318256327243257
1002.0,2.0,7.280109889280518,3.970291913552122
1007.0,5.0,7.615773105863909,4.060443010546419
1007.0,0.0,7.615773105863909,4.060443010546419
1004.0,-3.0,7.416198487095663,4.007333185232471
1004.0,0.0,7.416198487095663,4.007333185232471
1004.0,0.0,7.416198487095663,4.007333185232471
1002.0,-2.0,7.280109889280518,3.970291913552122
1002.0,0.0,7.280109889280518,3.970291913552122
1005.0,3.0,7.483314773547883,4.02535169073515
1006.0,1.0,7.54983443527075,4.04305126783455
1008.0,2.0,7.681145747868608,4.07753744390572
1014.0,6.0,8.06225774829855,4.174387269895637
1014.0,0.0,8.06225774829855,4.174387269895637
1019.0,5.0,8.366600265340756,4.248495242049359
1019.0,0.0,8.366600265340756,4.248495242049359
1021.0,2.0,8.48528137423857,4.276666119016055
1021.0,0.0,8.48528137423857,4.276666119016055
1022.0,1.0,8.54400374531753,4.290459441148391
1020.0,-2.0,8.426149773176359,4.2626798770413155
1022.0,2.0,8.54400374531753,4.290459441148391
1023.0,1.0,8.602325267042627,4.30406509320417
1030.0,7.0,9.0,4.394449154672439
1033.0,3.0,9.16515138991168,4.430816798843313
1033.0,0.0,9.16515138991168,4.430816798843313
1034.0,1.0,9.219544457292887,4.442651256490317
1033.0,-1.0,9.16515138991168,4.430816798843313
1034.0,1.0,9.219544457292887,4.442651256490317
1034.0,0.0,9.219544457292887,4.442651256490317
1037.0,3.0,9.38083151964686,4.477336814478207
1036.0,-1.0,9.327379053088816,4.465908118654584
1034.0,-2.0,9.219544457292887,4.442651256490317
1032.0,-2.0,9.1104335791443,4.418840607796598
1027.0,-5.0,8.831760866327848,4.356708826689592
1024.0,-3.0,8.660254037844387,4.31748811353631
1018.0,-6.0,8.306623862918075,4.23410650459726
1015.0,-3.0,8.12403840463596,4.189654742026425
1011.0,-4.0,7.874007874011811,4.127134385045092
1006.0,-5.0,7.54983443527075,4.04305126783455
1004.0,-2.0,7.416198487095663,4.007333185232471
999.0,-5.0,7.0710678118654755,3.912023005428146
997.0,-2.0,6.928203230275509,3.871201010907891
991.0,-6.0,6.48074069840786,3.7376696182833684
992.0,1.0,6.557438524302,3.7612001156935624
988.0,-4.0,6.244997998398398,3.6635616461296463
987.0,-1.0,6.164414002968976,3.6375861597263857
986.0,-1.0,6.082762530298219,3.6109179126442243
989.0,3.0,6.324555320336759,3.6888794541139363
990.0,1.0,6.4031242374328485,3.713572066704308
989.0,-1.0,6.324555320336759,3.6888794541139363
987.0,-2.0,6.164414002968976,3.6375861597263857
988.0,1.0,6.244997998398398,3.6635616461296463
988.0,0.0,6.244997998398398,3.6635616461296463
990.0,2.0,6.4031242374328485,3.713572066704308
987.0,-3.0,6.164414002968976,3.6375861597263857
986.0,-1.0,6.082762530298219,3.6109179126442243
983.0,-3.0,5.830951894845301,3.5263605246161616
983.0,0.0,5.830951894845301,3.5263605246161616
982.0,-1.0,5.744562646538029,3.4965075614664802
985.0,3.0,6.0,3.58351893845611
985.0,0.0,6.0,3.58351893845611
985.0,0.0,6.0,3.58351893845611
985.0,0.0,6.0,3.58351893845611
985.0,0.0,6.0,3.58351893845611
993.0,8.0,6.6332495807108,3.784189633918261
1007.0,14.0,7.615773105863909,4.060443010546419
1028.0,21.0,8.888194417315589,4.3694478524670215
1055.0,27.0,10.295630140987,4.663439094112067
1090.0,35.0,11.874342087037917,4.948759890378168
1131.0,41.0,13.490737563232042,5.204006687076795
1178.0,47.0,15.132745950421556,5.43372200355424
1232.0,54.0,16.822603841260722,5.645446897643238
1281.0,49.0,18.2208671582886,5.805134968916488
1320.0,39.0,19.261360284258224,5.916202062607435
1341.0,21.0,19.79898987322333,5.971261839790462
1333.0,-8.0,19.595917942265423,5.950642552587727
1303.0,-30.0,18.81488772222678,5.869296913133774
1251.0,-52.0,17.378147196982766,5.71042701737487
1188.0,-63.0,15.459624833740307,5.476463551931511
1126.0,-62.0,13.30413469565007,5.176149732573829
1067.0,-59.0,10.862780491200215,4.770684624465665
1020.0,-47.0,8.426149773176359,4.2626798770413155
992.0,-28.0,6.557438524302,3.7612001156935624
974.0,-18.0,5.0,3.2188758248682006
973.0,-1.0,4.898979485566356,3.1780538303479458
973.0,0.0,4.898979485566356,3.1780538303479458
982.0,9.0,5.744562646538029,3.4965075614664802
991.0,9.0,6.48074069840786,3.7376696182833684
991.0,0.0,6.48074069840786,3.7376696182833684
988.0,-3.0,6.244997998398398,3.6635616461296463
982.0,-6.0,5.744562646538029,3.4965075614664802
976.0,-6.0,5.196152422706632,3.295836866004329
966.0,-10.0,4.123105625617661,2.833213344056216
962.0,-4.0,3.605551275463989,2.5649493574615367
959.0,-3.0,3.1622776601683795,2.302585092994046
962.0,3.0,3.605551275463989,2.5649493574615367
961.0,-1.0,3.4641016151377544,2.4849066497880004
965.0,4.0,4.0,2.772588722239781
969.0,4.0,4.47213595499958,2.995732273553991
970.0,1.0,4.58257569495584,3.044522437723423
970.0,0.0,4.58257569495584,3.044522437723423
968.0,-2.0,4.358898943540674,2.9444389791664403
966.0,-2.0,4.123105625617661,2.833213344056216
963.0,-3.0,3.7416573867739413,2.6390573296152584
963.0,0.0,3.7416573867739413,2.6390573296152584
962.0,-1.0,3.605551275463989,2.5649493574615367
962.0,0.0,3.605551275463989,2.5649493574615367
960.0,-2.0,3.3166247903554,2.3978952727983707
962.0,2.0,3.605551275463989,2.5649493574615367
963.0,1.0,3.7416573867739413,2.6390573296152584
964.0,1.0,3.872983346207417,2.70805020110221
963.0,-1.0,3.7416573867739413,2.6390573296152584
964.0,1.0,3.872983346207417,2.70805020110221
963.0,-1.0,3.7416573867739413,2.6390573296152584
967.0,4.0,4.242640687119285,2.8903717578961645
967.0,0.0,4.242640687119285,2.8903717578961645
964.0,-3.0,3.872983346207417,2.70805020110221
963.0,-1.0,3.7416573867739413,2.6390573296152584
962.0,-1.0,3.605551275463989,2.5649493574615367
962.0,0.0,3.605551275463989,2.5649493574615367
961.0,-1.0,3.4641016151377544,2.4849066497880004
962.0,1.0,3.605551275463989,2.5649493574615367
964.0,2.0,3.872983346207417,2.70805020110221
964.0,0.0,3.872983346207417,2.70805020110221
965.0,1.0,4.0,2.772588722239781
966.0,1.0,4.123105625617661,2.833213344056216
965.0,-1.0,4.0,2.772588722239781
966.0,1.0,4.123105625617661,2.833213344056216
965.0,-1.0,4.0,2.772588722239781
965.0,0.0,4.0,2.772588722239781
964.0,-1.0,3.872983346207417,2.70805020110221
965.0,1.0,4.0,2.772588722239781
967.0,2.0,4.242640687119285,2.8903717578961645
967.0,0.0,4.242640687119285,2.8903717578961645
967.0,0.0,4.242640687119285,2.8903717578961645
971.0,4.0,4.69041575982343,3.091042453358316
972.0,1.0,4.795831523312719,3.1354942159291497
974.0,2.0,5.0,3.2188758248682006
974.0,0.0,5.0,3.2188758248682006
972.0,-2.0,4.795831523312719,3.1354942159291497
973.0,1.0,4.898979485566356,3.1780538303479458
971.0,-2.0,4.69041575982343,3.091042453358316
971.0,0.0,4.69041575982343,3.091042453358316
973.0,2.0,4.898979485566356,3.1780538303479458
976.0,3.0,5.196152422706632,3.295836866004329
977.0,1.0,5.291502622129181,3.332204510175204
978.0,1.0,5.385164807134504,3.367295829986474
980.0,2.0,5.5677643628300215,3.4339872044851463
979.0,-1.0,5.477225575051661,3.4011973816621555
978.0,-1.0,5.385164807134504,3.367295829986474
977.0,-1.0,5.291502622129181,3.332204510175204
974.0,-3.0,5.0,3.2188758248682006
979.0,5.0,5.477225575051661,3.4011973816621555
979.0,0.0,5.477225575051661,3.4011973816621555
981.0,2.0,5.656854249492381,3.4657359027997265
979.0,-2.0,5.477225575051661,3.4011973816621555
983.0,4.0,5.830951894845301,3.5263605246161616
979.0,-4.0,5.477225575051661,3.4011973816621555
980.0,1.0,5.5677643628300215,3.4339872044851463
982.0,2.0,5.744562646538029,3.4965075614664802
981.0,-1.0,5.656854249492381,3.4657359027997265
983.0,2.0,5.830951894845301,3.5263605246161616
980.0,-3.0,5.5677643628300215,3.4339872044851463
979.0,-1.0,5.477225575051661,3.4011973816621555
980.0,1.0,5.5677643628300215,3.4339872044851463
983.0,3.0,5.830951894845301,3.5263605246161616
985.0,2.0,6.0,3.58351893845611
987.0,2.0,6.164414002968976,3.6375861597263857
989.0,2.0,6.324555320336759,3.6888794541139363
991.0,2.0,6.48074069840786,3.7376696182833684
991.0,0.0,6.48074069840786,3.7376696182833684
992.0,1.0,6.557438524302,3.7612001156935624
992.0,0.0,6.557438524302,3.7612001156935624
989.0,-3.0,6.324555320336759,3.6888794541139363
990.0,1.0,6.4031242374328485,3.713572066704308
988.0,-2.0,6.244997998398398,3.6635616461296463
987.0,-1.0,6.164414002968976,3.6375861597263857
986.0,-1.0,6.082762530298219,3.6109179126442243
990.0,4.0,6.4031242374328485,3.713572066704308
991.0,1.0,6.48074069840786,3.7376696182833684
992.0,1.0,6.557438524302,3.7612001156935624
992.0,0.0,6.557438524302,3.7612001156935624
988.0,-4.0,6.244997998398398,3.6635616461296463
987.0,-1.0,6.164414002968976,3.6375861597263857
985.0,-2.0,6.0,3.58351893845611
986.0,1.0,6.082762530298219,3.6109179126442243
984.0,-2.0,5.916079783099616,3.5553480614894135
982.0,-2.0,5.744562646538029,3.4965075614664802
982.0,0.0,5.744562646538029,3.4965075614664802
981.0,-1.0,5.656854249492381,3.4657359027997265
983.0,2.0,5.830951894845301,3.5263605246161616
982.0,-1.0,5.744562646538029,3.4965075614664802
987.0,5.0,6.164414002968976,3.6375861597263857
986.0,-1.0,6.082762530298219,3.6109179126442243
989.0,3.0,6.324555320336759,3.6888794541139363
987.0,-2.0,6.164414002968976,3.6375861597263857
987.0,0.0,6.164414002968976,3.6375861597263857
984.0,-3.0,5.916079783099616,3.5553480614894135
982.0,-2.0,5.744562646538029,3.4965075614664802
980.0,-2.0,5.5677643628300215,3.4339872044851463
978.0,-2.0,5.385164807134504,3.367295829986474
980.0,2.0,5.5677643628300215,3.4339872044851463
978.0,-2.0,5.385164807134504,3.367295829986474
978.0,0.0,5.385164807134504,3.367295829986474
982.0,4.0,5.744562646538029,3.4965075614664802
984.0,2.0,5.916079783099616,3.5553480614894135
986.0,2.0,6.082762530298219,3.6109179126442243
988.0,2.0,6.244997998398398,3.6635616461296463
987.0,-1.0,6.164414002968976,3.6375861597263857
986.0,-1.0,6.082762530298219,3.6109179126442243
982.0,-4.0,5.744562646538029,3.4965075614664802
983.0,1.0,5.830951894845301,3.5263605246161616
977.0,-6.0,5.291502622129181,3.332204510175204
980.0,3.0,5.5677643628300215,3.4339872044851463
981.0,1.0,5.656854249492381,3.4657359027997265
982.0,1.0,5.744562646538029,3.4965075614664802
982.0,0.0,5.744562646538029,3.4965075614664802
986.0,4.0,6.082762530298219,3.6109179126442243
988.0,2.0,6.244997998398398,3.6635616461296463
989.0,1.0,6.324555320336759,3.6888794541139363
989.0,0.0,6.324555320336759,3.6888794541139363
986.0,-3.0,6.082762530298219,3.6109179126442243
985.0,-1.0,6.0,3.58351893845611
983.0,-2.0,5.830951894845301,3.5263605246161616
980.0,-3.0,5.5677643628300215,3.4339872044851463
979.0,-1.0,5.477225575051661,3.4011973816621555
981.0,2.0,5.656854249492381,3.4657359027997265
980.0,-1.0,5.5677643628300215,3.4339872044851463
981.0,1.0,5.656854249492381,3.4657359027997265
981.0,0.0,5.656854249492381,3.4657359027997265
984.0,3.0,5.916079783099616,3.5553480614894135
984.0,0.0,5.916079783099616,3.5553480614894135
987.0,3.0,6.164414002968976,3.6375861597263857
984.0,-3.0,5.916079783099616,3.5553480614894135
981.0,-3.0,5.656854249492381,3.4657359027997265
981.0,0.0,5.656854249492381,3.4657359027997265
979.0,-2.0,5.477225575051661,3.4011973816621555
979.0,0.0,5.477225575051661,3.4011973816621555
978.0,-1.0,5.385164807134504,3.367295829986474
976.0,-2.0,5.196152422706632,3.295836866004329
979.0,3.0,5.477225575051661,3.4011973816621555
982.0,3.0,5.744562646538029,3.4965075614664802
984.0,2.0,5.916079783099616,3.5553480614894135
987.0,3.0,6.164414002968976,3.6375861597263857
988.0,1.0,6.244997998398398,3.6635616461296463
988.0,0.0,6.244997998398398,3.6635616461296463
988.0,0.0,6.244997998398398,3.6635616461296463
988.0,0.0,6.244997998398398,3.6635616461296463
989.0,1.0,6.324555320336759,3.6888794541139363
989.0,0.0,6.324555320336759,3.6888794541139363
991.0,2.0,6.48074069840786,3.7376696182833684
991.0,0.0,6.48074069840786,3.7376696182833684
992.0,1.0,6.557438524302,3.7612001156935624
994.0,2.0,6.708203932499369,3.8066624897703196
997.0,3.0,6.928203230275509,3.871201010907891
1001.0,4.0,7.211102550927978,3.9512437185814275
1005.0,4.0,7.483314773547883,4.02535169073515
1011.0,6.0,7.874007874011811,4.127134385045092
1014.0,3.0,8.06225774829855,4.174387269895637
1014.0,0.0,8.06225774829855,4.174387269895637
1012.0,-2.0,7.937253933193772,4.143134726391533
1011.0,-1.0,7.874007874011811,4.127134385045092
1009.0,-2.0,7.745966692414834,4.0943445622221
1006.0,-3.0,7.54983443527075,4.04305126783455
1006.0,0.0,7.54983443527075,4.04305126783455
1004.0,-2.0,7.416198487095663,4.007333185232471
1008.0,4.0,7.681145747868608,4.07753744390572
1009.0,1.0,7.745966692414834,4.0943445622221
1005.0,-4.0,7.483314773547883,4.02535169073515
1002.0,-3.0,7.280109889280518,3.970291913552122
997.0,-5.0,6.928203230275509,3.871201010907891
992.0,-5.0,6.557438524302,3.7612001156935624
986.0,-6.0,6.082762530298219,3.6109179126442243
981.0,-5.0,5.656854249492381,3.4657359027997265
976.0,-5.0,5.196152422706632,3.295836866004329
975.0,-1.0,5.0990195135927845,3.258096538021482
972.0,-3.0,4.795831523312719,3.1354942159291497
970.0,-2.0,4.58257569495584,3.044522437723423
969.0,-1.0,4.47213595499958,2.995732273553991
969.0,0.0,4.47213595499958,2.995732273553991
968.0,-1.0,4.358898943540674,2.9444389791664403
967.0,-1.0,4.242640687119285,2.8903717578961645
964.0,-3.0,3.872983346207417,2.70805020110221
964.0,0.0,3.872983346207417,2.70805020110221
963.0,-1.0,3.7416573867739413,2.6390573296152584
964.0,1.0,3.872983346207417,2.70805020110221
960.0,-4.0,3.3166247903554,2.3978952727983707
960.0,0.0,3.3166247903554,2.3978952727983707
960.0,0.0,3.3166247903554,2.3978952727983707
961.0,1.0,3.4641016151377544,2.4849066497880004
961.0,0.0,3.4641016151377544,2.4849066497880004
962.0,1.0,3.605551275463989,2.5649493574615367
961.0,-1.0,3.4641016151377544,2.4849066497880004
961.0,0.0,3.4641016151377544,2.4849066497880004
958.0,-3.0,3.0,2.1972245773362196
953.0,-5.0,2.0,1.3862943611198906
952.0,-1.0,1.7320508075688772,1.0986122886681098
951.0,-1.0,1.4142135623730951,0.6931471805599453
956.0,5.0,2.6457513110645907,1.9459101490553132
968.0,12.0,4.358898943540674,2.9444389791664403
986.0,18.0,6.082762530298219,3.6109179126442243
1009.0,23.0,7.745966692414834,4.0943445622221
1039.0,30.0,9.486832980505138,4.499809670330265
1078.0,39.0,11.357816691600547,4.859812404361672
1122.0,44.0,13.152946437965905,5.153291594497779
1170.0,48.0,14.866068747318506,5.3981627015177525
1220.0,50.0,16.46207763315433,5.602118820879701
1263.0,43.0,17.72004514666935,5.749392985908253
1299.0,36.0,18.708286933869708,5.857933154483459
1313.0,14.0,19.078784028338912,5.8971538676367405
1297.0,-16.0,18.65475810617763,5.8522024797744745
1264.0,-33.0,17.74823934929885,5.752572638825633
1208.0,-56.0,16.09347693943108,5.556828061699537
1149.0,-59.0,14.142135623730951,5.298317366548036
1090.0,-59.0,11.874342087037917,4.948759890378168
