sample_index,observed,AR(3),MA(2),"ARMA(3,2)","ARIMA(3,1,2)",Training-mean baseline
1800,1101.0,1101.5090214456886,1107.4826262264103,1099.495238235843,1101.7471559902183,1026.0311111111112
1801,1049.0,1041.004052574632,1055.68880655393,1041.3126220196593,1048.2053540069076,1026.0311111111112
1802,1011.0,987.1322447513777,1026.0380355563846,996.2581157246686,1011.227223634257,1026.0311111111112
1803,989.0,941.794202859346,1026.0380355563846,966.8885176479143,993.4277421338246,1026.0311111111112
1804,981.0,906.1930393862522,1026.0380355563846,953.5700827717038,994.3822705997674,1026.0311111111112
1805,980.0,880.8843559146084,1026.0380355563846,954.7851041711252,1011.1459895722404,1026.0311111111112
1806,989.0,865.8395823505898,1026.0380355563846,967.6101106023267,1039.0379711432665,1026.0311111111112
1807,997.0,860.5246517827322,1026.0380355563846,988.2816556845388,1072.546477786668,1026.0311111111112
1808,1001.0,863.9912728240206,1026.0380355563846,1012.7690859173525,1106.2128836079808,1026.0311111111112
1809,1002.0,874.9761087387592,1026.0380355563846,1037.285976433673,1135.3756775707448,1026.0311111111112
1810,1002.0,892.002613693348,1026.0380355563846,1058.6902275979592,1156.6930470817165,1026.0311111111112
1811,996.0,913.4804597514342,1026.0380355563846,1074.7440013100509,1168.4052677481754,1026.0311111111112
1812,991.0,937.7980846976155,1026.0380355563846,1084.2257921469127,1170.339785517125,1026.0311111111112
1813,989.0,963.4047170833365,1026.0380355563846,1086.905512369953,1163.696890669022,1026.0311111111112
1814,986.0,988.8791755640059,1026.0380355563846,1083.4077557616663,1150.6784229862888,1026.0311111111112
1815,985.0,1012.9837132847218,1026.0380355563846,1074.9974184257437,1134.0342044305619,1026.0311111111112
1816,983.0,1034.7021233552355,1026.0380355563846,1063.325396660031,1116.601023926832,1026.0311111111112
1817,981.0,1053.262191109016,1026.0380355563846,1050.170627711328,1100.8988001722219,1026.0311111111112
1818,979.0,1068.1433375647052,1026.0380355563846,1037.2092717445282,1088.8309768937654,1026.0311111111112
1819,978.0,1079.0709219003325,1026.0380355563846,1025.8336461361916,1081.5147873111962,1026.0311111111112
1820,981.0,1085.9991445820801,1026.0380355563846,1017.0340179639943,1079.2452881548347,1026.0311111111112
1821,980.0,1089.0848121778047,1026.0380355563846,1011.3468654772729,1081.5780506286223,1026.0311111111112
1822,982.0,1088.6543932556433,1026.0380355563846,1008.8648453468069,1087.5013168323956,1026.0311111111112
1823,985.0,1085.1668225965448,1026.0380355563846,1009.297248487152,1095.6604846680093,1026.0311111111112
1824,984.0,1079.1744143474862,1026.0380355563846,1012.0656371918045,1104.5961466174688,1026.0311111111112
1825,984.0,1071.2840439497436,1026.0380355563846,1016.4177249824693,1112.9608573335356,1026.0311111111112
1826,985.0,1062.1204765478496,1026.0380355563846,1021.543179199506,1119.6879594881093,1026.0311111111112
1827,985.0,1052.2933801348115,1026.0380355563846,1026.6774565174228,1124.0964026319778,1026.0311111111112
1828,983.0,1042.3691887659475,1026.0380355563846,1031.183443870371,1125.9267173096723,1026.0311111111112
1829,983.0,1032.8485973048,1026.0380355563846,1034.604942193624,1125.3135163305358,1026.0311111111112
1830,981.0,1024.1500946119775,1026.0380355563846,1036.6903001847395,1122.7078331460255,1026.0311111111112
1831,980.0,1016.5995941322067,1026.0380355563846,1037.3882788709084,1118.7675209638612,1026.0311111111112
1832,983.0,1010.4259132963003,1026.0380355563846,1036.8211436911836,1114.2356023376474,1026.0311111111112
1833,983.0,1005.7615961426443,1026.0380355563846,1035.2418369022919,1109.8251351652284,1026.0311111111112
1834,981.0,1002.6483734404959,1026.0380355563846,1032.9828342973792,1106.1254782022788,1026.0311111111112
1835,985.0,1001.0464141350166,1026.0380355563846,1030.4040281929113,1103.5396585738433,1026.0311111111112
1836,983.0,1000.8464406195501,1026.0380355563846,1027.845898900063,1102.2568037087783,1026.0311111111112
1837,985.0,1001.8837548138707,1026.0380355563846,1025.592598976033,1102.2581752930014,1026.0311111111112
1838,984.0,1003.9532465993127,1026.0380355563846,1023.8476611623083,1103.3509332633832,1026.0311111111112
1839,985.0,1006.824523385903,1026.0380355563846,1022.7231210684798,1105.220818698286,1026.0311111111112
1840,984.0,1010.2564008430533,1026.0380355563846,1022.241145361192,1107.493660016533,1026.0311111111112
1841,983.0,1014.0101208918719,1026.0380355563846,1022.3459389909858,1109.795905886396,1026.0311111111112
1842,984.0,1017.8608046381783,1026.0380355563846,1022.9228628744119,1111.8059919454574,1026.0311111111112
1843,982.0,1021.6067961187468,1026.0380355563846,1023.8213478429311,1113.2908401943564,1026.0311111111112
1844,983.0,1025.0766994198025,1026.0380355563846,1024.8783013134096,1114.1246932704444,1026.0311111111112
1845,985.0,1028.1340498719835,1026.0380355563846,1025.9391828549417,1114.290339029289,1026.0311111111112
1846,987.0,1030.6796838918433,1026.0380355563846,1026.8746573833778,1113.8651984268336,1026.0311111111112
1847,987.0,1032.6519773057908,1026.0380355563846,1027.5915931490508,1112.9964639177902,1026.0311111111112
1848,985.0,1034.0252057912057,1026.0380355563846,1028.0380349361008,1111.8703558289674,1026.0311111111112
1849,987.0,1034.806341948125,1026.0380355563846,1028.202549030431,1110.6806142770388,1026.0311111111112
1850,987.0,1035.0306413296,1026.0380355563846,1028.108931563384,1109.6006818065391,1026.0311111111112
1851,987.0,1034.756385519208,1026.0380355563846,1027.8076539043998,1108.7628551609712,1026.0311111111112
1852,986.0,1034.0591460200098,1026.0380355563846,1027.3655777332515,1108.246232738844,1026.0311111111112
1853,986.0,1033.0259110238867,1026.0380355563846,1026.8554259351863,1108.0737986014215,1026.0311111111112
1854,984.0,1031.7493812944208,1026.0380355563846,1026.346282394158,1108.2176741293165,1026.0311111111112
1855,984.0,1030.3226949451512,1026.0380355563846,1025.896066171582,1108.6105886126854,1026.0311111111112
1856,990.0,1028.8347874366702,1026.0380355563846,1025.5465404626584,1109.1610556838848,1026.0311111111112
1857,993.0,1027.3665361549904,1026.0380355563846,1025.321028596485,1109.7696089884232,1026.0311111111112
1858,992.0,1025.9877817103654,1026.0380355563846,1025.2246641613567,1110.3437015972336,1026.0311111111112
1859,995.0,1024.7552634602903,1026.0380355563846,1025.246733555223,1110.809417100435,1026.0311111111112
1860,996.0,1023.7114570804488,1026.0380355563846,1025.364495950547,1111.1188573735353,1026.0311111111112
1861,996.0,1022.8842591119311,1026.0380355563846,1025.5477926019691,1111.2528378474383,1026.0311111111112
1862,997.0,1022.2874285693752,1026.0380355563846,1025.7637768694372,1111.2192229237514,1026.0311111111112
1863,993.0,1021.9216696158263,1026.0380355563846,1025.9811909545754,1111.0477848820399,1026.0311111111112
1864,991.0,1021.7762221888693,1026.0380355563846,1026.1737618383488,1110.782816029428,1026.0311111111112
1865,994.0,1021.830819026675,1026.0380355563846,1026.3224616629518,1110.4748488733012,1026.0311111111112
1866,994.0,1022.0578671260793,1026.0380355563846,1026.416552306204,1110.172758739801,1026.0311111111112
1867,994.0,1022.4247182897708,1026.0380355563846,1026.4534894205742,1109.9172793953378,1026.0311111111112
1868,996.0,1022.8959058832996,1026.0380355563846,1026.4378826155123,1109.7366129782183,1026.0311111111112
1869,998.0,1023.4352418843912,1026.0380355563846,1026.3797870747871,1109.6444248339017,1026.0311111111112
1870,1000.0,1024.007688371859,1026.0380355563846,1026.2926354691801,1109.6401417144107,1026.0311111111112
1871,1002.0,1024.5809393950703,1026.0380355563846,1026.1911109424875,1109.7111667271,1026.0311111111112
1872,1002.0,1025.1266713991981,1026.0380355563846,1026.0892199370853,1109.8364183673878,1026.0311111111112
1873,1002.0,1025.6214419068676,1026.0380355563846,1025.9987581257014,1109.9905074743353,1026.0311111111112
1874,1000.0,1026.047236001738,1026.0380355563846,1025.9282852238025,1110.1478810021745,1026.0311111111112
1875,999.0,1026.3916775562302,1026.0380355563846,1025.8826460028158,1110.2863667472539,1026.0311111111112
1876,999.0,1026.647936542308,1026.0380355563846,1025.8630047575937,1110.3897205798266,1026.0311111111112
1877,999.0,1026.8143748256289,1026.0380355563846,1025.8673056478408,1110.4489749161623,1026.0311111111112
1878,999.0,1026.893980440145,1026.0380355563846,1025.8910356801055,1110.4625824978268,1026.0311111111112
1879,1000.0,1026.8936445296536,1026.0380355563846,1025.9281516822473,1110.4355163913654,1026.0311111111112
1880,1001.0,1026.8233361428547,1026.0380355563846,1025.9720359604303,1110.377606771705,1026.0311111111112
1881,1001.0,1026.6952282269538,1026.0380355563846,1026.0163639783943,1110.3014581036641,1026.0311111111112
1882,1003.0,1026.5228239262185,1026.0380355563846,1026.0557966842912,1110.2202965928184,1026.0311111111112
1883,1006.0,1026.3201261632703,1026.0380355563846,1026.086444870384,1110.1460548975817,1026.0311111111112
1884,1005.0,1026.1008859992824,1026.0380355563846,1026.1060882219933,1110.0879223568015,1026.0311111111112
1885,1004.0,1025.8779569714934,1026.0380355563846,1026.1141632782985,1110.0514906173885,1026.0311111111112
1886,1000.0,1025.6627740026238,1026.0380355563846,1026.111559292865,1110.0385230408367,1026.0311111111112
1887,1000.0,1025.4649670286535,1026.0380355563846,1026.1002771504363,1110.0472860796212,1026.0311111111112
1888,998.0,1025.2921115954937,1026.0380355563846,1026.0830135723227,1110.073312670663,1026.0311111111112
1889,1000.0,1025.1496116513856,1026.0380355563846,1026.0627314755409,1110.1104276738104,1026.0311111111112
1890,1000.0,1025.0407038475942,1026.0380355563846,1026.0422690741837,1110.1518547825078,1026.0311111111112
1891,1004.0,1024.966568008192,1026.0380355563846,1026.0240272189635,1110.191240198696,1026.0311111111112
1892,1005.0,1024.9265251123004,1026.0380355563846,1026.0097588799422,1110.2234645387898,1026.0311111111112
1893,1010.0,1024.9183021462734,1026.0380355563846,1026.0004688212991,1110.2451628921797,1026.0311111111112
1894,1013.0,1024.9383424609855,1026.0380355563846,1025.9964172967145,1110.2549251709452,1026.0311111111112
1895,1016.0,1024.9821406888466,1026.0380355563846,1025.9972104096942,1110.2531971115463,1026.0311111111112
1896,1014.0,1025.0445826736532,1026.0380355563846,1026.0019524516376,1110.2419404725247,1026.0311111111112
1897,1015.0,1025.1202730531086,1026.0380355563846,1026.0094322840598,1110.2241353625877,1026.0311111111112
1898,1014.0,1025.2038359030546,1026.0380355563846,1026.018316386052,1110.2032169400222,1026.0311111111112
1899,1011.0,1025.2901769952684,1026.0380355563846,1026.0273248605945,1110.1825339278987,1026.0311111111112
1900,1010.0,1025.3746995358554,1026.0380355563846,1026.035372546224,1110.1649002663878,1026.0311111111112
1901,1010.0,1025.4534685541396,1026.0380355563846,1026.0416643734193,1110.1522876939543,1026.0311111111112
1902,1008.0,1025.5233222414179,1026.0380355563846,1026.0457412330684,1110.1456804656834,1026.0311111111112
1903,1005.0,1025.5819313625411,1026.0380355563846,1026.0474790303479,1110.1450878997478,1026.0311111111112
1904,1006.0,1025.627810280052,1026.0380355563846,1026.0470486481065,1110.149689347308,1026.0311111111112
1905,1005.0,1025.6602850722304,1026.0380355563846,1026.044847868012,1110.1580717497689,1026.0311111111112
1906,1008.0,1025.6794256564149,1026.0380355563846,1026.0414177866278,1110.1685131685863,1026.0311111111112
1907,1012.0,1025.6859497406833,1026.0380355563846,1026.0373560412831,1110.179266332569,1026.0311111111112
1908,1012.0,1025.6811068400236,1026.0380355563846,1026.0332375314651,1110.1888031390774,1026.0311111111112
1909,1011.0,1025.6665505492517,1026.0380355563846,1026.0295507052165,1110.1959922845112,1026.0311111111112
1910,1009.0,1025.6442068231836,1026.0380355563846,1026.02665434377,1110.2001955855212,1026.0311111111112
1911,1006.0,1025.6161452462331,1026.0380355563846,1026.024756573474,1110.2012819193876,1026.0311111111112
1912,1005.0,1025.5844592571596,1026.0380355563846,1026.0239149484332,1110.199569221387,1026.0311111111112
1913,1002.0,1025.5511601110777,1026.0380355563846,1026.0240541665362,1110.1957133218996,1026.0311111111112
1914,1002.0,1025.5180880891435,1026.0380355563846,1026.0249964745094,1110.190566911607,1026.0311111111112
1915,1000.0,1025.4868431801167,1026.0380355563846,1026.0264991350753,1110.1850325446705,1026.0311111111112
1916,1000.0,1025.4587362224252,1026.0380355563846,1026.0282934170655,1110.179930824291,1026.0311111111112
1917,1001.0,1025.4347603649153,1026.0380355563846,1026.030120291884,1110.1758996516126,1026.0311111111112
1918,1001.0,1025.415581721767,1026.0380355563846,1026.0317591890996,1110.1733337573469,1026.0311111111112
1919,1003.0,1025.401547292045,1026.0380355563846,1026.033047570493,1110.1723668031857,1026.0311111111112
1920,1003.0,1025.3927076045713,1026.0380355563846,1026.0338905221913,1110.1728921326435,1026.0311111111112
1921,1003.0,1025.388851139963,1026.0380355563846,1026.0342608643434,1110.174613514801,1026.0311111111112
1922,1003.0,1025.389547368875,1026.0380355563846,1026.0341913076613,1110.1771143912442,1026.0311111111112
1923,1003.0,1025.3941952148111,1026.0380355563846,1026.033760869328,1110.179933311141,1026.0311111111112
1924,1000.0,1025.4020738801482,1026.0380355563846,1026.0330780735592,1110.182634234346,1026.0311111111112
1925,998.0,1025.4123932387913,1026.0380355563846,1026.0322634281401,1110.1848627875731,1026.0311111111112
1926,1000.0,1025.4243413683873,1026.0380355563846,1026.0314333478846,1110.1863828311066,1026.0311111111112
1927,1001.0,1025.4371272380197,1026.0380355563846,1026.0306871733228,1110.1870912523739,1026.0311111111112
1928,1000.0,1025.450017052827,1026.0380355563846,1026.0300983021614,1110.1870122147018,1026.0311111111112
1929,1001.0,1025.462363255859,1026.0380355563846,1026.029709803646,1110.1862747355353,1026.0311111111112
1930,999.0,1025.4736256734454,1026.0380355563846,1026.0295343004923,1110.1850791837064,1026.0311111111112
1931,1000.0,1025.4833847411242,1026.0380355563846,1026.02955743803,1110.18365897332,1026.0311111111112
1932,1004.0,1025.491347144912,1026.0380355563846,1026.0297439505503,1110.1822434518108,1026.0311111111112
1933,1005.0,1025.4973445444457,1026.0380355563846,1026.0300451915546,1110.1810269155044,1026.0311111111112
1934,1005.0,1025.501326302149,1026.0380355563846,1026.0304070074096,1110.1801471018362,1026.0311111111112
1935,1003.0,1025.5033473226306,1026.0380355563846,1026.0307769759322,1110.1796746994767,1026.0311111111112
1936,1005.0,1025.5035522097887,1026.0380355563846,1026.0311102649976,1110.1796136685962,1026.0311111111112
1937,1002.0,1025.502156980069,1026.0380355563846,1026.03137364912,1110.1799107054849,1026.0311111111112
1938,1000.0,1025.499429536454,1026.0380355563846,1026.031547512957,1110.1804711759237,1026.0311111111112
1939,1001.0,1025.4956700188125,1026.0380355563846,1026.0316259343826,1110.181178351954,1026.0311111111112
1940,1001.0,1025.4911920134305,1026.0380355563846,1026.0316151497398,1110.1819128064687,1026.0311111111112
1941,1004.0,1025.4863054398868,1026.0380355563846,1026.031530844225,1110.1825692701861,1026.0311111111112
1942,1002.0,1025.4813017489953,1026.0380355563846,1026.0313947759814,1110.1830690094957,1026.0311111111112
1943,1003.0,1025.4764418728514,1026.0380355563846,1026.031231237822,1110.1833666919551,1026.0311111111112
1944,1004.0,1025.4719471776257,1026.0380355563846,1026.031063797576,1110.1834516205852,1026.0311111111112
1945,1006.0,1025.4679934906933,1026.0380355563846,1026.0309126536702,1110.1833440116843,1026.0311111111112
1946,1005.0,1025.4647081134253,1026.0380355563846,1026.0307928157233,1110.1830875724638,1026.0311111111112
1947,1004.0,1025.4621695950048,1026.0380355563846,1026.0307131891398,1110.1827399560686,1026.0311111111112
1948,1001.0,1025.4604099346614,1026.0380355563846,1026.0306765239177,1110.1823627273077,1026.0311111111112
1949,1002.0,1025.459418801572,1026.0380355563846,1026.0306800930962,1110.1820122947927,1026.0311111111112
1950,1001.0,1025.4591493134687,1026.0380355563846,1026.030716902662,1110.1817329136877,1026.0311111111112
1951,999.0,1025.4595248953951,1026.0380355563846,1026.0307772046988,1110.1815524123754,1026.0311111111112
1952,999.0,1025.4604467464533,1026.0380355563846,1026.0308500871458,1110.1814808231054,1026.0311111111112
1953,1001.0,1025.4618014712296,1026.0380355563846,1026.030924941428,1110.1815116696273,1026.0311111111112
1954,999.0,1025.4634684796756,1026.0380355563846,1026.0309926558457,1110.1816253358427,1026.0311111111112
1955,1003.0,1025.4653268199395,1026.0380355563846,1026.0310464394952,1110.1817937392364,1026.0311111111112
1956,1002.0,1025.4672611783444,1026.0380355563846,1026.0310822402691,1110.1819854695493,1026.0311111111112
1957,1003.0,1025.469166854793,1026.0380355563846,1026.031098773978,1110.182170615006,1026.0311111111112
1958,1002.0,1025.4709535962015,1026.0380355563846,1026.0310972244313,1110.1823246581148,1026.0311111111112
1959,1003.0,1025.4725482413958,1026.0380355563846,1026.0310807031356,1110.182431043939,1026.0311111111112
1960,1002.0,1025.4738961952253,1026.0380355563846,1026.0310535710182,1110.1824822661863,1026.0311111111112
1961,1001.0,1025.4749618050746,1026.0380355563846,1026.0310207240886,1110.1824795438445,1026.0311111111112
1962,1003.0,1025.475727757885,1026.0380355563846,1026.0309869326077,1110.182431344347,1026.0311111111112
1963,1002.0,1025.4761936493169,1026.0380355563846,1026.0309563024864,1110.1823511297514,1026.0311111111112
1964,1003.0,1025.4763738985675,1026.0380355563846,1026.030931902147,1110.1822547529696,1026.0311111111112
1965,1005.0,1025.4762951929638,1026.0380355563846,1026.0309155716516,1110.182157915239,1026.0311111111112
1966,1003.0,1025.475993646692,1026.0380355563846,1026.030907906816,1110.1820740259013,1026.0311111111112
1967,1003.0,1025.475511849135,1026.0380355563846,1026.0309083917098,1110.1820126989703,1026.0311111111112
1968,1001.0,1025.4748959618862,1026.0380355563846,1026.0309156398766,1110.1819789980723,1026.0311111111112
1969,1003.0,1025.4741930013015,1026.0380355563846,1026.030927698332,1110.1819734215092,1026.0311111111112
1970,1000.0,1025.473448417285,1026.0380355563846,1026.0309423685003,1110.1819925184725,1026.0311111111112
1971,996.0,1025.4727040506311,1026.0380355563846,1026.0309575037338,1110.18202995684,1026.0311111111112
1972,997.0,1025.4719965223635,1026.0380355563846,1026.030971252359,1110.1820778277138,1026.0311111111112
1973,993.0,1025.4713560805862,1026.0380355563846,1026.0309822266331,1110.182127971472,1026.0311111111112
1974,997.0,1025.4708059046632,1026.0380355563846,1026.0309895898602,1110.182173139437,1026.0311111111112
1975,999.0,1025.4703618440462,1026.0380355563846,1026.0309930647752,1110.182207855786,1026.0311111111112
1976,1007.0,1025.470032550501,1026.0380355563846,1026.030992875016,1110.1822289059385,1026.0311111111112
1977,1007.0,1025.4698199482375,1026.0380355563846,1026.0309896374233,1110.182235440175,1026.0311111111112
1978,1011.0,1025.4697199767388,1026.0380355563846,1026.0309842257911,1110.1822287359319,1026.0311111111112
1979,1010.0,1025.469723535758,1026.0380355563846,1026.0309776266686,1110.1822117027225,1026.0311111111112
1980,1010.0,1025.4698175607923,1026.0380355563846,1026.0309708054083,1110.1821882364943,1026.0311111111112
1981,1012.0,1025.469986159839,1026.0380355563846,1026.0309645964867,1110.1821625349519,1026.0311111111112
1982,1012.0,1025.4702117478378,1026.0380355563846,1026.0309596270008,1110.1821384740208,1026.0311111111112
1983,1010.0,1025.4704761232329,1026.0380355563846,1026.0309562769087,1110.1821191221784,1026.0311111111112
1984,1012.0,1025.4707614408594,1026.0380355563846,1026.0309546746967,1110.1821064388737,1026.0311111111112
1985,1014.0,1025.4710510461605,1026.0380355563846,1026.030954723218,1110.1821011709667,1026.0311111111112
1986,1015.0,1025.4713301469292,1026.0380355563846,1026.0309561477684,1110.182102931746,1026.0311111111112
1987,1020.0,1025.4715863097285,1026.0380355563846,1026.030958557146,1110.182110424253,1026.0311111111112
1988,1026.0,1025.4718097783782,1026.0380355563846,1026.0309615084348,1110.1821217564977,1026.0311111111112
1989,1032.0,1025.4719936209776,1026.0380355563846,1026.0309645673055,1110.1821347913583,1026.0311111111112
1990,1035.0,1025.4721337195754,1026.0380355563846,1026.0309673575093,1110.1821474777605,1026.0311111111112
1991,1036.0,1025.4722286225826,1026.0380355563846,1026.0309695955107,1110.1821581203217,1026.0311111111112
1992,1035.0,1025.4722792842854,1026.0380355563846,1026.0309711086268,1110.1821655595447,1026.0311111111112
1993,1033.0,1025.4722887183364,1026.0380355563846,1026.030971837229,1110.1821692511594,1026.0311111111112
1994,1028.0,1025.472261592995,1026.0380355563846,1026.0309718233357,1110.1821692488065,1026.0311111111112
1995,1026.0,1025.4722037952963,1026.0380355563846,1026.0309711891557,1110.1821661069548,1026.0311111111112
1996,1025.0,1025.472121989476,1026.0380355563846,1026.0309701097212,1110.1821607293869,1026.0311111111112
1997,1022.0,1025.4720231921024,1026.0380355563846,1026.0309687837848,1110.182154192294,1026.0311111111112
1998,1020.0,1025.4719143827615,1026.0380355563846,1026.0309674066718,1110.182147570159,1026.0311111111112
1999,1019.0,1025.471802165027,1026.0380355563846,1026.0309661479482,1110.1821417879926,1026.0311111111112
2000,1016.0,1025.4716924881527,1026.0380355563846,1026.0309651357404,1110.1821375163292,1026.0311111111112
2001,1014.0,1025.4715904356308,1026.0380355563846,1026.030964448461,1110.1821351170302,1026.0311111111112
2002,1010.0,1025.471500082694,1026.0380355563846,1026.0309641137057,1110.1821346397387,1026.0311111111112
2003,1009.0,1025.471424421204,1026.0380355563846,1026.030964113285,1110.182135861879,1026.0311111111112
2004,1004.0,1025.471365347225,1026.0380355563846,1026.0309643928003,1110.1821383601539,1026.0311111111112
2005,1003.0,1025.4713237040987,1026.0380355563846,1026.0309648739076,1110.182141598968,1026.0311111111112
2006,999.0,1025.471299371984,1026.0380355563846,1026.0309654673904,1110.1821450210573,1026.0311111111112
2007,996.0,1025.4712913936705,1026.0380355563846,1026.0309660853823,1110.1821481275072,1026.0311111111112
2008,991.0,1025.4712981259563,1026.0380355563846,1026.0309666514418,1110.1821505377288,1026.0311111111112
2009,985.0,1025.4713174059534,1026.0380355563846,1026.0309671076502,1110.1821520241378,1026.0311111111112
2010,983.0,1025.471346722275,1026.0380355563846,1026.0309674183857,1110.1821525205535,1026.0311111111112
2011,978.0,1025.4713833820676,1026.0380355563846,1026.030967570869,1110.1821521071026,1026.0311111111112
2012,980.0,1025.4714246661833,1026.0380355563846,1026.0309675729463,1110.1821509772337,1026.0311111111112
2013,979.0,1025.4714679663275,1026.0380355563846,1026.0309674488137,1110.1821493940677,1026.0311111111112
2014,980.0,1025.4715108996738,1026.0380355563846,1026.0309672335227,1110.1821476436992,1026.0311111111112
2015,982.0,1025.4715513981112,1026.0380355563846,1026.030966967108,1110.1821459923385,1026.0311111111112
2016,983.0,1025.471587770883,1026.0380355563846,1026.0309666890842,1110.1821446526217,1026.0311111111112
2017,981.0,1025.4716187408494,1026.0380355563846,1026.030966433901,1110.182143762355,1026.0311111111112
2018,981.0,1025.471643455873,1026.0380355563846,1026.030966227731,1110.1821433767566,1026.0311111111112
2019,981.0,1025.4716614778604,1026.0380355563846,1026.030966086747,1110.1821434732387,1026.0311111111112
2020,979.0,1025.4716727527843,1026.0380355563846,1026.0309660168552,1110.1821439661917,1026.0311111111112
2021,976.0,1025.4716775655274,1026.0380355563846,1026.030966014672,1110.1821447282312,1026.0311111111112
2022,973.0,1025.4716764836644,1026.0380355563846,1026.0309660694318,1110.1821456140135,1026.0311111111112
2023,973.0,1025.4716702943226,1026.0380355563846,1026.0309661654483,1110.1821464829518,1026.0311111111112
2024,975.0,1025.4716599380954,1026.0380355563846,1026.0309662847535,1110.1821472178694,1026.0311111111112
2025,973.0,1025.4716464436265,1026.0380355563846,1026.030966409574,1110.1821477376304,1026.0311111111112
2026,978.0,1025.4716308660043,1026.0380355563846,1026.0309665243813,1110.1821480029098,1026.0311111111112
2027,976.0,1025.4716142315233,1026.0380355563846,1026.030966617347,1110.1821480153387,1026.0311111111112
2028,973.0,1025.4715974907404,1026.0380355563846,1026.0309666811263,1110.182147811136,1026.0311111111112
2029,971.0,1025.471581481104,1026.0380355563846,1026.0309667129889,1110.18214745093,1026.0311111111112
2030,970.0,1025.4715668998058,1026.0380355563846,1026.0309667143893,1110.1821470077443,1026.0311111111112
2031,969.0,1025.4715542869153,1026.0380355563846,1026.030966690115,1110.1821465550797,1026.0311111111112
2032,979.0,1025.4715440183531,1026.0380355563846,1026.030966647184,1110.1821461567165,1026.0311111111112
2033,992.0,1025.471536307818,1026.0380355563846,1026.030966593658,1110.1821458593863,1026.0311111111112
2034,1010.0,1025.4715312164622,1026.0380355563846,1026.0309665375305,1110.1821456888927,1026.0311111111112
2035,1033.0,1025.4715286688718,1026.0380355563846,1026.030966485799,1110.1821456496953,1026.0311111111112
2036,1067.0,1025.4715284737829,1026.0380355563846,1026.0309664438084,1110.1821457274978,1026.0311111111112
2037,1108.0,1025.4715303479202,1026.0380355563846,1026.0309664148929,1110.1821458940306,1026.0311111111112
2038,1157.0,1025.471533941399,1026.0380355563846,1026.0309664003125,1110.1821461130417,1026.0311111111112
2039,1212.0,1025.471538863245,1026.0380355563846,1026.030966399443,1110.182146346488,1026.0311111111112
2040,1264.0,1025.4715447057583,1026.0380355563846,1026.0309664101546,1110.182146560045,1026.0311111111112
2041,1307.0,1025.4715510666683,1026.0380355563846,1026.030966429308,1110.1821467272773,1026.0311111111112
2042,1334.0,1025.4715575682635,1026.0380355563846,1026.0309664532845,1110.1821468320964,1026.0311111111112
2043,1336.0,1025.47156387293,1026.0380355563846,1026.0309664784897,1110.1821468694254,1026.0311111111112
2044,1306.0,1025.4715696947812,1026.0380355563846,1026.0309665017696,1110.1821468442463,1026.0311111111112
2045,1256.0,1025.4715748072942,1026.0380355563846,1026.030966520709,1110.1821467694049,1026.0311111111112
2046,1190.0,1025.4715790470707,1026.0380355563846,1026.0309665337938,1110.1821466626611,1026.0311111111112
2047,1120.0,1025.4715823140232,1026.0380355563846,1026.030966540443,1110.1821465435057,1026.0311111111112
2048,1057.0,1025.4715845684207,1026.0380355563846,1026.0309665409236,1110.1821464302152,1026.0311111111112
2049,1012.0,1025.471585825331,1026.0380355563846,1026.0309665361822,1110.1821463375163,1026.0311111111112
2050,986.0,1025.471586147056,1026.0380355563846,1026.0309665276234,1110.1821462750902,1026.0311111111112
2051,974.0,1025.4715856341843,1026.0380355563846,1026.0309665168706,1110.1821462469952,1026.0311111111112
2052,971.0,1025.4715844158713,1026.0380355563846,1026.0309665055404,1110.1821462519515,1026.0311111111112
2053,975.0,1025.471582639925,1026.0380355563846,1026.0309664950541,1110.1821462843182,1026.0311111111112
2054,979.0,1025.4715804632062,1026.0380355563846,1026.0309664865028,1110.1821463355245,1026.0311111111112
2055,980.0,1025.4715780427784,1026.0380355563846,1026.0309664805736,1110.1821463956903,1026.0311111111112
2056,979.0,1025.4715755281497,1026.0380355563846,1026.0309664775345,1110.182146455183,1026.0311111111112
2057,976.0,1025.4715730548533,1026.0380355563846,1026.0309664772717,1110.1821465059083,1026.0311111111112
2058,973.0,1025.4715707395128,1026.0380355563846,1026.0309664793638,1110.1821465421933,1026.0311111111112
2059,967.0,1025.471568676457,1026.0380355563846,1026.0309664831827,1110.1821465612059,1026.0311111111112
2060,963.0,1025.4715669358493,1026.0380355563846,1026.030966488,1110.1821465629178,1026.0311111111112
2061,960.0,1025.4715655632426,1026.0380355563846,1026.030966493089,1110.1821465496887,1026.0311111111112
2062,959.0,1025.4715645804004,1026.0380355563846,1026.0309664978085,1110.1821465255823,1026.0311111111112
2063,961.0,1025.4715639871874,1026.0380355563846,1026.030966501666,1110.1821464955513,1026.0311111111112
2064,962.0,1025.471563764302,1026.0380355563846,1026.0309665043494,1110.1821464646214,1026.0311111111112
2065,962.0,1025.471563876613,1026.0380355563846,1026.0309665057353,1110.1821464371883,1026.0311111111112
2066,959.0,1025.4715642768595,1026.0380355563846,1026.0309665058724,1110.1821464165066,1026.0311111111112
2067,957.0,1025.4715649094885,1026.0380355563846,1026.0309665049474,1110.1821464044126,1026.0311111111112
2068,956.0,1025.4715657144227,1026.0380355563846,1026.0309665032416,1110.182146401284,1026.0311111111112
2069,954.0,1025.4715666305804,1026.0380355563846,1026.0309665010818,1110.1821464062068,1026.0311111111112
2070,955.0,1025.471567599008,1026.0380355563846,1026.030966498795,1110.1821464172951,1026.0311111111112
2071,954.0,1025.4715685655192,1026.0380355563846,1026.0309664966694,1110.1821464320967,1026.0311111111112
2072,957.0,1025.4715694827669,1026.0380355563846,1026.0309664949282,1110.1821464480154,1026.0311111111112
2073,958.0,1025.471570311725,1026.0380355563846,1026.0309664937129,1110.1821464626905,1026.0311111111112
2074,960.0,1025.4715710225723,1026.0380355563846,1026.0309664930799,1110.182146474287,1026.0311111111112
2075,962.0,1025.4715715950156,1026.0380355563846,1026.030966493009,1110.1821464816694,1026.0311111111112
2076,964.0,1025.4715720181018,1026.0380355563846,1026.030966493417,1110.1821464844527,1026.0311111111112
2077,962.0,1025.471572289596,1026.0380355563846,1026.030966494178,1110.1821464829434,1026.0311111111112
2078,961.0,1025.4715724150037,1026.0380355563846,1026.0309664951458,1110.1821464779935,1026.0311111111112
2079,958.0,1025.471572406338,1026.0380355563846,1026.030966496173,1110.182146470801,1026.0311111111112
2080,956.0,1025.4715722807177,1026.0380355563846,1026.0309664971296,1110.182146462693,1026.0311111111112
2081,958.0,1025.471572058888,1026.0380355563846,1026.0309664979152,1110.182146454924,1026.0311111111112
2082,956.0,1025.471571763748,1026.0380355563846,1026.0309664984652,1110.182146448513,1026.0311111111112
2083,956.0,1025.4715714189556,1026.0380355563846,1026.030966498754,1110.18214644414,1026.0311111111112
2084,959.0,1025.4715710476682,1026.0380355563846,1026.0309664987897,1110.1821464421014,1026.0311111111112
2085,960.0,1025.471570671464,1026.0380355563846,1026.0309664986094,1110.1821464423278,1026.0311111111112
2086,963.0,1025.471570309477,1026.0380355563846,1026.0309664982697,1110.1821464444483,1026.0311111111112
2087,964.0,1025.4715699777598,1026.0380355563846,1026.0309664978358,1110.1821464478867,1026.0311111111112
2088,963.0,1025.4715696888752,1026.0380355563846,1026.0309664973743,1110.1821464519714,1026.0311111111112
2089,963.0,1025.4715694517135,1026.0380355563846,1026.0309664969436,1110.182146456043,1026.0311111111112
2090,963.0,1025.471569271512,1026.0380355563846,1026.0309664965891,1110.1821464595425,1026.0311111111112
2091,961.0,1025.471569150051,1026.0380355563846,1026.03096649634,1110.1821464620737,1026.0311111111112
2092,960.0,1025.4715690859978,1026.0380355563846,1026.0309664962083,1110.182146463433,1026.0311111111112
2093,958.0,1025.4715690753587,1026.0380355563846,1026.0309664961903,1110.182146463609,1026.0311111111112
2094,957.0,1025.4715691120077,1026.0380355563846,1026.0309664962697,1110.1821464627549,1026.0311111111112
2095,960.0,1025.4715691882532,1026.0380355563846,1026.0309664964213,1110.182146461143,1026.0311111111112
2096,961.0,1025.4715692954114,1026.0380355563846,1026.0309664966157,1110.1821464591092,1026.0311111111112
2097,963.0,1025.471569424358,1026.0380355563846,1026.030966496823,1110.1821464569966,1026.0311111111112
2098,966.0,1025.4715695660323,1026.0380355563846,1026.030966497017,1110.1821464551083,1026.0311111111112
2099,969.0,1025.471569711874,1026.0380355563846,1026.030966497177,1110.1821464536706,1026.0311111111112
2100,970.0,1025.471569854184,1026.0380355563846,1026.0309664972897,1110.182146452814,1026.0311111111112
2101,971.0,1025.471569986396,1026.0380355563846,1026.0309664973497,1110.1821464525694,1026.0311111111112
2102,971.0,1025.4715701032574,1026.0380355563846,1026.0309664973586,1110.1821464528787,1026.0311111111112
2103,969.0,1025.4715702009257,1026.0380355563846,1026.0309664973236,1110.182146453616,1026.0311111111112
2104,967.0,1025.471570276982,1026.0380355563846,1026.0309664972558,1110.1821464546158,1026.0311111111112
2105,964.0,1025.4715703303725,1026.0380355563846,1026.0309664971687,1110.1821464557008,1026.0311111111112
2106,963.0,1025.47157036129,1026.0380355563846,1026.0309664970755,1110.1821464567088,1026.0311111111112
2107,966.0,1025.4715703710108,1026.0380355563846,1026.0309664969882,1110.1821464575125,1026.0311111111112
2108,967.0,1025.4715703616946,1026.0380355563846,1026.030966496916,1110.1821464580319,1026.0311111111112
2109,971.0,1025.4715703361703,1026.0380355563846,1026.030966496865,1110.1821464582379,1026.0311111111112
2110,971.0,1025.4715702977126,1026.0380355563846,1026.0309664968377,1110.1821464581492,1026.0311111111112
2111,974.0,1025.471570249825,1026.0380355563846,1026.0309664968333,1110.1821464578225,1026.0311111111112
2112,974.0,1025.4715701960392,1026.0380355563846,1026.0309664968488,1110.1821464573381,1026.0311111111112
2113,974.0,1025.4715701397377,1026.0380355563846,1026.030966496879,1110.1821464567868,1026.0311111111112
2114,977.0,1025.4715700840054,1026.0380355563846,1026.030966496918,1110.1821464562543,1026.0311111111112
2115,974.0,1025.4715700315155,1026.0380355563846,1026.0309664969598,1110.182146455811,1026.0311111111112
2116,977.0,1025.4715699844485,1026.0380355563846,1026.030966496999,1110.182146455505,1026.0311111111112
2117,974.0,1025.4715699444469,1026.0380355563846,1026.0309664970316,1110.1821464553577,1026.0311111111112
2118,976.0,1025.4715699126,1026.0380355563846,1026.0309664970548,1110.1821464553655,1026.0311111111112
2119,975.0,1025.4715698894609,1026.0380355563846,1026.0309664970673,1110.1821464555042,1026.0311111111112
2120,975.0,1025.4715698750845,1026.0380355563846,1026.0309664970694,1110.182146455735,1026.0311111111112
2121,980.0,1025.471569869088,1026.0380355563846,1026.0309664970625,1110.182146456012,1026.0311111111112
2122,982.0,1025.471569870723,1026.0380355563846,1026.0309664970491,1110.1821464562906,1026.0311111111112
2123,982.0,1025.471569878959,1026.0380355563846,1026.0309664970316,1110.1821464565319,1026.0311111111112
2124,983.0,1025.4715698925688,1026.0380355563846,1026.0309664970127,1110.1821464567083,1026.0311111111112
2125,982.0,1025.4715699102132,1026.0380355563846,1026.030966496995,1110.1821464568052,1026.0311111111112
2126,981.0,1025.4715699305211,1026.0380355563846,1026.0309664969805,1110.1821464568213,1026.0311111111112
2127,981.0,1025.4715699521614,1026.0380355563846,1026.03096649697,1110.1821464567665,1026.0311111111112
2128,981.0,1025.4715699739027,1026.0380355563846,1026.0309664969643,1110.1821464566588,1026.0311111111112
2129,982.0,1025.4715699946616,1026.0380355563846,1026.0309664969632,1110.182146456521,1026.0311111111112
2130,982.0,1025.471570013539,1026.0380355563846,1026.0309664969664,1110.1821464563768,1026.0311111111112
2131,979.0,1025.4715700298393,1026.0380355563846,1026.0309664969723,1110.182146456247,1026.0311111111112
2132,981.0,1025.4715700430809,1026.0380355563846,1026.03096649698,1110.1821464561472,1026.0311111111112
2133,980.0,1025.4715700529925,1026.0380355563846,1026.0309664969886,1110.1821464560867,1026.0311111111112
2134,981.0,1025.4715700595011,1026.0380355563846,1026.0309664969966,1110.1821464560678,1026.0311111111112
2135,984.0,1025.4715700627096,1026.0380355563846,1026.0309664970032,1110.1821464560871,1026.0311111111112
2136,985.0,1025.471570062871,1026.0380355563846,1026.0309664970077,1110.182146456136,1026.0311111111112
2137,986.0,1025.4715700603567,1026.0380355563846,1026.0309664970105,1110.1821464562036,1026.0311111111112
2138,986.0,1025.4715700556237,1026.0380355563846,1026.030966497011,1110.1821464562775,1026.0311111111112
2139,985.0,1025.471570049181,1026.0380355563846,1026.0309664970096,1110.1821464563466,1026.0311111111112
2140,983.0,1025.4715700415588,1026.0380355563846,1026.0309664970068,1110.1821464564023,1026.0311111111112
2141,989.0,1025.4715700332792,1026.0380355563846,1026.0309664970034,1110.1821464564387,1026.0311111111112
2142,987.0,1025.4715700248319,1026.0380355563846,1026.0309664969996,1110.182146456454,1026.0311111111112
2143,989.0,1025.4715700166532,1026.0380355563846,1026.0309664969961,1110.182146456449,1026.0311111111112
2144,991.0,1025.4715700091128,1026.0380355563846,1026.030966496993,1110.1821464564273,1026.0311111111112
2145,991.0,1025.4715700025022,1026.0380355563846,1026.030966496991,1110.1821464563948,1026.0311111111112
2146,990.0,1025.471569997031,1026.0380355563846,1026.0309664969898,1110.1821464563573,1026.0311111111112
2147,994.0,1025.4715699928272,1026.0380355563846,1026.0309664969895,1110.1821464563209,1026.0311111111112
2148,992.0,1025.4715699899396,1026.0380355563846,1026.03096649699,1110.1821464562902,1026.0311111111112
2149,994.0,1025.4715699883466,1026.0380355563846,1026.0309664969914,1110.1821464562688,1026.0311111111112
2150,993.0,1025.4715699879653,1026.0380355563846,1026.030966496993,1110.1821464562581,1026.0311111111112
2151,991.0,1025.4715699886638,1026.0380355563846,1026.0309664969946,1110.1821464562581,1026.0311111111112
2152,991.0,1025.4715699902733,1026.0380355563846,1026.0309664969961,1110.1821464562672,1026.0311111111112
2153,990.0,1025.471569992601,1026.0380355563846,1026.0309664969975,1110.1821464562827,1026.0311111111112
2154,987.0,1025.4715699954431,1026.0380355563846,1026.0309664969984,1110.1821464563016,1026.0311111111112
2155,988.0,1025.4715699985954,1026.0380355563846,1026.030966496999,1110.1821464563207,1026.0311111111112
2156,992.0,1025.4715700018642,1026.0380355563846,1026.030966496999,1110.1821464563373,1026.0311111111112
2157,994.0,1025.471570005074,1026.0380355563846,1026.0309664969989,1110.1821464563495,1026.0311111111112
2158,994.0,1025.4715700080742,1026.0380355563846,1026.0309664969984,1110.1821464563563,1026.0311111111112
2159,993.0,1025.471570010743,1026.0380355563846,1026.0309664969977,1110.1821464563577,1026.0311111111112
2160,993.0,1025.4715700129905,1026.0380355563846,1026.0309664969968,1110.1821464563543,1026.0311111111112
2161,990.0,1025.4715700147583,1026.0380355563846,1026.0309664969961,1110.182146456347,1026.0311111111112
2162,991.0,1025.4715700160193,1026.0380355563846,1026.0309664969955,1110.1821464563377,1026.0311111111112
2163,989.0,1025.4715700167744,1026.0380355563846,1026.030966496995,1110.182146456328,1026.0311111111112
2164,987.0,1025.4715700170493,1026.0380355563846,1026.0309664969948,1110.182146456319,1026.0311111111112
2165,986.0,1025.4715700168904,1026.0380355563846,1026.0309664969948,1110.1821464563122,1026.0311111111112
2166,983.0,1025.4715700163595,1026.0380355563846,1026.030966496995,1110.182146456308,1026.0311111111112
2167,985.0,1025.4715700155289,1026.0380355563846,1026.0309664969952,1110.1821464563066,1026.0311111111112
2168,984.0,1025.471570014477,1026.0380355563846,1026.0309664969955,1110.1821464563077,1026.0311111111112
2169,986.0,1025.471570013283,1026.0380355563846,1026.030966496996,1110.1821464563109,1026.0311111111112
2170,988.0,1025.4715700120237,1026.0380355563846,1026.0309664969961,1110.1821464563154,1026.0311111111112
2171,992.0,1025.4715700107688,1026.0380355563846,1026.0309664969964,1110.1821464563204,1026.0311111111112
2172,991.0,1025.4715700095796,1026.0380355563846,1026.0309664969966,1110.1821464563252,1026.0311111111112
2173,991.0,1025.4715700085067,1026.0380355563846,1026.0309664969968,1110.182146456329,1026.0311111111112
2174,988.0,1025.4715700075883,1026.0380355563846,1026.0309664969968,1110.1821464563316,1026.0311111111112
2175,986.0,1025.4715700068505,1026.0380355563846,1026.0309664969966,1110.1821464563327,1026.0311111111112
2176,986.0,1025.471570006307,1026.0380355563846,1026.0309664969966,1110.1821464563325,1026.0311111111112
2177,986.0,1025.4715700059603,1026.0380355563846,1026.0309664969964,1110.182146456331,1026.0311111111112
2178,988.0,1025.4715700058032,1026.0380355563846,1026.0309664969964,1110.1821464563288,1026.0311111111112
2179,987.0,1025.4715700058198,1026.0380355563846,1026.0309664969961,1110.1821464563263,1026.0311111111112
2180,983.0,1025.4715700059874,1026.0380355563846,1026.030966496996,1110.1821464563238,1026.0311111111112
2181,987.0,1025.4715700062793,1026.0380355563846,1026.030966496996,1110.1821464563218,1026.0311111111112
2182,986.0,1025.4715700066654,1026.0380355563846,1026.030966496996,1110.1821464563202,1026.0311111111112
2183,989.0,1025.471570007115,1026.0380355563846,1026.030966496996,1110.1821464563195,1026.0311111111112
2184,987.0,1025.471570007598,1026.0380355563846,1026.030966496996,1110.1821464563195,1026.0311111111112
2185,988.0,1025.4715700080867,1026.0380355563846,1026.030966496996,1110.1821464563202,1026.0311111111112
2186,988.0,1025.4715700085562,1026.0380355563846,1026.030966496996,1110.1821464563213,1026.0311111111112
2187,988.0,1025.4715700089857,1026.0380355563846,1026.0309664969961,1110.1821464563227,1026.0311111111112
2188,989.0,1025.471570009359,1026.0380355563846,1026.0309664969961,1110.182146456324,1026.0311111111112
2189,986.0,1025.4715700096651,1026.0380355563846,1026.0309664969961,1110.1821464563252,1026.0311111111112
2190,986.0,1025.4715700098968,1026.0380355563846,1026.0309664969961,1110.182146456326,1026.0311111111112
2191,984.0,1025.4715700100523,1026.0380355563846,1026.0309664969964,1110.1821464563266,1026.0311111111112
2192,985.0,1025.4715700101333,1026.0380355563846,1026.0309664969964,1110.1821464563266,1026.0311111111112
2193,987.0,1025.471570010145,1026.0380355563846,1026.0309664969961,1110.1821464563263,1026.0311111111112
2194,990.0,1025.4715700100955,1026.0380355563846,1026.0309664969961,1110.1821464563259,1026.0311111111112
2195,989.0,1025.4715700099948,1026.0380355563846,1026.0309664969961,1110.1821464563252,1026.0311111111112
2196,990.0,1025.4715700098545,1026.0380355563846,1026.0309664969961,1110.1821464563245,1026.0311111111112
2197,991.0,1025.4715700096863,1026.0380355563846,1026.0309664969961,1110.1821464563238,1026.0311111111112
2198,991.0,1025.4715700095019,1026.0380355563846,1026.0309664969961,1110.1821464563234,1026.0311111111112
2199,989.0,1025.4715700093122,1026.0380355563846,1026.0309664969961,1110.1821464563232,1026.0311111111112
2200,990.0,1025.4715700091276,1026.0380355563846,1026.0309664969961,1110.1821464563232,1026.0311111111112
2201,988.0,1025.4715700089564,1026.0380355563846,1026.0309664969961,1110.1821464563232,1026.0311111111112
2202,986.0,1025.4715700088052,1026.0380355563846,1026.0309664969961,1110.1821464563234,1026.0311111111112
2203,988.0,1025.4715700086792,1026.0380355563846,1026.0309664969961,1110.1821464563236,1026.0311111111112
2204,989.0,1025.4715700085812,1026.0380355563846,1026.0309664969961,1110.182146456324,1026.0311111111112
2205,986.0,1025.4715700085128,1026.0380355563846,1026.0309664969961,1110.1821464563243,1026.0311111111112
2206,988.0,1025.4715700084737,1026.0380355563846,1026.0309664969961,1110.1821464563245,1026.0311111111112
2207,988.0,1025.4715700084619,1026.0380355563846,1026.0309664969961,1110.1821464563247,1026.0311111111112
2208,989.0,1025.4715700084746,1026.0380355563846,1026.0309664969961,1110.1821464563247,1026.0311111111112
2209,989.0,1025.4715700085085,1026.0380355563846,1026.0309664969961,1110.1821464563247,1026.0311111111112
2210,989.0,1025.4715700085587,1026.0380355563846,1026.0309664969961,1110.1821464563247,1026.0311111111112
2211,988.0,1025.4715700086215,1026.0380355563846,1026.0309664969961,1110.1821464563245,1026.0311111111112
2212,988.0,1025.4715700086915,1026.0380355563846,1026.0309664969961,1110.1821464563243,1026.0311111111112
2213,989.0,1025.4715700087647,1026.0380355563846,1026.0309664969961,1110.182146456324,1026.0311111111112
2214,990.0,1025.471570008837,1026.0380355563846,1026.0309664969961,1110.1821464563238,1026.0311111111112
2215,989.0,1025.471570008905,1026.0380355563846,1026.0309664969961,1110.1821464563238,1026.0311111111112
2216,987.0,1025.471570008966,1026.0380355563846,1026.0309664969961,1110.1821464563238,1026.0311111111112
2217,987.0,1025.4715700090176,1026.0380355563846,1026.0309664969961,1110.1821464563238,1026.0311111111112
2218,983.0,1025.4715700090587,1026.0380355563846,1026.0309664969961,1110.1821464563238,1026.0311111111112
2219,987.0,1025.4715700090883,1026.0380355563846,1026.0309664969961,1110.1821464563238,1026.0311111111112
2220,983.0,1025.4715700091067,1026.0380355563846,1026.0309664969961,1110.1821464563238,1026.0311111111112
2221,984.0,1025.4715700091142,1026.0380355563846,1026.0309664969961,1110.1821464563238,1026.0311111111112
2222,986.0,1025.4715700091117,1026.0380355563846,1026.0309664969961,1110.1821464563238,1026.0311111111112
2223,988.0,1025.4715700091008,1026.0380355563846,1026.0309664969961,1110.1821464563238,1026.0311111111112
2224,986.0,1025.4715700090828,1026.0380355563846,1026.0309664969961,1110.1821464563238,1026.0311111111112
2225,988.0,1025.4715700090599,1026.0380355563846,1026.0309664969961,1110.1821464563238,1026.0311111111112
2226,991.0,1025.4715700090333,1026.0380355563846,1026.0309664969961,1110.1821464563238,1026.0311111111112
2227,992.0,1025.471570009005,1026.0380355563846,1026.0309664969961,1110.1821464563238,1026.0311111111112
2228,997.0,1025.4715700089769,1026.0380355563846,1026.0309664969961,1110.1821464563238,1026.0311111111112
2229,998.0,1025.47157000895,1026.0380355563846,1026.0309664969961,1110.1821464563238,1026.0311111111112
2230,1002.0,1025.4715700089255,1026.0380355563846,1026.0309664969961,1110.1821464563238,1026.0311111111112
2231,1003.0,1025.4715700089046,1026.0380355563846,1026.0309664969961,1110.1821464563238,1026.0311111111112
2232,1003.0,1025.4715700088875,1026.0380355563846,1026.0309664969961,1110.1821464563238,1026.0311111111112
2233,1007.0,1025.4715700088748,1026.0380355563846,1026.0309664969961,1110.1821464563238,1026.0311111111112
2234,1006.0,1025.4715700088664,1026.0380355563846,1026.0309664969961,1110.1821464563238,1026.0311111111112
2235,1006.0,1025.4715700088623,1026.0380355563846,1026.0309664969961,1110.1821464563238,1026.0311111111112
2236,1007.0,1025.4715700088623,1026.0380355563846,1026.0309664969961,1110.1821464563238,1026.0311111111112
2237,1008.0,1025.4715700088657,1026.0380355563846,1026.0309664969961,1110.1821464563238,1026.0311111111112
2238,1013.0,1025.4715700088718,1026.0380355563846,1026.0309664969961,1110.1821464563238,1026.0311111111112
2239,1019.0,1025.4715700088802,1026.0380355563846,1026.0309664969961,1110.1821464563238,1026.0311111111112
2240,1023.0,1025.4715700088902,1026.0380355563846,1026.0309664969961,1110.1821464563238,1026.0311111111112
2241,1026.0,1025.471570008901,1026.0380355563846,1026.0309664969961,1110.1821464563238,1026.0311111111112
2242,1024.0,1025.471570008912,1026.0380355563846,1026.0309664969961,1110.1821464563238,1026.0311111111112
2243,1022.0,1025.4715700089225,1026.0380355563846,1026.0309664969961,1110.1821464563238,1026.0311111111112
2244,1018.0,1025.4715700089323,1026.0380355563846,1026.0309664969961,1110.1821464563238,1026.0311111111112
2245,1016.0,1025.471570008941,1026.0380355563846,1026.0309664969961,1110.1821464563238,1026.0311111111112
2246,1017.0,1025.471570008948,1026.0380355563846,1026.0309664969961,1110.1821464563238,1026.0311111111112
2247,1015.0,1025.4715700089534,1026.0380355563846,1026.0309664969961,1110.1821464563238,1026.0311111111112
2248,1013.0,1025.471570008957,1026.0380355563846,1026.0309664969961,1110.1821464563238,1026.0311111111112
2249,1009.0,1025.4715700089591,1026.0380355563846,1026.0309664969961,1110.1821464563238,1026.0311111111112
2250,1007.0,1025.4715700089596,1026.0380355563846,1026.0309664969961,1110.1821464563238,1026.0311111111112
2251,1003.0,1025.4715700089587,1026.0380355563846,1026.0309664969961,1110.1821464563238,1026.0311111111112
2252,1002.0,1025.4715700089564,1026.0380355563846,1026.0309664969961,1110.1821464563238,1026.0311111111112
2253,998.0,1025.4715700089534,1026.0380355563846,1026.0309664969961,1110.1821464563238,1026.0311111111112
2254,993.0,1025.4715700089498,1026.0380355563846,1026.0309664969961,1110.1821464563238,1026.0311111111112
2255,991.0,1025.4715700089455,1026.0380355563846,1026.0309664969961,1110.1821464563238,1026.0311111111112
2256,988.0,1025.4715700089414,1026.0380355563846,1026.0309664969961,1110.1821464563238,1026.0311111111112
2257,985.0,1025.471570008937,1026.0380355563846,1026.0309664969961,1110.1821464563238,1026.0311111111112
2258,980.0,1025.4715700089332,1026.0380355563846,1026.0309664969961,1110.1821464563238,1026.0311111111112
2259,978.0,1025.4715700089298,1026.0380355563846,1026.0309664969961,1110.1821464563238,1026.0311111111112
2260,973.0,1025.4715700089268,1026.0380355563846,1026.0309664969961,1110.1821464563238,1026.0311111111112
2261,970.0,1025.4715700089246,1026.0380355563846,1026.0309664969961,1110.1821464563238,1026.0311111111112
2262,968.0,1025.471570008923,1026.0380355563846,1026.0309664969961,1110.1821464563238,1026.0311111111112
2263,969.0,1025.471570008922,1026.0380355563846,1026.0309664969961,1110.1821464563238,1026.0311111111112
2264,970.0,1025.4715700089218,1026.0380355563846,1026.0309664969961,1110.1821464563238,1026.0311111111112
2265,972.0,1025.471570008922,1026.0380355563846,1026.0309664969961,1110.1821464563238,1026.0311111111112
2266,974.0,1025.4715700089228,1026.0380355563846,1026.0309664969961,1110.1821464563238,1026.0311111111112
2267,974.0,1025.4715700089237,1026.0380355563846,1026.0309664969961,1110.1821464563238,1026.0311111111112
2268,972.0,1025.4715700089253,1026.0380355563846,1026.0309664969961,1110.1821464563238,1026.0311111111112
2269,972.0,1025.4715700089266,1026.0380355563846,1026.0309664969961,1110.1821464563238,1026.0311111111112
2270,971.0,1025.4715700089284,1026.0380355563846,1026.0309664969961,1110.1821464563238,1026.0311111111112
2271,967.0,1025.47157000893,1026.0380355563846,1026.0309664969961,1110.1821464563238,1026.0311111111112
2272,966.0,1025.4715700089316,1026.0380355563846,1026.0309664969961,1110.1821464563238,1026.0311111111112
2273,966.0,1025.471570008933,1026.0380355563846,1026.0309664969961,1110.1821464563238,1026.0311111111112
2274,964.0,1025.4715700089341,1026.0380355563846,1026.0309664969961,1110.1821464563238,1026.0311111111112
2275,963.0,1025.471570008935,1026.0380355563846,1026.0309664969961,1110.1821464563238,1026.0311111111112
2276,961.0,1025.4715700089357,1026.0380355563846,1026.0309664969961,1110.1821464563238,1026.0311111111112
2277,958.0,1025.4715700089362,1026.0380355563846,1026.0309664969961,1110.1821464563238,1026.0311111111112
2278,963.0,1025.4715700089364,1026.0380355563846,1026.0309664969961,1110.1821464563238,1026.0311111111112
2279,967.0,1025.4715700089364,1026.0380355563846,1026.0309664969961,1110.1821464563238,1026.0311111111112
2280,977.0,1025.4715700089362,1026.0380355563846,1026.0309664969961,1110.1821464563238,1026.0311111111112
2281,994.0,1025.4715700089357,1026.0380355563846,1026.0309664969961,1110.1821464563238,1026.0311111111112
2282,1016.0,1025.4715700089353,1026.0380355563846,1026.0309664969961,1110.1821464563238,1026.0311111111112
2283,1047.0,1025.4715700089346,1026.0380355563846,1026.0309664969961,1110.1821464563238,1026.0311111111112
2284,1085.0,1025.4715700089341,1026.0380355563846,1026.0309664969961,1110.1821464563238,1026.0311111111112
2285,1130.0,1025.4715700089334,1026.0380355563846,1026.0309664969961,1110.1821464563238,1026.0311111111112
2286,1182.0,1025.4715700089328,1026.0380355563846,1026.0309664969961,1110.1821464563238,1026.0311111111112
2287,1233.0,1025.4715700089323,1026.0380355563846,1026.0309664969961,1110.1821464563238,1026.0311111111112
2288,1279.0,1025.4715700089316,1026.0380355563846,1026.0309664969961,1110.1821464563238,1026.0311111111112
2289,1310.0,1025.4715700089314,1026.0380355563846,1026.0309664969961,1110.1821464563238,1026.0311111111112
2290,1316.0,1025.471570008931,1026.0380355563846,1026.0309664969961,1110.1821464563238,1026.0311111111112
2291,1292.0,1025.471570008931,1026.0380355563846,1026.0309664969961,1110.1821464563238,1026.0311111111112
2292,1240.0,1025.4715700089307,1026.0380355563846,1026.0309664969961,1110.1821464563238,1026.0311111111112
2293,1176.0,1025.4715700089307,1026.0380355563846,1026.0309664969961,1110.1821464563238,1026.0311111111112
2294,1107.0,1025.4715700089307,1026.0380355563846,1026.0309664969961,1110.1821464563238,1026.0311111111112
2295,1048.0,1025.471570008931,1026.0380355563846,1026.0309664969961,1110.1821464563238,1026.0311111111112
2296,1000.0,1025.4715700089312,1026.0380355563846,1026.0309664969961,1110.1821464563238,1026.0311111111112
2297,970.0,1025.4715700089314,1026.0380355563846,1026.0309664969961,1110.1821464563238,1026.0311111111112
2298,957.0,1025.4715700089316,1026.0380355563846,1026.0309664969961,1110.1821464563238,1026.0311111111112
2299,955.0,1025.4715700089318,1026.0380355563846,1026.0309664969961,1110.1821464563238,1026.0311111111112
2300,960.0,1025.471570008932,1026.0380355563846,1026.0309664969961,1110.1821464563238,1026.0311111111112
2301,968.0,1025.4715700089323,1026.0380355563846,1026.0309664969961,1110.1821464563238,1026.0311111111112
2302,973.0,1025.4715700089325,1026.0380355563846,1026.0309664969961,1110.1821464563238,1026.0311111111112
2303,974.0,1025.4715700089325,1026.0380355563846,1026.0309664969961,1110.1821464563238,1026.0311111111112
2304,971.0,1025.4715700089328,1026.0380355563846,1026.0309664969961,1110.1821464563238,1026.0311111111112
2305,969.0,1025.4715700089328,1026.0380355563846,1026.0309664969961,1110.1821464563238,1026.0311111111112
2306,963.0,1025.471570008933,1026.0380355563846,1026.0309664969961,1110.1821464563238,1026.0311111111112
2307,960.0,1025.471570008933,1026.0380355563846,1026.0309664969961,1110.1821464563238,1026.0311111111112
2308,953.0,1025.471570008933,1026.0380355563846,1026.0309664969961,1110.1821464563238,1026.0311111111112
2309,953.0,1025.4715700089328,1026.0380355563846,1026.0309664969961,1110.1821464563238,1026.0311111111112
2310,950.0,1025.4715700089328,1026.0380355563846,1026.0309664969961,1110.1821464563238,1026.0311111111112
2311,952.0,1025.4715700089328,1026.0380355563846,1026.0309664969961,1110.1821464563238,1026.0311111111112
2312,955.0,1025.4715700089325,1026.0380355563846,1026.0309664969961,1110.1821464563238,1026.0311111111112
2313,955.0,1025.4715700089325,1026.0380355563846,1026.0309664969961,1110.1821464563238,1026.0311111111112
2314,952.0,1025.4715700089325,1026.0380355563846,1026.0309664969961,1110.1821464563238,1026.0311111111112
2315,952.0,1025.4715700089323,1026.0380355563846,1026.0309664969961,1110.1821464563238,1026.0311111111112
2316,954.0,1025.4715700089323,1026.0380355563846,1026.0309664969961,1110.1821464563238,1026.0311111111112
2317,955.0,1025.4715700089323,1026.0380355563846,1026.0309664969961,1110.1821464563238,1026.0311111111112
2318,952.0,1025.471570008932,1026.0380355563846,1026.0309664969961,1110.1821464563238,1026.0311111111112
2319,953.0,1025.471570008932,1026.0380355563846,1026.0309664969961,1110.1821464563238,1026.0311111111112
2320,951.0,1025.471570008932,1026.0380355563846,1026.0309664969961,1110.1821464563238,1026.0311111111112
2321,950.0,1025.471570008932,1026.0380355563846,1026.0309664969961,1110.1821464563238,1026.0311111111112
2322,950.0,1025.471570008932,1026.0380355563846,1026.0309664969961,1110.1821464563238,1026.0311111111112
2323,950.0,1025.471570008932,1026.0380355563846,1026.0309664969961,1110.1821464563238,1026.0311111111112
2324,951.0,1025.471570008932,1026.0380355563846,1026.0309664969961,1110.1821464563238,1026.0311111111112
2325,952.0,1025.471570008932,1026.0380355563846,1026.0309664969961,1110.1821464563238,1026.0311111111112
2326,953.0,1025.471570008932,1026.0380355563846,1026.0309664969961,1110.1821464563238,1026.0311111111112
2327,954.0,1025.4715700089323,1026.0380355563846,1026.0309664969961,1110.1821464563238,1026.0311111111112
2328,955.0,1025.4715700089323,1026.0380355563846,1026.0309664969961,1110.1821464563238,1026.0311111111112
2329,956.0,1025.4715700089323,1026.0380355563846,1026.0309664969961,1110.1821464563238,1026.0311111111112
2330,958.0,1025.4715700089323,1026.0380355563846,1026.0309664969961,1110.1821464563238,1026.0311111111112
2331,957.0,1025.4715700089323,1026.0380355563846,1026.0309664969961,1110.1821464563238,1026.0311111111112
2332,956.0,1025.4715700089323,1026.0380355563846,1026.0309664969961,1110.1821464563238,1026.0311111111112
2333,956.0,1025.4715700089323,1026.0380355563846,1026.0309664969961,1110.1821464563238,1026.0311111111112
2334,953.0,1025.4715700089323,1026.0380355563846,1026.0309664969961,1110.1821464563238,1026.0311111111112
2335,955.0,1025.4715700089323,1026.0380355563846,1026.0309664969961,1110.1821464563238,1026.0311111111112
2336,957.0,1025.4715700089323,1026.0380355563846,1026.0309664969961,1110.1821464563238,1026.0311111111112
2337,957.0,1025.4715700089323,1026.0380355563846,1026.0309664969961,1110.1821464563238,1026.0311111111112
2338,954.0,1025.4715700089323,1026.0380355563846,1026.0309664969961,1110.1821464563238,1026.0311111111112
2339,958.0,1025.4715700089323,1026.0380355563846,1026.0309664969961,1110.1821464563238,1026.0311111111112
2340,958.0,1025.4715700089323,1026.0380355563846,1026.0309664969961,1110.1821464563238,1026.0311111111112
2341,958.0,1025.4715700089323,1026.0380355563846,1026.0309664969961,1110.1821464563238,1026.0311111111112
2342,960.0,1025.4715700089323,1026.0380355563846,1026.0309664969961,1110.1821464563238,1026.0311111111112
2343,960.0,1025.4715700089323,1026.0380355563846,1026.0309664969961,1110.1821464563238,1026.0311111111112
2344,957.0,1025.4715700089323,1026.0380355563846,1026.0309664969961,1110.1821464563238,1026.0311111111112
2345,957.0,1025.4715700089323,1026.0380355563846,1026.0309664969961,1110.1821464563238,1026.0311111111112
2346,959.0,1025.4715700089323,1026.0380355563846,1026.0309664969961,1110.1821464563238,1026.0311111111112
2347,960.0,1025.4715700089323,1026.0380355563846,1026.0309664969961,1110.1821464563238,1026.0311111111112
2348,961.0,1025.4715700089323,1026.0380355563846,1026.0309664969961,1110.1821464563238,1026.0311111111112
2349,962.0,1025.4715700089323,1026.0380355563846,1026.0309664969961,1110.1821464563238,1026.0311111111112
2350,964.0,1025.4715700089323,1026.0380355563846,1026.0309664969961,1110.1821464563238,1026.0311111111112
2351,966.0,1025.4715700089323,1026.0380355563846,1026.0309664969961,1110.1821464563238,1026.0311111111112
2352,965.0,1025.4715700089323,1026.0380355563846,1026.0309664969961,1110.1821464563238,1026.0311111111112
2353,965.0,1025.4715700089323,1026.0380355563846,1026.0309664969961,1110.1821464563238,1026.0311111111112
2354,966.0,1025.4715700089323,1026.0380355563846,1026.0309664969961,1110.1821464563238,1026.0311111111112
2355,967.0,1025.4715700089323,1026.0380355563846,1026.0309664969961,1110.1821464563238,1026.0311111111112
2356,967.0,1025.4715700089323,1026.0380355563846,1026.0309664969961,1110.1821464563238,1026.0311111111112
2357,967.0,1025.4715700089323,1026.0380355563846,1026.0309664969961,1110.1821464563238,1026.0311111111112
2358,966.0,1025.4715700089323,1026.0380355563846,1026.0309664969961,1110.1821464563238,1026.0311111111112
2359,967.0,1025.4715700089323,1026.0380355563846,1026.0309664969961,1110.1821464563238,1026.0311111111112
2360,971.0,1025.4715700089323,1026.0380355563846,1026.0309664969961,1110.1821464563238,1026.0311111111112
2361,973.0,1025.4715700089323,1026.0380355563846,1026.0309664969961,1110.1821464563238,1026.0311111111112
2362,975.0,1025.4715700089323,1026.0380355563846,1026.0309664969961,1110.1821464563238,1026.0311111111112
2363,977.0,1025.4715700089323,1026.0380355563846,1026.0309664969961,1110.1821464563238,1026.0311111111112
2364,977.0,1025.4715700089323,1026.0380355563846,1026.0309664969961,1110.1821464563238,1026.0311111111112
2365,977.0,1025.4715700089323,1026.0380355563846,1026.0309664969961,1110.1821464563238,1026.0311111111112
2366,976.0,1025.4715700089323,1026.0380355563846,1026.0309664969961,1110.1821464563238,1026.0311111111112
2367,975.0,1025.4715700089323,1026.0380355563846,1026.0309664969961,1110.1821464563238,1026.0311111111112
2368,976.0,1025.4715700089323,1026.0380355563846,1026.0309664969961,1110.1821464563238,1026.0311111111112
2369,976.0,1025.4715700089323,1026.0380355563846,1026.0309664969961,1110.1821464563238,1026.0311111111112
2370,977.0,1025.4715700089323,1026.0380355563846,1026.0309664969961,1110.1821464563238,1026.0311111111112
2371,978.0,1025.4715700089323,1026.0380355563846,1026.0309664969961,1110.1821464563238,1026.0311111111112
2372,979.0,1025.4715700089323,1026.0380355563846,1026.0309664969961,1110.1821464563238,1026.0311111111112
2373,977.0,1025.4715700089323,1026.0380355563846,1026.0309664969961,1110.1821464563238,1026.0311111111112
2374,980.0,1025.4715700089323,1026.0380355563846,1026.0309664969961,1110.1821464563238,1026.0311111111112
2375,979.0,1025.4715700089323,1026.0380355563846,1026.0309664969961,1110.1821464563238,1026.0311111111112
2376,978.0,1025.4715700089323,1026.0380355563846,1026.0309664969961,1110.1821464563238,1026.0311111111112
2377,978.0,1025.4715700089323,1026.0380355563846,1026.0309664969961,1110.1821464563238,1026.0311111111112
2378,980.0,1025.4715700089323,1026.0380355563846,1026.0309664969961,1110.1821464563238,1026.0311111111112
2379,975.0,1025.4715700089323,1026.0380355563846,1026.0309664969961,1110.1821464563238,1026.0311111111112
2380,977.0,1025.4715700089323,1026.0380355563846,1026.0309664969961,1110.1821464563238,1026.0311111111112
2381,976.0,1025.4715700089323,1026.0380355563846,1026.0309664969961,1110.1821464563238,1026.0311111111112
2382,979.0,1025.4715700089323,1026.0380355563846,1026.0309664969961,1110.1821464563238,1026.0311111111112
2383,982.0,1025.4715700089323,1026.0380355563846,1026.0309664969961,1110.1821464563238,1026.0311111111112
2384,984.0,1025.4715700089323,1026.0380355563846,1026.0309664969961,1110.1821464563238,1026.0311111111112
2385,988.0,1025.4715700089323,1026.0380355563846,1026.0309664969961,1110.1821464563238,1026.0311111111112
2386,990.0,1025.4715700089323,1026.0380355563846,1026.0309664969961,1110.1821464563238,1026.0311111111112
2387,993.0,1025.4715700089323,1026.0380355563846,1026.0309664969961,1110.1821464563238,1026.0311111111112
2388,996.0,1025.4715700089323,1026.0380355563846,1026.0309664969961,1110.1821464563238,1026.0311111111112
2389,997.0,1025.4715700089323,1026.0380355563846,1026.0309664969961,1110.1821464563238,1026.0311111111112
2390,994.0,1025.4715700089323,1026.0380355563846,1026.0309664969961,1110.1821464563238,1026.0311111111112
2391,993.0,1025.4715700089323,1026.0380355563846,1026.0309664969961,1110.1821464563238,1026.0311111111112
2392,991.0,1025.4715700089323,1026.0380355563846,1026.0309664969961,1110.1821464563238,1026.0311111111112
2393,989.0,1025.4715700089323,1026.0380355563846,1026.0309664969961,1110.1821464563238,1026.0311111111112
2394,988.0,1025.4715700089323,1026.0380355563846,1026.0309664969961,1110.1821464563238,1026.0311111111112
2395,990.0,1025.4715700089323,1026.0380355563846,1026.0309664969961,1110.1821464563238,1026.0311111111112
2396,990.0,1025.4715700089323,1026.0380355563846,1026.0309664969961,1110.1821464563238,1026.0311111111112
2397,990.0,1025.4715700089323,1026.0380355563846,1026.0309664969961,1110.1821464563238,1026.0311111111112
2398,992.0,1025.4715700089323,1026.0380355563846,1026.0309664969961,1110.1821464563238,1026.0311111111112
2399,993.0,1025.4715700089323,1026.0380355563846,1026.0309664969961,1110.1821464563238,1026.0311111111112
2400,992.0,1025.4715700089323,1026.0380355563846,1026.0309664969961,1110.1821464563238,1026.0311111111112
2401,992.0,1025.4715700089323,1026.0380355563846,1026.0309664969961,1110.1821464563238,1026.0311111111112
2402,991.0,1025.4715700089323,1026.0380355563846,1026.0309664969961,1110.1821464563238,1026.0311111111112
2403,988.0,1025.4715700089323,1026.0380355563846,1026.0309664969961,1110.1821464563238,1026.0311111111112
2404,985.0,1025.4715700089323,1026.0380355563846,1026.0309664969961,1110.1821464563238,1026.0311111111112
2405,984.0,1025.4715700089323,1026.0380355563846,1026.0309664969961,1110.1821464563238,1026.0311111111112
2406,982.0,1025.4715700089323,1026.0380355563846,1026.0309664969961,1110.1821464563238,1026.0311111111112
2407,983.0,1025.4715700089323,1026.0380355563846,1026.0309664969961,1110.1821464563238,1026.0311111111112
2408,982.0,1025.4715700089323,1026.0380355563846,1026.0309664969961,1110.1821464563238,1026.0311111111112
2409,983.0,1025.4715700089323,1026.0380355563846,1026.0309664969961,1110.1821464563238,1026.0311111111112
2410,984.0,1025.4715700089323,1026.0380355563846,1026.0309664969961,1110.1821464563238,1026.0311111111112
2411,987.0,1025.4715700089323,1026.0380355563846,1026.0309664969961,1110.1821464563238,1026.0311111111112
2412,987.0,1025.4715700089323,1026.0380355563846,1026.0309664969961,1110.1821464563238,1026.0311111111112
2413,989.0,1025.4715700089323,1026.0380355563846,1026.0309664969961,1110.1821464563238,1026.0311111111112
2414,988.0,1025.4715700089323,1026.0380355563846,1026.0309664969961,1110.1821464563238,1026.0311111111112
2415,986.0,1025.4715700089323,1026.0380355563846,1026.0309664969961,1110.1821464563238,1026.0311111111112
2416,984.0,1025.4715700089323,1026.0380355563846,1026.0309664969961,1110.1821464563238,1026.0311111111112
2417,983.0,1025.4715700089323,1026.0380355563846,1026.0309664969961,1110.1821464563238,1026.0311111111112
2418,978.0,1025.4715700089323,1026.0380355563846,1026.0309664969961,1110.1821464563238,1026.0311111111112
2419,982.0,1025.4715700089323,1026.0380355563846,1026.0309664969961,1110.1821464563238,1026.0311111111112
2420,982.0,1025.4715700089323,1026.0380355563846,1026.0309664969961,1110.1821464563238,1026.0311111111112
2421,984.0,1025.4715700089323,1026.0380355563846,1026.0309664969961,1110.1821464563238,1026.0311111111112
2422,984.0,1025.4715700089323,1026.0380355563846,1026.0309664969961,1110.1821464563238,1026.0311111111112
2423,987.0,1025.4715700089323,1026.0380355563846,1026.0309664969961,1110.1821464563238,1026.0311111111112
2424,988.0,1025.4715700089323,1026.0380355563846,1026.0309664969961,1110.1821464563238,1026.0311111111112
2425,986.0,1025.4715700089323,1026.0380355563846,1026.0309664969961,1110.1821464563238,1026.0311111111112
2426,990.0,1025.4715700089323,1026.0380355563846,1026.0309664969961,1110.1821464563238,1026.0311111111112
2427,988.0,1025.4715700089323,1026.0380355563846,1026.0309664969961,1110.1821464563238,1026.0311111111112
2428,987.0,1025.4715700089323,1026.0380355563846,1026.0309664969961,1110.1821464563238,1026.0311111111112
2429,984.0,1025.4715700089323,1026.0380355563846,1026.0309664969961,1110.1821464563238,1026.0311111111112
2430,983.0,1025.4715700089323,1026.0380355563846,1026.0309664969961,1110.1821464563238,1026.0311111111112
2431,983.0,1025.4715700089323,1026.0380355563846,1026.0309664969961,1110.1821464563238,1026.0311111111112
2432,985.0,1025.4715700089323,1026.0380355563846,1026.0309664969961,1110.1821464563238,1026.0311111111112
2433,985.0,1025.4715700089323,1026.0380355563846,1026.0309664969961,1110.1821464563238,1026.0311111111112
2434,986.0,1025.4715700089323,1026.0380355563846,1026.0309664969961,1110.1821464563238,1026.0311111111112
2435,987.0,1025.4715700089323,1026.0380355563846,1026.0309664969961,1110.1821464563238,1026.0311111111112
2436,987.0,1025.4715700089323,1026.0380355563846,1026.0309664969961,1110.1821464563238,1026.0311111111112
2437,989.0,1025.4715700089323,1026.0380355563846,1026.0309664969961,1110.1821464563238,1026.0311111111112
2438,991.0,1025.4715700089323,1026.0380355563846,1026.0309664969961,1110.1821464563238,1026.0311111111112
2439,990.0,1025.4715700089323,1026.0380355563846,1026.0309664969961,1110.1821464563238,1026.0311111111112
2440,990.0,1025.4715700089323,1026.0380355563846,1026.0309664969961,1110.1821464563238,1026.0311111111112
2441,986.0,1025.4715700089323,1026.0380355563846,1026.0309664969961,1110.1821464563238,1026.0311111111112
2442,985.0,1025.4715700089323,1026.0380355563846,1026.0309664969961,1110.1821464563238,1026.0311111111112
2443,982.0,1025.4715700089323,1026.0380355563846,1026.0309664969961,1110.1821464563238,1026.0311111111112
2444,984.0,1025.4715700089323,1026.0380355563846,1026.0309664969961,1110.1821464563238,1026.0311111111112
2445,986.0,1025.4715700089323,1026.0380355563846,1026.0309664969961,1110.1821464563238,1026.0311111111112
2446,986.0,1025.4715700089323,1026.0380355563846,1026.0309664969961,1110.1821464563238,1026.0311111111112
2447,986.0,1025.4715700089323,1026.0380355563846,1026.0309664969961,1110.1821464563238,1026.0311111111112
2448,988.0,1025.4715700089323,1026.0380355563846,1026.0309664969961,1110.1821464563238,1026.0311111111112
2449,988.0,1025.4715700089323,1026.0380355563846,1026.0309664969961,1110.1821464563238,1026.0311111111112
2450,986.0,1025.4715700089323,1026.0380355563846,1026.0309664969961,1110.1821464563238,1026.0311111111112
2451,985.0,1025.4715700089323,1026.0380355563846,1026.0309664969961,1110.1821464563238,1026.0311111111112
2452,986.0,1025.4715700089323,1026.0380355563846,1026.0309664969961,1110.1821464563238,1026.0311111111112
2453,984.0,1025.4715700089323,1026.0380355563846,1026.0309664969961,1110.1821464563238,1026.0311111111112
2454,983.0,1025.4715700089323,1026.0380355563846,1026.0309664969961,1110.1821464563238,1026.0311111111112
2455,984.0,1025.4715700089323,1026.0380355563846,1026.0309664969961,1110.1821464563238,1026.0311111111112
2456,984.0,1025.4715700089323,1026.0380355563846,1026.0309664969961,1110.1821464563238,1026.0311111111112
2457,986.0,1025.4715700089323,1026.0380355563846,1026.0309664969961,1110.1821464563238,1026.0311111111112
2458,988.0,1025.4715700089323,1026.0380355563846,1026.0309664969961,1110.1821464563238,1026.0311111111112
2459,991.0,1025.4715700089323,1026.0380355563846,1026.0309664969961,1110.1821464563238,1026.0311111111112
2460,987.0,1025.4715700089323,1026.0380355563846,1026.0309664969961,1110.1821464563238,1026.0311111111112
2461,985.0,1025.4715700089323,1026.0380355563846,1026.0309664969961,1110.1821464563238,1026.0311111111112
2462,987.0,1025.4715700089323,1026.0380355563846,1026.0309664969961,1110.1821464563238,1026.0311111111112
2463,988.0,1025.4715700089323,1026.0380355563846,1026.0309664969961,1110.1821464563238,1026.0311111111112
2464,989.0,1025.4715700089323,1026.0380355563846,1026.0309664969961,1110.1821464563238,1026.0311111111112
2465,990.0,1025.4715700089323,1026.0380355563846,1026.0309664969961,1110.1821464563238,1026.0311111111112
2466,991.0,1025.4715700089323,1026.0380355563846,1026.0309664969961,1110.1821464563238,1026.0311111111112
2467,990.0,1025.4715700089323,1026.0380355563846,1026.0309664969961,1110.1821464563238,1026.0311111111112
2468,991.0,1025.4715700089323,1026.0380355563846,1026.0309664969961,1110.1821464563238,1026.0311111111112
2469,995.0,1025.4715700089323,1026.0380355563846,1026.0309664969961,1110.1821464563238,1026.0311111111112
2470,1000.0,1025.4715700089323,1026.0380355563846,1026.0309664969961,1110.1821464563238,1026.0311111111112
2471,1002.0,1025.4715700089323,1026.0380355563846,1026.0309664969961,1110.1821464563238,1026.0311111111112
2472,1002.0,1025.4715700089323,1026.0380355563846,1026.0309664969961,1110.1821464563238,1026.0311111111112
2473,1000.0,1025.4715700089323,1026.0380355563846,1026.0309664969961,1110.1821464563238,1026.0311111111112
2474,1002.0,1025.4715700089323,1026.0380355563846,1026.0309664969961,1110.1821464563238,1026.0311111111112
2475,1002.0,1025.4715700089323,1026.0380355563846,1026.0309664969961,1110.1821464563238,1026.0311111111112
2476,1005.0,1025.4715700089323,1026.0380355563846,1026.0309664969961,1110.1821464563238,1026.0311111111112
2477,1010.0,1025.4715700089323,1026.0380355563846,1026.0309664969961,1110.1821464563238,1026.0311111111112
2478,1015.0,1025.4715700089323,1026.0380355563846,1026.0309664969961,1110.1821464563238,1026.0311111111112
2479,1018.0,1025.4715700089323,1026.0380355563846,1026.0309664969961,1110.1821464563238,1026.0311111111112
2480,1021.0,1025.4715700089323,1026.0380355563846,1026.0309664969961,1110.1821464563238,1026.0311111111112
2481,1023.0,1025.4715700089323,1026.0380355563846,1026.0309664969961,1110.1821464563238,1026.0311111111112
2482,1024.0,1025.4715700089323,1026.0380355563846,1026.0309664969961,1110.1821464563238,1026.0311111111112
2483,1022.0,1025.4715700089323,1026.0380355563846,1026.0309664969961,1110.1821464563238,1026.0311111111112
2484,1022.0,1025.4715700089323,1026.0380355563846,1026.0309664969961,1110.1821464563238,1026.0311111111112
2485,1022.0,1025.4715700089323,1026.0380355563846,1026.0309664969961,1110.1821464563238,1026.0311111111112
2486,1018.0,1025.4715700089323,1026.0380355563846,1026.0309664969961,1110.1821464563238,1026.0311111111112
2487,1016.0,1025.4715700089323,1026.0380355563846,1026.0309664969961,1110.1821464563238,1026.0311111111112
2488,1013.0,1025.4715700089323,1026.0380355563846,1026.0309664969961,1110.1821464563238,1026.0311111111112
2489,1008.0,1025.4715700089323,1026.0380355563846,1026.0309664969961,1110.1821464563238,1026.0311111111112
2490,1002.0,1025.4715700089323,1026.0380355563846,1026.0309664969961,1110.1821464563238,1026.0311111111112
2491,999.0,1025.4715700089323,1026.0380355563846,1026.0309664969961,1110.1821464563238,1026.0311111111112
2492,994.0,1025.4715700089323,1026.0380355563846,1026.0309664969961,1110.1821464563238,1026.0311111111112
2493,992.0,1025.4715700089323,1026.0380355563846,1026.0309664969961,1110.1821464563238,1026.0311111111112
2494,992.0,1025.4715700089323,1026.0380355563846,1026.0309664969961,1110.1821464563238,1026.0311111111112
2495,992.0,1025.4715700089323,1026.0380355563846,1026.0309664969961,1110.1821464563238,1026.0311111111112
2496,987.0,1025.4715700089323,1026.0380355563846,1026.0309664969961,1110.1821464563238,1026.0311111111112
2497,986.0,1025.4715700089323,1026.0380355563846,1026.0309664969961,1110.1821464563238,1026.0311111111112
2498,981.0,1025.4715700089323,1026.0380355563846,1026.0309664969961,1110.1821464563238,1026.0311111111112
2499,977.0,1025.4715700089323,1026.0380355563846,1026.0309664969961,1110.1821464563238,1026.0311111111112
2500,979.0,1025.4715700089323,1026.0380355563846,1026.0309664969961,1110.1821464563238,1026.0311111111112
2501,976.0,1025.4715700089323,1026.0380355563846,1026.0309664969961,1110.1821464563238,1026.0311111111112
2502,971.0,1025.4715700089323,1026.0380355563846,1026.0309664969961,1110.1821464563238,1026.0311111111112
2503,971.0,1025.4715700089323,1026.0380355563846,1026.0309664969961,1110.1821464563238,1026.0311111111112
2504,972.0,1025.4715700089323,1026.0380355563846,1026.0309664969961,1110.1821464563238,1026.0311111111112
2505,972.0,1025.4715700089323,1026.0380355563846,1026.0309664969961,1110.1821464563238,1026.0311111111112
2506,974.0,1025.4715700089323,1026.0380355563846,1026.0309664969961,1110.1821464563238,1026.0311111111112
2507,975.0,1025.4715700089323,1026.0380355563846,1026.0309664969961,1110.1821464563238,1026.0311111111112
2508,975.0,1025.4715700089323,1026.0380355563846,1026.0309664969961,1110.1821464563238,1026.0311111111112
2509,976.0,1025.4715700089323,1026.0380355563846,1026.0309664969961,1110.1821464563238,1026.0311111111112
2510,975.0,1025.4715700089323,1026.0380355563846,1026.0309664969961,1110.1821464563238,1026.0311111111112
2511,973.0,1025.4715700089323,1026.0380355563846,1026.0309664969961,1110.1821464563238,1026.0311111111112
2512,972.0,1025.4715700089323,1026.0380355563846,1026.0309664969961,1110.1821464563238,1026.0311111111112
2513,970.0,1025.4715700089323,1026.0380355563846,1026.0309664969961,1110.1821464563238,1026.0311111111112
2514,967.0,1025.4715700089323,1026.0380355563846,1026.0309664969961,1110.1821464563238,1026.0311111111112
2515,964.0,1025.4715700089323,1026.0380355563846,1026.0309664969961,1110.1821464563238,1026.0311111111112
2516,962.0,1025.4715700089323,1026.0380355563846,1026.0309664969961,1110.1821464563238,1026.0311111111112
2517,963.0,1025.4715700089323,1026.0380355563846,1026.0309664969961,1110.1821464563238,1026.0311111111112
2518,972.0,1025.4715700089323,1026.0380355563846,1026.0309664969961,1110.1821464563238,1026.0311111111112
2519,987.0,1025.4715700089323,1026.0380355563846,1026.0309664969961,1110.1821464563238,1026.0311111111112
2520,1006.0,1025.4715700089323,1026.0380355563846,1026.0309664969961,1110.1821464563238,1026.0311111111112
2521,1037.0,1025.4715700089323,1026.0380355563846,1026.0309664969961,1110.1821464563238,1026.0311111111112
2522,1078.0,1025.4715700089323,1026.0380355563846,1026.0309664969961,1110.1821464563238,1026.0311111111112
2523,1120.0,1025.4715700089323,1026.0380355563846,1026.0309664969961,1110.1821464563238,1026.0311111111112
2524,1169.0,1025.4715700089323,1026.0380355563846,1026.0309664969961,1110.1821464563238,1026.0311111111112
2525,1219.0,1025.4715700089323,1026.0380355563846,1026.0309664969961,1110.1821464563238,1026.0311111111112
2526,1266.0,1025.4715700089323,1026.0380355563846,1026.0309664969961,1110.1821464563238,1026.0311111111112
2527,1303.0,1025.4715700089323,1026.0380355563846,1026.0309664969961,1110.1821464563238,1026.0311111111112
2528,1314.0,1025.4715700089323,1026.0380355563846,1026.0309664969961,1110.1821464563238,1026.0311111111112
2529,1303.0,1025.4715700089323,1026.0380355563846,1026.0309664969961,1110.1821464563238,1026.0311111111112
2530,1263.0,1025.4715700089323,1026.0380355563846,1026.0309664969961,1110.1821464563238,1026.0311111111112
2531,1206.0,1025.4715700089323,1026.0380355563846,1026.0309664969961,1110.1821464563238,1026.0311111111112
2532,1135.0,1025.4715700089323,1026.0380355563846,1026.0309664969961,1110.1821464563238,1026.0311111111112
2533,1074.0,1025.4715700089323,1026.0380355563846,1026.0309664969961,1110.1821464563238,1026.0311111111112
2534,1020.0,1025.4715700089323,1026.0380355563846,1026.0309664969961,1110.1821464563238,1026.0311111111112
2535,982.0,1025.4715700089323,1026.0380355563846,1026.0309664969961,1110.1821464563238,1026.0311111111112
2536,960.0,1025.4715700089323,1026.0380355563846,1026.0309664969961,1110.1821464563238,1026.0311111111112
2537,950.0,1025.4715700089323,1026.0380355563846,1026.0309664969961,1110.1821464563238,1026.0311111111112
2538,955.0,1025.4715700089323,1026.0380355563846,1026.0309664969961,1110.1821464563238,1026.0311111111112
2539,962.0,1025.4715700089323,1026.0380355563846,1026.0309664969961,1110.1821464563238,1026.0311111111112
2540,971.0,1025.4715700089323,1026.0380355563846,1026.0309664969961,1110.1821464563238,1026.0311111111112
2541,976.0,1025.4715700089323,1026.0380355563846,1026.0309664969961,1110.1821464563238,1026.0311111111112
2542,976.0,1025.4715700089323,1026.0380355563846,1026.0309664969961,1110.1821464563238,1026.0311111111112
2543,976.0,1025.4715700089323,1026.0380355563846,1026.0309664969961,1110.1821464563238,1026.0311111111112
2544,969.0,1025.4715700089323,1026.0380355563846,1026.0309664969961,1110.1821464563238,1026.0311111111112
2545,964.0,1025.4715700089323,1026.0380355563846,1026.0309664969961,1110.1821464563238,1026.0311111111112
2546,960.0,1025.4715700089323,1026.0380355563846,1026.0309664969961,1110.1821464563238,1026.0311111111112
2547,960.0,1025.4715700089323,1026.0380355563846,1026.0309664969961,1110.1821464563238,1026.0311111111112
2548,960.0,1025.4715700089323,1026.0380355563846,1026.0309664969961,1110.1821464563238,1026.0311111111112
2549,960.0,1025.4715700089323,1026.0380355563846,1026.0309664969961,1110.1821464563238,1026.0311111111112
2550,961.0,1025.4715700089323,1026.0380355563846,1026.0309664969961,1110.1821464563238,1026.0311111111112
2551,961.0,1025.4715700089323,1026.0380355563846,1026.0309664969961,1110.1821464563238,1026.0311111111112
2552,961.0,1025.4715700089323,1026.0380355563846,1026.0309664969961,1110.1821464563238,1026.0311111111112
2553,959.0,1025.4715700089323,1026.0380355563846,1026.0309664969961,1110.1821464563238,1026.0311111111112
2554,957.0,1025.4715700089323,1026.0380355563846,1026.0309664969961,1110.1821464563238,1026.0311111111112
2555,959.0,1025.4715700089323,1026.0380355563846,1026.0309664969961,1110.1821464563238,1026.0311111111112
2556,959.0,1025.4715700089323,1026.0380355563846,1026.0309664969961,1110.1821464563238,1026.0311111111112
2557,959.0,1025.4715700089323,1026.0380355563846,1026.0309664969961,1110.1821464563238,1026.0311111111112
2558,960.0,1025.4715700089323,1026.0380355563846,1026.0309664969961,1110.1821464563238,1026.0311111111112
2559,962.0,1025.4715700089323,1026.0380355563846,1026.0309664969961,1110.1821464563238,1026.0311111111112
2560,961.0,1025.4715700089323,1026.0380355563846,1026.0309664969961,1110.1821464563238,1026.0311111111112
2561,961.0,1025.4715700089323,1026.0380355563846,1026.0309664969961,1110.1821464563238,1026.0311111111112
2562,962.0,1025.4715700089323,1026.0380355563846,1026.0309664969961,1110.1821464563238,1026.0311111111112
2563,960.0,1025.4715700089323,1026.0380355563846,1026.0309664969961,1110.1821464563238,1026.0311111111112
2564,960.0,1025.4715700089323,1026.0380355563846,1026.0309664969961,1110.1821464563238,1026.0311111111112
2565,962.0,1025.4715700089323,1026.0380355563846,1026.0309664969961,1110.1821464563238,1026.0311111111112
2566,961.0,1025.4715700089323,1026.0380355563846,1026.0309664969961,1110.1821464563238,1026.0311111111112
2567,963.0,1025.4715700089323,1026.0380355563846,1026.0309664969961,1110.1821464563238,1026.0311111111112
2568,963.0,1025.4715700089323,1026.0380355563846,1026.0309664969961,1110.1821464563238,1026.0311111111112
2569,965.0,1025.4715700089323,1026.0380355563846,1026.0309664969961,1110.1821464563238,1026.0311111111112
2570,963.0,1025.4715700089323,1026.0380355563846,1026.0309664969961,1110.1821464563238,1026.0311111111112
2571,965.0,1025.4715700089323,1026.0380355563846,1026.0309664969961,1110.1821464563238,1026.0311111111112
2572,964.0,1025.4715700089323,1026.0380355563846,1026.0309664969961,1110.1821464563238,1026.0311111111112
2573,965.0,1025.4715700089323,1026.0380355563846,1026.0309664969961,1110.1821464563238,1026.0311111111112
2574,965.0,1025.4715700089323,1026.0380355563846,1026.0309664969961,1110.1821464563238,1026.0311111111112
2575,966.0,1025.4715700089323,1026.0380355563846,1026.0309664969961,1110.1821464563238,1026.0311111111112
2576,965.0,1025.4715700089323,1026.0380355563846,1026.0309664969961,1110.1821464563238,1026.0311111111112
2577,967.0,1025.4715700089323,1026.0380355563846,1026.0309664969961,1110.1821464563238,1026.0311111111112
2578,966.0,1025.4715700089323,1026.0380355563846,1026.0309664969961,1110.1821464563238,1026.0311111111112
2579,966.0,1025.4715700089323,1026.0380355563846,1026.0309664969961,1110.1821464563238,1026.0311111111112
2580,970.0,1025.4715700089323,1026.0380355563846,1026.0309664969961,1110.1821464563238,1026.0311111111112
2581,970.0,1025.4715700089323,1026.0380355563846,1026.0309664969961,1110.1821464563238,1026.0311111111112
2582,972.0,1025.4715700089323,1026.0380355563846,1026.0309664969961,1110.1821464563238,1026.0311111111112
2583,972.0,1025.4715700089323,1026.0380355563846,1026.0309664969961,1110.1821464563238,1026.0311111111112
2584,974.0,1025.4715700089323,1026.0380355563846,1026.0309664969961,1110.1821464563238,1026.0311111111112
2585,974.0,1025.4715700089323,1026.0380355563846,1026.0309664969961,1110.1821464563238,1026.0311111111112
2586,973.0,1025.4715700089323,1026.0380355563846,1026.0309664969961,1110.1821464563238,1026.0311111111112
2587,971.0,1025.4715700089323,1026.0380355563846,1026.0309664969961,1110.1821464563238,1026.0311111111112
2588,974.0,1025.4715700089323,1026.0380355563846,1026.0309664969961,1110.1821464563238,1026.0311111111112
2589,974.0,1025.4715700089323,1026.0380355563846,1026.0309664969961,1110.1821464563238,1026.0311111111112
2590,976.0,1025.4715700089323,1026.0380355563846,1026.0309664969961,1110.1821464563238,1026.0311111111112
2591,977.0,1025.4715700089323,1026.0380355563846,1026.0309664969961,1110.1821464563238,1026.0311111111112
2592,980.0,1025.4715700089323,1026.0380355563846,1026.0309664969961,1110.1821464563238,1026.0311111111112
2593,978.0,1025.4715700089323,1026.0380355563846,1026.0309664969961,1110.1821464563238,1026.0311111111112
2594,981.0,1025.4715700089323,1026.0380355563846,1026.0309664969961,1110.1821464563238,1026.0311111111112
2595,981.0,1025.4715700089323,1026.0380355563846,1026.0309664969961,1110.1821464563238,1026.0311111111112
2596,981.0,1025.4715700089323,1026.0380355563846,1026.0309664969961,1110.1821464563238,1026.0311111111112
2597,981.0,1025.4715700089323,1026.0380355563846,1026.0309664969961,1110.1821464563238,1026.0311111111112
2598,982.0,1025.4715700089323,1026.0380355563846,1026.0309664969961,1110.1821464563238,1026.0311111111112
2599,983.0,1025.4715700089323,1026.0380355563846,1026.0309664969961,1110.1821464563238,1026.0311111111112
2600,984.0,1025.4715700089323,1026.0380355563846,1026.0309664969961,1110.1821464563238,1026.0311111111112
2601,984.0,1025.4715700089323,1026.0380355563846,1026.0309664969961,1110.1821464563238,1026.0311111111112
2602,983.0,1025.4715700089323,1026.0380355563846,1026.0309664969961,1110.1821464563238,1026.0311111111112
2603,986.0,1025.4715700089323,1026.0380355563846,1026.0309664969961,1110.1821464563238,1026.0311111111112
2604,986.0,1025.4715700089323,1026.0380355563846,1026.0309664969961,1110.1821464563238,1026.0311111111112
2605,987.0,1025.4715700089323,1026.0380355563846,1026.0309664969961,1110.1821464563238,1026.0311111111112
2606,987.0,1025.4715700089323,1026.0380355563846,1026.0309664969961,1110.1821464563238,1026.0311111111112
2607,986.0,1025.4715700089323,1026.0380355563846,1026.0309664969961,1110.1821464563238,1026.0311111111112
2608,986.0,1025.4715700089323,1026.0380355563846,1026.0309664969961,1110.1821464563238,1026.0311111111112
2609,986.0,1025.4715700089323,1026.0380355563846,1026.0309664969961,1110.1821464563238,1026.0311111111112
2610,985.0,1025.4715700089323,1026.0380355563846,1026.0309664969961,1110.1821464563238,1026.0311111111112
2611,985.0,1025.4715700089323,1026.0380355563846,1026.0309664969961,1110.1821464563238,1026.0311111111112
2612,987.0,1025.4715700089323,1026.0380355563846,1026.0309664969961,1110.1821464563238,1026.0311111111112
2613,987.0,1025.4715700089323,1026.0380355563846,1026.0309664969961,1110.1821464563238,1026.0311111111112
2614,988.0,1025.4715700089323,1026.0380355563846,1026.0309664969961,1110.1821464563238,1026.0311111111112
2615,991.0,1025.4715700089323,1026.0380355563846,1026.0309664969961,1110.1821464563238,1026.0311111111112
2616,993.0,1025.4715700089323,1026.0380355563846,1026.0309664969961,1110.1821464563238,1026.0311111111112
2617,994.0,1025.4715700089323,1026.0380355563846,1026.0309664969961,1110.1821464563238,1026.0311111111112
2618,996.0,1025.4715700089323,1026.0380355563846,1026.0309664969961,1110.1821464563238,1026.0311111111112
2619,996.0,1025.4715700089323,1026.0380355563846,1026.0309664969961,1110.1821464563238,1026.0311111111112
2620,998.0,1025.4715700089323,1026.0380355563846,1026.0309664969961,1110.1821464563238,1026.0311111111112
2621,1000.0,1025.4715700089323,1026.0380355563846,1026.0309664969961,1110.1821464563238,1026.0311111111112
2622,1001.0,1025.4715700089323,1026.0380355563846,1026.0309664969961,1110.1821464563238,1026.0311111111112
2623,1002.0,1025.4715700089323,1026.0380355563846,1026.0309664969961,1110.1821464563238,1026.0311111111112
2624,1005.0,1025.4715700089323,1026.0380355563846,1026.0309664969961,1110.1821464563238,1026.0311111111112
2625,1006.0,1025.4715700089323,1026.0380355563846,1026.0309664969961,1110.1821464563238,1026.0311111111112
2626,1008.0,1025.4715700089323,1026.0380355563846,1026.0309664969961,1110.1821464563238,1026.0311111111112
2627,1009.0,1025.4715700089323,1026.0380355563846,1026.0309664969961,1110.1821464563238,1026.0311111111112
2628,1008.0,1025.4715700089323,1026.0380355563846,1026.0309664969961,1110.1821464563238,1026.0311111111112
2629,1007.0,1025.4715700089323,1026.0380355563846,1026.0309664969961,1110.1821464563238,1026.0311111111112
2630,1005.0,1025.4715700089323,1026.0380355563846,1026.0309664969961,1110.1821464563238,1026.0311111111112
2631,1003.0,1025.4715700089323,1026.0380355563846,1026.0309664969961,1110.1821464563238,1026.0311111111112
2632,1002.0,1025.4715700089323,1026.0380355563846,1026.0309664969961,1110.1821464563238,1026.0311111111112
2633,1000.0,1025.4715700089323,1026.0380355563846,1026.0309664969961,1110.1821464563238,1026.0311111111112
2634,999.0,1025.4715700089323,1026.0380355563846,1026.0309664969961,1110.1821464563238,1026.0311111111112
2635,1000.0,1025.4715700089323,1026.0380355563846,1026.0309664969961,1110.1821464563238,1026.0311111111112
2636,1001.0,1025.4715700089323,1026.0380355563846,1026.0309664969961,1110.1821464563238,1026.0311111111112
2637,1000.0,1025.4715700089323,1026.0380355563846,1026.0309664969961,1110.1821464563238,1026.0311111111112
2638,1002.0,1025.4715700089323,1026.0380355563846,1026.0309664969961,1110.1821464563238,1026.0311111111112
2639,1006.0,1025.4715700089323,1026.0380355563846,1026.0309664969961,1110.1821464563238,1026.0311111111112
2640,1004.0,1025.4715700089323,1026.0380355563846,1026.0309664969961,1110.1821464563238,1026.0311111111112
2641,1002.0,1025.4715700089323,1026.0380355563846,1026.0309664969961,1110.1821464563238,1026.0311111111112
2642,1001.0,1025.4715700089323,1026.0380355563846,1026.0309664969961,1110.1821464563238,1026.0311111111112
2643,1000.0,1025.4715700089323,1026.0380355563846,1026.0309664969961,1110.1821464563238,1026.0311111111112
2644,998.0,1025.4715700089323,1026.0380355563846,1026.0309664969961,1110.1821464563238,1026.0311111111112
2645,997.0,1025.4715700089323,1026.0380355563846,1026.0309664969961,1110.1821464563238,1026.0311111111112
2646,995.0,1025.4715700089323,1026.0380355563846,1026.0309664969961,1110.1821464563238,1026.0311111111112
2647,996.0,1025.4715700089323,1026.0380355563846,1026.0309664969961,1110.1821464563238,1026.0311111111112
2648,998.0,1025.4715700089323,1026.0380355563846,1026.0309664969961,1110.1821464563238,1026.0311111111112
2649,1000.0,1025.4715700089323,1026.0380355563846,1026.0309664969961,1110.1821464563238,1026.0311111111112
2650,1004.0,1025.4715700089323,1026.0380355563846,1026.0309664969961,1110.1821464563238,1026.0311111111112
2651,1004.0,1025.4715700089323,1026.0380355563846,1026.0309664969961,1110.1821464563238,1026.0311111111112
2652,1004.0,1025.4715700089323,1026.0380355563846,1026.0309664969961,1110.1821464563238,1026.0311111111112
2653,1003.0,1025.4715700089323,1026.0380355563846,1026.0309664969961,1110.1821464563238,1026.0311111111112
2654,1004.0,1025.4715700089323,1026.0380355563846,1026.0309664969961,1110.1821464563238,1026.0311111111112
2655,1003.0,1025.4715700089323,1026.0380355563846,1026.0309664969961,1110.1821464563238,1026.0311111111112
2656,1002.0,1025.4715700089323,1026.0380355563846,1026.0309664969961,1110.1821464563238,1026.0311111111112
2657,1000.0,1025.4715700089323,1026.0380355563846,1026.0309664969961,1110.1821464563238,1026.0311111111112
2658,999.0,1025.4715700089323,1026.0380355563846,1026.0309664969961,1110.1821464563238,1026.0311111111112
2659,998.0,1025.4715700089323,1026.0380355563846,1026.0309664969961,1110.1821464563238,1026.0311111111112
2660,999.0,1025.4715700089323,1026.0380355563846,1026.0309664969961,1110.1821464563238,1026.0311111111112
2661,1000.0,1025.4715700089323,1026.0380355563846,1026.0309664969961,1110.1821464563238,1026.0311111111112
2662,1004.0,1025.4715700089323,1026.0380355563846,1026.0309664969961,1110.1821464563238,1026.0311111111112
2663,1007.0,1025.4715700089323,1026.0380355563846,1026.0309664969961,1110.1821464563238,1026.0311111111112
2664,1007.0,1025.4715700089323,1026.0380355563846,1026.0309664969961,1110.1821464563238,1026.0311111111112
2665,1007.0,1025.4715700089323,1026.0380355563846,1026.0309664969961,1110.1821464563238,1026.0311111111112
2666,1010.0,1025.4715700089323,1026.0380355563846,1026.0309664969961,1110.1821464563238,1026.0311111111112
2667,1002.0,1025.4715700089323,1026.0380355563846,1026.0309664969961,1110.1821464563238,1026.0311111111112
2668,1003.0,1025.4715700089323,1026.0380355563846,1026.0309664969961,1110.1821464563238,1026.0311111111112
2669,1001.0,1025.4715700089323,1026.0380355563846,1026.0309664969961,1110.1821464563238,1026.0311111111112
2670,1001.0,1025.4715700089323,1026.0380355563846,1026.0309664969961,1110.1821464563238,1026.0311111111112
2671,1003.0,1025.4715700089323,1026.0380355563846,1026.0309664969961,1110.1821464563238,1026.0311111111112
2672,1003.0,1025.4715700089323,1026.0380355563846,1026.0309664969961,1110.1821464563238,1026.0311111111112
2673,1006.0,1025.4715700089323,1026.0380355563846,1026.0309664969961,1110.1821464563238,1026.0311111111112
2674,1008.0,1025.4715700089323,1026.0380355563846,1026.0309664969961,1110.1821464563238,1026.0311111111112
2675,1009.0,1025.4715700089323,1026.0380355563846,1026.0309664969961,1110.1821464563238,1026.0311111111112
2676,1011.0,1025.4715700089323,1026.0380355563846,1026.0309664969961,1110.1821464563238,1026.0311111111112
2677,1010.0,1025.4715700089323,1026.0380355563846,1026.0309664969961,1110.1821464563238,1026.0311111111112
2678,1010.0,1025.4715700089323,1026.0380355563846,1026.0309664969961,1110.1821464563238,1026.0311111111112
2679,1008.0,1025.4715700089323,1026.0380355563846,1026.0309664969961,1110.1821464563238,1026.0311111111112
2680,1005.0,1025.4715700089323,1026.0380355563846,1026.0309664969961,1110.1821464563238,1026.0311111111112
2681,1003.0,1025.4715700089323,1026.0380355563846,1026.0309664969961,1110.1821464563238,1026.0311111111112
2682,1004.0,1025.4715700089323,1026.0380355563846,1026.0309664969961,1110.1821464563238,1026.0311111111112
2683,999.0,1025.4715700089323,1026.0380355563846,1026.0309664969961,1110.1821464563238,1026.0311111111112
2684,1000.0,1025.4715700089323,1026.0380355563846,1026.0309664969961,1110.1821464563238,1026.0311111111112
2685,1000.0,1025.4715700089323,1026.0380355563846,1026.0309664969961,1110.1821464563238,1026.0311111111112
2686,1002.0,1025.4715700089323,1026.0380355563846,1026.0309664969961,1110.1821464563238,1026.0311111111112
2687,1007.0,1025.4715700089323,1026.0380355563846,1026.0309664969961,1110.1821464563238,1026.0311111111112
2688,1007.0,1025.4715700089323,1026.0380355563846,1026.0309664969961,1110.1821464563238,1026.0311111111112
2689,1004.0,1025.4715700089323,1026.0380355563846,1026.0309664969961,1110.1821464563238,1026.0311111111112
2690,1004.0,1025.4715700089323,1026.0380355563846,1026.0309664969961,1110.1821464563238,1026.0311111111112
2691,1004.0,1025.4715700089323,1026.0380355563846,1026.0309664969961,1110.1821464563238,1026.0311111111112
2692,1002.0,1025.4715700089323,1026.0380355563846,1026.0309664969961,1110.1821464563238,1026.0311111111112
2693,1002.0,1025.4715700089323,1026.0380355563846,1026.0309664969961,1110.1821464563238,1026.0311111111112
2694,1005.0,1025.4715700089323,1026.0380355563846,1026.0309664969961,1110.1821464563238,1026.0311111111112
2695,1006.0,1025.4715700089323,1026.0380355563846,1026.0309664969961,1110.1821464563238,1026.0311111111112
2696,1008.0,1025.4715700089323,1026.0380355563846,1026.0309664969961,1110.1821464563238,1026.0311111111112
2697,1014.0,1025.4715700089323,1026.0380355563846,1026.0309664969961,1110.1821464563238,1026.0311111111112
2698,1014.0,1025.4715700089323,1026.0380355563846,1026.0309664969961,1110.1821464563238,1026.0311111111112
2699,1019.0,1025.4715700089323,1026.0380355563846,1026.0309664969961,1110.1821464563238,1026.0311111111112
2700,1019.0,1025.4715700089323,1026.0380355563846,1026.0309664969961,1110.1821464563238,1026.0311111111112
2701,1021.0,1025.4715700089323,1026.0380355563846,1026.0309664969961,1110.1821464563238,1026.0311111111112
2702,1021.0,1025.4715700089323,1026.0380355563846,1026.0309664969961,1110.1821464563238,1026.0311111111112
2703,1022.0,1025.4715700089323,1026.0380355563846,1026.0309664969961,1110.1821464563238,1026.0311111111112
2704,1020.0,1025.4715700089323,1026.0380355563846,1026.0309664969961,1110.1821464563238,1026.0311111111112
2705,1022.0,1025.4715700089323,1026.0380355563846,1026.0309664969961,1110.1821464563238,1026.0311111111112
2706,1023.0,1025.4715700089323,1026.0380355563846,1026.0309664969961,1110.1821464563238,1026.0311111111112
2707,1030.0,1025.4715700089323,1026.0380355563846,1026.0309664969961,1110.1821464563238,1026.0311111111112
2708,1033.0,1025.4715700089323,1026.0380355563846,1026.0309664969961,1110.1821464563238,1026.0311111111112
2709,1033.0,1025.4715700089323,1026.0380355563846,1026.0309664969961,1110.1821464563238,1026.0311111111112
2710,1034.0,1025.4715700089323,1026.0380355563846,1026.0309664969961,1110.1821464563238,1026.0311111111112
2711,1033.0,1025.4715700089323,1026.0380355563846,1026.0309664969961,1110.1821464563238,1026.0311111111112
2712,1034.0,1025.4715700089323,1026.0380355563846,1026.0309664969961,1110.1821464563238,1026.0311111111112
2713,1034.0,1025.4715700089323,1026.0380355563846,1026.0309664969961,1110.1821464563238,1026.0311111111112
2714,1037.0,1025.4715700089323,1026.0380355563846,1026.0309664969961,1110.1821464563238,1026.0311111111112
2715,1036.0,1025.4715700089323,1026.0380355563846,1026.0309664969961,1110.1821464563238,1026.0311111111112
2716,1034.0,1025.4715700089323,1026.0380355563846,1026.0309664969961,1110.1821464563238,1026.0311111111112
2717,1032.0,1025.4715700089323,1026.0380355563846,1026.0309664969961,1110.1821464563238,1026.0311111111112
2718,1027.0,1025.4715700089323,1026.0380355563846,1026.0309664969961,1110.1821464563238,1026.0311111111112
2719,1024.0,1025.4715700089323,1026.0380355563846,1026.0309664969961,1110.1821464563238,1026.0311111111112
2720,1018.0,1025.4715700089323,1026.0380355563846,1026.0309664969961,1110.1821464563238,1026.0311111111112
2721,1015.0,1025.4715700089323,1026.0380355563846,1026.0309664969961,1110.1821464563238,1026.0311111111112
2722,1011.0,1025.4715700089323,1026.0380355563846,1026.0309664969961,1110.1821464563238,1026.0311111111112
2723,1006.0,1025.4715700089323,1026.0380355563846,1026.0309664969961,1110.1821464563238,1026.0311111111112
2724,1004.0,1025.4715700089323,1026.0380355563846,1026.0309664969961,1110.1821464563238,1026.0311111111112
2725,999.0,1025.4715700089323,1026.0380355563846,1026.0309664969961,1110.1821464563238,1026.0311111111112
2726,997.0,1025.4715700089323,1026.0380355563846,1026.0309664969961,1110.1821464563238,1026.0311111111112
2727,991.0,1025.4715700089323,1026.0380355563846,1026.0309664969961,1110.1821464563238,1026.0311111111112
2728,992.0,1025.4715700089323,1026.0380355563846,1026.0309664969961,1110.1821464563238,1026.0311111111112
2729,988.0,1025.4715700089323,1026.0380355563846,1026.0309664969961,1110.1821464563238,1026.0311111111112
2730,987.0,1025.4715700089323,1026.0380355563846,1026.0309664969961,1110.1821464563238,1026.0311111111112
2731,986.0,1025.4715700089323,1026.0380355563846,1026.0309664969961,1110.1821464563238,1026.0311111111112
2732,989.0,1025.4715700089323,1026.0380355563846,1026.0309664969961,1110.1821464563238,1026.0311111111112
2733,990.0,1025.4715700089323,1026.0380355563846,1026.0309664969961,1110.1821464563238,1026.0311111111112
2734,989.0,1025.4715700089323,1026.0380355563846,1026.0309664969961,1110.1821464563238,1026.0311111111112
2735,987.0,1025.4715700089323,1026.0380355563846,1026.0309664969961,1110.1821464563238,1026.0311111111112
2736,988.0,1025.4715700089323,1026.0380355563846,1026.0309664969961,1110.1821464563238,1026.0311111111112
2737,988.0,1025.4715700089323,1026.0380355563846,1026.0309664969961,1110.1821464563238,1026.0311111111112
2738,990.0,1025.4715700089323,1026.0380355563846,1026.0309664969961,1110.1821464563238,1026.0311111111112
2739,987.0,1025.4715700089323,1026.0380355563846,1026.0309664969961,1110.1821464563238,1026.0311111111112
2740,986.0,1025.4715700089323,1026.0380355563846,1026.0309664969961,1110.1821464563238,1026.0311111111112
2741,983.0,1025.4715700089323,1026.0380355563846,1026.0309664969961,1110.1821464563238,1026.0311111111112
2742,983.0,1025.4715700089323,1026.0380355563846,1026.0309664969961,1110.1821464563238,1026.0311111111112
2743,982.0,1025.4715700089323,1026.0380355563846,1026.0309664969961,1110.1821464563238,1026.0311111111112
2744,985.0,1025.4715700089323,1026.0380355563846,1026.0309664969961,1110.1821464563238,1026.0311111111112
2745,985.0,1025.4715700089323,1026.0380355563846,1026.0309664969961,1110.1821464563238,1026.0311111111112
2746,985.0,1025.4715700089323,1026.0380355563846,1026.0309664969961,1110.1821464563238,1026.0311111111112
2747,985.0,1025.4715700089323,1026.0380355563846,1026.0309664969961,1110.1821464563238,1026.0311111111112
2748,985.0,1025.4715700089323,1026.0380355563846,1026.0309664969961,1110.1821464563238,1026.0311111111112
2749,993.0,1025.4715700089323,1026.0380355563846,1026.0309664969961,1110.1821464563238,1026.0311111111112
2750,1007.0,1025.4715700089323,1026.0380355563846,1026.0309664969961,1110.1821464563238,1026.0311111111112
2751,1028.0,1025.4715700089323,1026.0380355563846,1026.0309664969961,1110.1821464563238,1026.0311111111112
2752,1055.0,1025.4715700089323,1026.0380355563846,1026.0309664969961,1110.1821464563238,1026.0311111111112
2753,1090.0,1025.4715700089323,1026.0380355563846,1026.0309664969961,1110.1821464563238,1026.0311111111112
2754,1131.0,1025.4715700089323,1026.0380355563846,1026.0309664969961,1110.1821464563238,1026.0311111111112
2755,1178.0,1025.4715700089323,1026.0380355563846,1026.0309664969961,1110.1821464563238,1026.0311111111112
2756,1232.0,1025.4715700089323,1026.0380355563846,1026.0309664969961,1110.1821464563238,1026.0311111111112
2757,1281.0,1025.4715700089323,1026.0380355563846,1026.0309664969961,1110.1821464563238,1026.0311111111112
2758,1320.0,1025.4715700089323,1026.0380355563846,1026.0309664969961,1110.1821464563238,1026.0311111111112
2759,1341.0,1025.4715700089323,1026.0380355563846,1026.0309664969961,1110.1821464563238,1026.0311111111112
2760,1333.0,1025.4715700089323,1026.0380355563846,1026.0309664969961,1110.1821464563238,1026.0311111111112
2761,1303.0,1025.4715700089323,1026.0380355563846,1026.0309664969961,1110.1821464563238,1026.0311111111112
2762,1251.0,1025.4715700089323,1026.0380355563846,1026.0309664969961,1110.1821464563238,1026.0311111111112
2763,1188.0,1025.4715700089323,1026.0380355563846,1026.0309664969961,1110.1821464563238,1026.0311111111112
2764,1126.0,1025.4715700089323,1026.0380355563846,1026.0309664969961,1110.1821464563238,1026.0311111111112
2765,1067.0,1025.4715700089323,1026.0380355563846,1026.0309664969961,1110.1821464563238,1026.0311111111112
2766,1020.0,1025.4715700089323,1026.0380355563846,1026.0309664969961,1110.1821464563238,1026.0311111111112
2767,992.0,1025.4715700089323,1026.0380355563846,1026.0309664969961,1110.1821464563238,1026.0311111111112
2768,974.0,1025.4715700089323,1026.0380355563846,1026.0309664969961,1110.1821464563238,1026.0311111111112
2769,973.0,1025.4715700089323,1026.0380355563846,1026.0309664969961,1110.1821464563238,1026.0311111111112
2770,973.0,1025.4715700089323,1026.0380355563846,1026.0309664969961,1110.1821464563238,1026.0311111111112
2771,982.0,1025.4715700089323,1026.0380355563846,1026.0309664969961,1110.1821464563238,1026.0311111111112
2772,991.0,1025.4715700089323,1026.0380355563846,1026.0309664969961,1110.1821464563238,1026.0311111111112
2773,991.0,1025.4715700089323,1026.0380355563846,1026.0309664969961,1110.1821464563238,1026.0311111111112
2774,988.0,1025.4715700089323,1026.0380355563846,1026.0309664969961,1110.1821464563238,1026.0311111111112
2775,982.0,1025.4715700089323,1026.0380355563846,1026.0309664969961,1110.1821464563238,1026.0311111111112
2776,976.0,1025.4715700089323,1026.0380355563846,1026.0309664969961,1110.1821464563238,1026.0311111111112
2777,966.0,1025.4715700089323,1026.0380355563846,1026.0309664969961,1110.1821464563238,1026.0311111111112
2778,962.0,1025.4715700089323,1026.0380355563846,1026.0309664969961,1110.1821464563238,1026.0311111111112
2779,959.0,1025.4715700089323,1026.0380355563846,1026.0309664969961,1110.1821464563238,1026.0311111111112
2780,962.0,1025.4715700089323,1026.0380355563846,1026.0309664969961,1110.1821464563238,1026.0311111111112
2781,961.0,1025.4715700089323,1026.0380355563846,1026.0309664969961,1110.1821464563238,1026.0311111111112
2782,965.0,1025.4715700089323,1026.0380355563846,1026.0309664969961,1110.1821464563238,1026.0311111111112
2783,969.0,1025.4715700089323,1026.0380355563846,1026.0309664969961,1110.1821464563238,1026.0311111111112
2784,970.0,1025.4715700089323,1026.0380355563846,1026.0309664969961,1110.1821464563238,1026.0311111111112
2785,970.0,1025.4715700089323,1026.0380355563846,1026.0309664969961,1110.1821464563238,1026.0311111111112
2786,968.0,1025.4715700089323,1026.0380355563846,1026.0309664969961,1110.1821464563238,1026.0311111111112
2787,966.0,1025.4715700089323,1026.0380355563846,1026.0309664969961,1110.1821464563238,1026.0311111111112
2788,963.0,1025.4715700089323,1026.0380355563846,1026.0309664969961,1110.1821464563238,1026.0311111111112
2789,963.0,1025.4715700089323,1026.0380355563846,1026.0309664969961,1110.1821464563238,1026.0311111111112
2790,962.0,1025.4715700089323,1026.0380355563846,1026.0309664969961,1110.1821464563238,1026.0311111111112
2791,962.0,1025.4715700089323,1026.0380355563846,1026.0309664969961,1110.1821464563238,1026.0311111111112
2792,960.0,1025.4715700089323,1026.0380355563846,1026.0309664969961,1110.1821464563238,1026.0311111111112
2793,962.0,1025.4715700089323,1026.0380355563846,1026.0309664969961,1110.1821464563238,1026.0311111111112
2794,963.0,1025.4715700089323,1026.0380355563846,1026.0309664969961,1110.1821464563238,1026.0311111111112
2795,964.0,1025.4715700089323,1026.0380355563846,1026.0309664969961,1110.1821464563238,1026.0311111111112
2796,963.0,1025.4715700089323,1026.0380355563846,1026.0309664969961,1110.1821464563238,1026.0311111111112
2797,964.0,1025.4715700089323,1026.0380355563846,1026.0309664969961,1110.1821464563238,1026.0311111111112
2798,963.0,1025.4715700089323,1026.0380355563846,1026.0309664969961,1110.1821464563238,1026.0311111111112
2799,967.0,1025.4715700089323,1026.0380355563846,1026.0309664969961,1110.1821464563238,1026.0311111111112
2800,967.0,1025.4715700089323,1026.0380355563846,1026.0309664969961,1110.1821464563238,1026.0311111111112
2801,964.0,1025.4715700089323,1026.0380355563846,1026.0309664969961,1110.1821464563238,1026.0311111111112
2802,963.0,1025.4715700089323,1026.0380355563846,1026.0309664969961,1110.1821464563238,1026.0311111111112
2803,962.0,1025.4715700089323,1026.0380355563846,1026.0309664969961,1110.1821464563238,1026.0311111111112
2804,962.0,1025.4715700089323,1026.0380355563846,1026.0309664969961,1110.1821464563238,1026.0311111111112
2805,961.0,1025.4715700089323,1026.0380355563846,1026.0309664969961,1110.1821464563238,1026.0311111111112
2806,962.0,1025.4715700089323,1026.0380355563846,1026.0309664969961,1110.1821464563238,1026.0311111111112
2807,964.0,1025.4715700089323,1026.0380355563846,1026.0309664969961,1110.1821464563238,1026.0311111111112
2808,964.0,1025.4715700089323,1026.0380355563846,1026.0309664969961,1110.1821464563238,1026.0311111111112
2809,965.0,1025.4715700089323,1026.0380355563846,1026.0309664969961,1110.1821464563238,1026.0311111111112
2810,966.0,1025.4715700089323,1026.0380355563846,1026.0309664969961,1110.1821464563238,1026.0311111111112
2811,965.0,1025.4715700089323,1026.0380355563846,1026.0309664969961,1110.1821464563238,1026.0311111111112
2812,966.0,1025.4715700089323,1026.0380355563846,1026.0309664969961,1110.1821464563238,1026.0311111111112
2813,965.0,1025.4715700089323,1026.0380355563846,1026.0309664969961,1110.1821464563238,1026.0311111111112
2814,965.0,1025.4715700089323,1026.0380355563846,1026.0309664969961,1110.1821464563238,1026.0311111111112
2815,964.0,1025.4715700089323,1026.0380355563846,1026.0309664969961,1110.1821464563238,1026.0311111111112
2816,965.0,1025.4715700089323,1026.0380355563846,1026.0309664969961,1110.1821464563238,1026.0311111111112
2817,967.0,1025.4715700089323,1026.0380355563846,1026.0309664969961,1110.1821464563238,1026.0311111111112
2818,967.0,1025.4715700089323,1026.0380355563846,1026.0309664969961,1110.1821464563238,1026.0311111111112
2819,967.0,1025.4715700089323,1026.0380355563846,1026.0309664969961,1110.1821464563238,1026.0311111111112
2820,971.0,1025.4715700089323,1026.0380355563846,1026.0309664969961,1110.1821464563238,1026.0311111111112
2821,972.0,1025.4715700089323,1026.0380355563846,1026.0309664969961,1110.1821464563238,1026.0311111111112
2822,974.0,1025.4715700089323,1026.0380355563846,1026.0309664969961,1110.1821464563238,1026.0311111111112
2823,974.0,1025.4715700089323,1026.0380355563846,1026.0309664969961,1110.1821464563238,1026.0311111111112
2824,972.0,1025.4715700089323,1026.0380355563846,1026.0309664969961,1110.1821464563238,1026.0311111111112
2825,973.0,1025.4715700089323,1026.0380355563846,1026.0309664969961,1110.1821464563238,1026.0311111111112
2826,971.0,1025.4715700089323,1026.0380355563846,1026.0309664969961,1110.1821464563238,1026.0311111111112
2827,971.0,1025.4715700089323,1026.0380355563846,1026.0309664969961,1110.1821464563238,1026.0311111111112
2828,973.0,1025.4715700089323,1026.0380355563846,1026.0309664969961,1110.1821464563238,1026.0311111111112
2829,976.0,1025.4715700089323,1026.0380355563846,1026.0309664969961,1110.1821464563238,1026.0311111111112
2830,977.0,1025.4715700089323,1026.0380355563846,1026.0309664969961,1110.1821464563238,1026.0311111111112
2831,978.0,1025.4715700089323,1026.0380355563846,1026.0309664969961,1110.1821464563238,1026.0311111111112
2832,980.0,1025.4715700089323,1026.0380355563846,1026.0309664969961,1110.1821464563238,1026.0311111111112
2833,979.0,1025.4715700089323,1026.0380355563846,1026.0309664969961,1110.1821464563238,1026.0311111111112
2834,978.0,1025.4715700089323,1026.0380355563846,1026.0309664969961,1110.1821464563238,1026.0311111111112
2835,977.0,1025.4715700089323,1026.0380355563846,1026.0309664969961,1110.1821464563238,1026.0311111111112
2836,974.0,1025.4715700089323,1026.0380355563846,1026.0309664969961,1110.1821464563238,1026.0311111111112
2837,979.0,1025.4715700089323,1026.0380355563846,1026.0309664969961,1110.1821464563238,1026.0311111111112
2838,979.0,1025.4715700089323,1026.0380355563846,1026.0309664969961,1110.1821464563238,1026.0311111111112
2839,981.0,1025.4715700089323,1026.0380355563846,1026.0309664969961,1110.1821464563238,1026.0311111111112
2840,979.0,1025.4715700089323,1026.0380355563846,1026.0309664969961,1110.1821464563238,1026.0311111111112
2841,983.0,1025.4715700089323,1026.0380355563846,1026.0309664969961,1110.1821464563238,1026.0311111111112
2842,979.0,1025.4715700089323,1026.0380355563846,1026.0309664969961,1110.1821464563238,1026.0311111111112
2843,980.0,1025.4715700089323,1026.0380355563846,1026.0309664969961,1110.1821464563238,1026.0311111111112
2844,982.0,1025.4715700089323,1026.0380355563846,1026.0309664969961,1110.1821464563238,1026.0311111111112
2845,981.0,1025.4715700089323,1026.0380355563846,1026.0309664969961,1110.1821464563238,1026.0311111111112
2846,983.0,1025.4715700089323,1026.0380355563846,1026.0309664969961,1110.1821464563238,1026.0311111111112
2847,980.0,1025.4715700089323,1026.0380355563846,1026.0309664969961,1110.1821464563238,1026.0311111111112
2848,979.0,1025.4715700089323,1026.0380355563846,1026.0309664969961,1110.1821464563238,1026.0311111111112
2849,980.0,1025.4715700089323,1026.0380355563846,1026.0309664969961,1110.1821464563238,1026.0311111111112
2850,983.0,1025.4715700089323,1026.0380355563846,1026.0309664969961,1110.1821464563238,1026.0311111111112
2851,985.0,1025.4715700089323,1026.0380355563846,1026.0309664969961,1110.1821464563238,1026.0311111111112
2852,987.0,1025.4715700089323,1026.0380355563846,1026.0309664969961,1110.1821464563238,1026.0311111111112
2853,989.0,1025.4715700089323,1026.0380355563846,1026.0309664969961,1110.1821464563238,1026.0311111111112
2854,991.0,1025.4715700089323,1026.0380355563846,1026.0309664969961,1110.1821464563238,1026.0311111111112
2855,991.0,1025.4715700089323,1026.0380355563846,1026.0309664969961,1110.1821464563238,1026.0311111111112
2856,992.0,1025.4715700089323,1026.0380355563846,1026.0309664969961,1110.1821464563238,1026.0311111111112
2857,992.0,1025.4715700089323,1026.0380355563846,1026.0309664969961,1110.1821464563238,1026.0311111111112
2858,989.0,1025.4715700089323,1026.0380355563846,1026.0309664969961,1110.1821464563238,1026.0311111111112
2859,990.0,1025.4715700089323,1026.0380355563846,1026.0309664969961,1110.1821464563238,1026.0311111111112
2860,988.0,1025.4715700089323,1026.0380355563846,1026.0309664969961,1110.1821464563238,1026.0311111111112
2861,987.0,1025.4715700089323,1026.0380355563846,1026.0309664969961,1110.1821464563238,1026.0311111111112
2862,986.0,1025.4715700089323,1026.0380355563846,1026.0309664969961,1110.1821464563238,1026.0311111111112
2863,990.0,1025.4715700089323,1026.0380355563846,1026.0309664969961,1110.1821464563238,1026.0311111111112
2864,991.0,1025.4715700089323,1026.0380355563846,1026.0309664969961,1110.1821464563238,1026.0311111111112
2865,992.0,1025.4715700089323,1026.0380355563846,1026.0309664969961,1110.1821464563238,1026.0311111111112
2866,992.0,1025.4715700089323,1026.0380355563846,1026.0309664969961,1110.1821464563238,1026.0311111111112
2867,988.0,1025.4715700089323,1026.0380355563846,1026.0309664969961,1110.1821464563238,1026.0311111111112
2868,987.0,1025.4715700089323,1026.0380355563846,1026.0309664969961,1110.1821464563238,1026.0311111111112
2869,985.0,1025.4715700089323,1026.0380355563846,1026.0309664969961,1110.1821464563238,1026.0311111111112
2870,986.0,1025.4715700089323,1026.0380355563846,1026.0309664969961,1110.1821464563238,1026.0311111111112
2871,984.0,1025.4715700089323,1026.0380355563846,1026.0309664969961,1110.1821464563238,1026.0311111111112
2872,982.0,1025.4715700089323,1026.0380355563846,1026.0309664969961,1110.1821464563238,1026.0311111111112
2873,982.0,1025.4715700089323,1026.0380355563846,1026.0309664969961,1110.1821464563238,1026.0311111111112
2874,981.0,1025.4715700089323,1026.0380355563846,1026.0309664969961,1110.1821464563238,1026.0311111111112
2875,983.0,1025.4715700089323,1026.0380355563846,1026.0309664969961,1110.1821464563238,1026.0311111111112
2876,982.0,1025.4715700089323,1026.0380355563846,1026.0309664969961,1110.1821464563238,1026.0311111111112
2877,987.0,1025.4715700089323,1026.0380355563846,1026.0309664969961,1110.1821464563238,1026.0311111111112
2878,986.0,1025.4715700089323,1026.0380355563846,1026.0309664969961,1110.1821464563238,1026.0311111111112
2879,989.0,1025.4715700089323,1026.0380355563846,1026.0309664969961,1110.1821464563238,1026.0311111111112
2880,987.0,1025.4715700089323,1026.0380355563846,1026.0309664969961,1110.1821464563238,1026.0311111111112
2881,987.0,1025.4715700089323,1026.0380355563846,1026.0309664969961,1110.1821464563238,1026.0311111111112
2882,984.0,1025.4715700089323,1026.0380355563846,1026.0309664969961,1110.1821464563238,1026.0311111111112
2883,982.0,1025.4715700089323,1026.0380355563846,1026.0309664969961,1110.1821464563238,1026.0311111111112
2884,980.0,1025.4715700089323,1026.0380355563846,1026.0309664969961,1110.1821464563238,1026.0311111111112
2885,978.0,1025.4715700089323,1026.0380355563846,1026.0309664969961,1110.1821464563238,1026.0311111111112
2886,980.0,1025.4715700089323,1026.0380355563846,1026.0309664969961,1110.1821464563238,1026.0311111111112
2887,978.0,1025.4715700089323,1026.0380355563846,1026.0309664969961,1110.1821464563238,1026.0311111111112
2888,978.0,1025.4715700089323,1026.0380355563846,1026.0309664969961,1110.1821464563238,1026.0311111111112
2889,982.0,1025.4715700089323,1026.0380355563846,1026.0309664969961,1110.1821464563238,1026.0311111111112
2890,984.0,1025.4715700089323,1026.0380355563846,1026.0309664969961,1110.1821464563238,1026.0311111111112
2891,986.0,1025.4715700089323,1026.0380355563846,1026.0309664969961,1110.1821464563238,1026.0311111111112
2892,988.0,1025.4715700089323,1026.0380355563846,1026.0309664969961,1110.1821464563238,1026.0311111111112
2893,987.0,1025.4715700089323,1026.0380355563846,1026.0309664969961,1110.1821464563238,1026.0311111111112
2894,986.0,1025.4715700089323,1026.0380355563846,1026.0309664969961,1110.1821464563238,1026.0311111111112
2895,982.0,1025.4715700089323,1026.0380355563846,1026.0309664969961,1110.1821464563238,1026.0311111111112
2896,983.0,1025.4715700089323,1026.0380355563846,1026.0309664969961,1110.1821464563238,1026.0311111111112
2897,977.0,1025.4715700089323,1026.0380355563846,1026.0309664969961,1110.1821464563238,1026.0311111111112
2898,980.0,1025.4715700089323,1026.0380355563846,1026.0309664969961,1110.1821464563238,1026.0311111111112
2899,981.0,1025.4715700089323,1026.0380355563846,1026.0309664969961,1110.1821464563238,1026.0311111111112
2900,982.0,1025.4715700089323,1026.0380355563846,1026.0309664969961,1110.1821464563238,1026.0311111111112
2901,982.0,1025.4715700089323,1026.0380355563846,1026.0309664969961,1110.1821464563238,1026.0311111111112
2902,986.0,1025.4715700089323,1026.0380355563846,1026.0309664969961,1110.1821464563238,1026.0311111111112
2903,988.0,1025.4715700089323,1026.0380355563846,1026.0309664969961,1110.1821464563238,1026.0311111111112
2904,989.0,1025.4715700089323,1026.0380355563846,1026.0309664969961,1110.1821464563238,1026.0311111111112
2905,989.0,1025.4715700089323,1026.0380355563846,1026.0309664969961,1110.1821464563238,1026.0311111111112
2906,986.0,1025.4715700089323,1026.0380355563846,1026.0309664969961,1110.1821464563238,1026.0311111111112
2907,985.0,1025.4715700089323,1026.0380355563846,1026.0309664969961,1110.1821464563238,1026.0311111111112
2908,983.0,1025.4715700089323,1026.0380355563846,1026.0309664969961,1110.1821464563238,1026.0311111111112
2909,980.0,1025.4715700089323,1026.0380355563846,1026.0309664969961,1110.1821464563238,1026.0311111111112
2910,979.0,1025.4715700089323,1026.0380355563846,1026.0309664969961,1110.1821464563238,1026.0311111111112
2911,981.0,1025.4715700089323,1026.0380355563846,1026.0309664969961,1110.1821464563238,1026.0311111111112
2912,980.0,1025.4715700089323,1026.0380355563846,1026.0309664969961,1110.1821464563238,1026.0311111111112
2913,981.0,1025.4715700089323,1026.0380355563846,1026.0309664969961,1110.1821464563238,1026.0311111111112
2914,981.0,1025.4715700089323,1026.0380355563846,1026.0309664969961,1110.1821464563238,1026.0311111111112
2915,984.0,1025.4715700089323,1026.0380355563846,1026.0309664969961,1110.1821464563238,1026.0311111111112
2916,984.0,1025.4715700089323,1026.0380355563846,1026.0309664969961,1110.1821464563238,1026.0311111111112
2917,987.0,1025.4715700089323,1026.0380355563846,1026.0309664969961,1110.1821464563238,1026.0311111111112
2918,984.0,1025.4715700089323,1026.0380355563846,1026.0309664969961,1110.1821464563238,1026.0311111111112
2919,981.0,1025.4715700089323,1026.0380355563846,1026.0309664969961,1110.1821464563238,1026.0311111111112
2920,981.0,1025.4715700089323,1026.0380355563846,1026.0309664969961,1110.1821464563238,1026.0311111111112
2921,979.0,1025.4715700089323,1026.0380355563846,1026.0309664969961,1110.1821464563238,1026.0311111111112
2922,979.0,1025.4715700089323,1026.0380355563846,1026.0309664969961,1110.1821464563238,1026.0311111111112
2923,978.0,1025.4715700089323,1026.0380355563846,1026.0309664969961,1110.1821464563238,1026.0311111111112
2924,976.0,1025.4715700089323,1026.0380355563846,1026.0309664969961,1110.1821464563238,1026.0311111111112
2925,979.0,1025.4715700089323,1026.0380355563846,1026.0309664969961,1110.1821464563238,1026.0311111111112
2926,982.0,1025.4715700089323,1026.0380355563846,1026.0309664969961,1110.1821464563238,1026.0311111111112
2927,984.0,1025.4715700089323,1026.0380355563846,1026.0309664969961,1110.1821464563238,1026.0311111111112
2928,987.0,1025.4715700089323,1026.0380355563846,1026.0309664969961,1110.1821464563238,1026.0311111111112
2929,988.0,1025.4715700089323,1026.0380355563846,1026.0309664969961,1110.1821464563238,1026.0311111111112
2930,988.0,1025.4715700089323,1026.0380355563846,1026.0309664969961,1110.1821464563238,1026.0311111111112
2931,988.0,1025.4715700089323,1026.0380355563846,1026.0309664969961,1110.1821464563238,1026.0311111111112
2932,988.0,1025.4715700089323,1026.0380355563846,1026.0309664969961,1110.1821464563238,1026.0311111111112
2933,989.0,1025.4715700089323,1026.0380355563846,1026.0309664969961,1110.1821464563238,1026.0311111111112
2934,989.0,1025.4715700089323,1026.0380355563846,1026.0309664969961,1110.1821464563238,1026.0311111111112
2935,991.0,1025.4715700089323,1026.0380355563846,1026.0309664969961,1110.1821464563238,1026.0311111111112
2936,991.0,1025.4715700089323,1026.0380355563846,1026.0309664969961,1110.1821464563238,1026.0311111111112
2937,992.0,1025.4715700089323,1026.0380355563846,1026.0309664969961,1110.1821464563238,1026.0311111111112
2938,994.0,1025.4715700089323,1026.0380355563846,1026.0309664969961,1110.1821464563238,1026.0311111111112
2939,997.0,1025.4715700089323,1026.0380355563846,1026.0309664969961,1110.1821464563238,1026.0311111111112
2940,1001.0,1025.4715700089323,1026.0380355563846,1026.0309664969961,1110.1821464563238,1026.0311111111112
2941,1005.0,1025.4715700089323,1026.0380355563846,1026.0309664969961,1110.1821464563238,1026.0311111111112
2942,1011.0,1025.4715700089323,1026.0380355563846,1026.0309664969961,1110.1821464563238,1026.0311111111112
2943,1014.0,1025.4715700089323,1026.0380355563846,1026.0309664969961,1110.1821464563238,1026.0311111111112
2944,1014.0,1025.4715700089323,1026.0380355563846,1026.0309664969961,1110.1821464563238,1026.0311111111112
2945,1012.0,1025.4715700089323,1026.0380355563846,1026.0309664969961,1110.1821464563238,1026.0311111111112
2946,1011.0,1025.4715700089323,1026.0380355563846,1026.0309664969961,1110.1821464563238,1026.0311111111112
2947,1009.0,1025.4715700089323,1026.0380355563846,1026.0309664969961,1110.1821464563238,1026.0311111111112
2948,1006.0,1025.4715700089323,1026.0380355563846,1026.0309664969961,1110.1821464563238,1026.0311111111112
2949,1006.0,1025.4715700089323,1026.0380355563846,1026.0309664969961,1110.1821464563238,1026.0311111111112
2950,1004.0,1025.4715700089323,1026.0380355563846,1026.0309664969961,1110.1821464563238,1026.0311111111112
2951,1008.0,1025.4715700089323,1026.0380355563846,1026.0309664969961,1110.1821464563238,1026.0311111111112
2952,1009.0,1025.4715700089323,1026.0380355563846,1026.0309664969961,1110.1821464563238,1026.0311111111112
2953,1005.0,1025.4715700089323,1026.0380355563846,1026.0309664969961,1110.1821464563238,1026.0311111111112
2954,1002.0,1025.4715700089323,1026.0380355563846,1026.0309664969961,1110.1821464563238,1026.0311111111112
2955,997.0,1025.4715700089323,1026.0380355563846,1026.0309664969961,1110.1821464563238,1026.0311111111112
2956,992.0,1025.4715700089323,1026.0380355563846,1026.0309664969961,1110.1821464563238,1026.0311111111112
2957,986.0,1025.4715700089323,1026.0380355563846,1026.0309664969961,1110.1821464563238,1026.0311111111112
2958,981.0,1025.4715700089323,1026.0380355563846,1026.0309664969961,1110.1821464563238,1026.0311111111112
2959,976.0,1025.4715700089323,1026.0380355563846,1026.0309664969961,1110.1821464563238,1026.0311111111112
2960,975.0,1025.4715700089323,1026.0380355563846,1026.0309664969961,1110.1821464563238,1026.0311111111112
2961,972.0,1025.4715700089323,1026.0380355563846,1026.0309664969961,1110.1821464563238,1026.0311111111112
2962,970.0,1025.4715700089323,1026.0380355563846,1026.0309664969961,1110.1821464563238,1026.0311111111112
2963,969.0,1025.4715700089323,1026.0380355563846,1026.0309664969961,1110.1821464563238,1026.0311111111112
2964,969.0,1025.4715700089323,1026.0380355563846,1026.0309664969961,1110.1821464563238,1026.0311111111112
2965,968.0,1025.4715700089323,1026.0380355563846,1026.0309664969961,1110.1821464563238,1026.0311111111112
2966,967.0,1025.4715700089323,1026.0380355563846,1026.0309664969961,1110.1821464563238,1026.0311111111112
2967,964.0,1025.4715700089323,1026.0380355563846,1026.0309664969961,1110.1821464563238,1026.0311111111112
2968,964.0,1025.4715700089323,1026.0380355563846,1026.0309664969961,1110.1821464563238,1026.0311111111112
2969,963.0,1025.4715700089323,1026.0380355563846,1026.0309664969961,1110.1821464563238,1026.0311111111112
2970,964.0,1025.4715700089323,1026.0380355563846,1026.0309664969961,1110.1821464563238,1026.0311111111112
2971,960.0,1025.4715700089323,1026.0380355563846,1026.0309664969961,1110.1821464563238,1026.0311111111112
2972,960.0,1025.4715700089323,1026.0380355563846,1026.0309664969961,1110.1821464563238,1026.0311111111112
2973,960.0,1025.4715700089323,1026.0380355563846,1026.0309664969961,1110.1821464563238,1026.0311111111112
2974,961.0,1025.4715700089323,1026.0380355563846,1026.0309664969961,1110.1821464563238,1026.0311111111112
2975,961.0,1025.4715700089323,1026.0380355563846,1026.0309664969961,1110.1821464563238,1026.0311111111112
2976,962.0,1025.4715700089323,1026.0380355563846,1026.0309664969961,1110.1821464563238,1026.0311111111112
2977,961.0,1025.4715700089323,1026.0380355563846,1026.0309664969961,1110.1821464563238,1026.0311111111112
2978,961.0,1025.4715700089323,1026.0380355563846,1026.0309664969961,1110.1821464563238,1026.0311111111112
2979,958.0,1025.4715700089323,1026.0380355563846,1026.0309664969961,1110.1821464563238,1026.0311111111112
2980,953.0,1025.4715700089323,1026.0380355563846,1026.0309664969961,1110.1821464563238,1026.0311111111112
2981,952.0,1025.4715700089323,1026.0380355563846,1026.0309664969961,1110.1821464563238,1026.0311111111112
2982,951.0,1025.4715700089323,1026.0380355563846,1026.0309664969961,1110.1821464563238,1026.0311111111112
2983,956.0,1025.4715700089323,1026.0380355563846,1026.0309664969961,1110.1821464563238,1026.0311111111112
2984,968.0,1025.4715700089323,1026.0380355563846,1026.0309664969961,1110.1821464563238,1026.0311111111112
2985,986.0,1025.4715700089323,1026.0380355563846,1026.0309664969961,1110.1821464563238,1026.0311111111112
2986,1009.0,1025.4715700089323,1026.0380355563846,1026.0309664969961,1110.1821464563238,1026.0311111111112
2987,1039.0,1025.4715700089323,1026.0380355563846,1026.0309664969961,1110.1821464563238,1026.0311111111112
2988,1078.0,1025.4715700089323,1026.0380355563846,1026.0309664969961,1110.1821464563238,1026.0311111111112
2989,1122.0,1025.4715700089323,1026.0380355563846,1026.0309664969961,1110.1821464563238,1026.0311111111112
2990,1170.0,1025.4715700089323,1026.0380355563846,1026.0309664969961,1110.1821464563238,1026.0311111111112
2991,1220.0,1025.4715700089323,1026.0380355563846,1026.0309664969961,1110.1821464563238,1026.0311111111112
2992,1263.0,1025.4715700089323,1026.0380355563846,1026.0309664969961,1110.1821464563238,1026.0311111111112
2993,1299.0,1025.4715700089323,1026.0380355563846,1026.0309664969961,1110.1821464563238,1026.0311111111112
2994,1313.0,1025.4715700089323,1026.0380355563846,1026.0309664969961,1110.1821464563238,1026.0311111111112
2995,1297.0,1025.4715700089323,1026.0380355563846,1026.0309664969961,1110.1821464563238,1026.0311111111112
2996,1264.0,1025.4715700089323,1026.0380355563846,1026.0309664969961,1110.1821464563238,1026.0311111111112
2997,1208.0,1025.4715700089323,1026.0380355563846,1026.0309664969961,1110.1821464563238,1026.0311111111112
2998,1149.0,1025.4715700089323,1026.0380355563846,1026.0309664969961,1110.1821464563238,1026.0311111111112
2999,1090.0,1025.4715700089323,1026.0380355563846,1026.0309664969961,1110.1821464563238,1026.0311111111112
