,observed,trend,seasonal,residual
0,1008.0,1012.6946120884268,-5.219068413741554,0.5244563253147883
1,1008.0,1012.7795554488857,-1.005728787125884,-3.7738266617598466
2,1008.0,1012.8644988093448,3.7592775061564563,-8.623776315501265
3,1008.0,1012.9494421698038,10.076783799438742,-15.026225969242516
4,1008.0,1013.0343855302629,16.615123426054396,-21.64950895631725
5,1008.0,1013.1193288907218,20.599018608225613,-25.71834749894743
6,1008.0,1013.2042722511809,23.362080457063506,-28.566352708244402
7,1008.0,1013.2892156116399,22.570142305901435,-27.859357917541296
8,1009.0,1013.3741589720988,18.444870821405978,-22.819029793504804
9,1009.0,1013.4591023325579,11.430432670243839,-15.889535002801743
10,1006.0,1013.5440456930169,2.859605630192867,-10.403651323209736
11,1011.0,1013.628989053476,-3.82372140985811,1.1947323563821621
12,1013.0,1013.7139324139349,-11.286492894353556,10.572560480418643
13,1014.0,1013.798875774394,-16.528986601071214,16.730110826677222
14,1014.0,1013.883819134853,-19.328146974455578,19.44432783960262
15,1011.0,1013.9687624953119,-20.794251792284328,17.825489296972407
16,1010.0,1014.053705855771,-19.92757883233535,15.87387297656435
17,1009.0,1014.13864921623,-18.61590587238632,13.477256656156356
18,1008.0,1014.223592576689,-17.414232912437356,11.190640335748313
19,1008.0,1014.308535937148,-16.211726619155044,9.903190682007036
20,1007.0,1014.3934792976071,-16.56449810365045,9.171018806043364
21,1007.0,1014.478422658066,-16.250602921479253,8.772180263413201
22,1005.0,1014.563366018525,-16.713929961530226,7.15056394300521
23,1009.0,1014.6483093789841,-16.288923668247946,10.640614289263851
24,1010.0,1014.7332527394431,-15.753917374965583,11.020664635522524
25,1011.0,1014.8181960999021,-14.77391108168325,10.955714981781112
26,1012.0,1014.9031394603611,-14.678071455067618,11.774931994706515
27,1010.0,1014.9880828208202,-13.685009606229798,8.696926785409616
28,1009.0,1015.0730261812791,-13.233336646280721,7.160310465001574
29,1009.0,1015.1579695417381,-12.205552575220638,6.0475830334825265
30,1008.0,1015.2429129021972,-12.041657393049457,4.7987444908522665
31,1009.0,1015.3278562626562,-9.961095544211558,3.6332392815554027
32,1010.0,1015.4127996231152,-8.073033695373628,2.660234072258394
33,1012.0,1015.4977429835742,-5.601082957646874,2.103339974072675
34,1011.0,1015.5826863440332,-3.663021108808927,-0.9196652352242367
35,1013.0,1015.6676297044922,0.17615185114000598,-2.843781555632248
36,1013.0,1015.7525730649512,4.12393592220016,-6.876508987151367
37,1014.0,1015.8375164254103,10.165331104371385,-12.00284752978167
38,1014.0,1015.9224597858693,16.62200406432038,-18.54446385018963
39,1014.0,1016.0074031463283,23.152288135380438,-25.159691281708767
40,1012.0,1016.0923465067873,26.86590553977392,-30.958252046561213
41,1011.0,1016.1772898672463,29.656745166389527,-34.834035033635786
42,1011.0,1016.2622332277053,29.19841812633856,-34.4606513540439
43,1008.0,1016.3471765881643,24.499813308509765,-32.84698989667407
44,1011.0,1016.4321199486234,17.68148626845877,-23.11360621708215
45,1011.0,1016.5170633090823,10.86010367285223,-16.377166981934575
46,1012.0,1016.6020066695414,2.4839988550233594,-7.086005524564784
47,1013.0,1016.6869500300004,-4.444050407249788,0.7571003772493992
48,1013.0,1016.7718933904594,-9.814044113967515,6.042150723508161
49,1014.0,1016.8568367509184,-13.184593376240695,10.327756625322262
50,1014.0,1016.9417801113774,-14.779587082958393,11.837806971580996
51,1011.0,1017.0267234718365,-15.042636345231577,9.0159128733951
52,1011.0,1017.1116668322954,-15.750407829727077,9.638740997431636
53,1012.0,1017.1966101927545,-14.125679314222468,8.929069121467949
54,1014.0,1017.2815535532135,-12.501506354273442,9.219952801059957
55,1014.0,1017.3664969136724,-11.653444505435552,8.286947591763102
56,1015.0,1017.4514402741315,-12.357882656597658,9.90644238246613
57,1015.0,1017.5363836345905,-12.94676525220419,10.410381617613696
58,1014.0,1017.6213269950496,-13.422314514477451,9.80098751942788
59,1014.0,1017.7062703555085,-14.341474887861805,10.635204532353269
60,1014.0,1017.7912137159676,-14.925913039023882,11.134699323056267
61,1015.0,1017.8761570764266,-15.39896230129709,12.52280522487051
62,1013.0,1017.9611004368855,-14.983678230236936,10.022577793351392
63,1014.0,1018.0460437973446,-14.013116381399128,9.967072584054504
64,1011.0,1018.1309871578036,-14.263387865894506,7.132400708090918
65,1008.0,1018.2159305182627,-14.399214905945495,4.1832843876828285
66,1008.0,1018.3008738787216,-13.41948639044097,3.1186125117193377
67,1011.0,1018.3858172391807,-12.43670231938086,5.05088508020015
68,1012.0,1018.4707605996397,-12.562807137209605,6.09204653756993
69,1013.0,1018.5557039600986,-13.465023066149561,7.909319106050921
70,1014.0,1018.6406473205577,-13.256127883978344,8.615480563420626
71,1014.0,1018.7255906810167,-14.493621590696009,9.768030909679325
72,1017.0,1018.8105340414758,-12.176948630747022,10.36641458927126
73,1020.0,1018.8954774019347,-10.527775670797967,11.63229826886324
74,1021.0,1018.9804207623938,-7.435824933071246,9.45540417067744
75,1020.0,1019.0653641228528,-4.233596417566602,5.168232294713832
76,1021.0,1019.1503074833117,-0.586367902062134,2.4360604187503987
77,1022.0,1019.2352508437708,4.396971724553594,-1.6322225683244076
78,1025.0,1019.3201942042298,11.71808912894702,-6.038283333176798
79,1027.0,1019.4051375646889,18.152817644451638,-10.557955209140495
80,1029.0,1019.4900809251478,24.588379493289466,-15.078460418437288
81,1031.0,1019.5750242856069,30.13644134212735,-18.71146562773425
82,1036.0,1019.6599676460659,33.46394763540969,-17.123915281475554
83,1039.0,1019.7449110065248,33.457842817580875,-14.202753824105706
84,1042.0,1019.8298543669839,30.4486824441965,-8.278536811180409
85,1047.0,1019.9147977274429,25.2111887374789,1.8740135350782268
86,1051.0,1019.999741087902,19.296750586316797,11.70350832578125
87,1050.0,1020.0846844483609,11.148145768488003,18.76716978315108
88,1049.0,1020.16962780882,3.3175965062147483,25.512775684965256
89,1045.0,1020.254571169279,-2.644063867169549,27.38949269789059
90,1043.0,1020.3395145297379,-7.517113129442784,30.177598599704858
91,1045.0,1020.424457890197,-9.526551280604892,34.10209339040789
92,1043.0,1020.509401250656,-10.117656098433692,32.60825484777772
93,1044.0,1020.594344611115,-9.73292758292913,33.13858297181408
94,1045.0,1020.679287971574,-8.922643511868984,33.24335554029497
95,1045.0,1020.764231332033,-9.121803885253286,33.35757255322031
96,1041.0,1020.849174692492,-9.428186480859928,29.579011788367872
97,1038.0,1020.934118052951,-10.717902409799779,27.783784356848756
98,1033.0,1021.0190614134101,-11.646229449850837,23.627168036440736
99,1026.0,1021.1040047738691,-13.984556489901836,18.88055171603277
100,1020.0,1022.5374999999998,-13.341494779400708,10.803994779400913
101,1014.0,1022.5449999999997,-14.319901647905711,5.774901647905979
102,1010.0,1022.5574999999997,-13.853586294188572,1.2960862941889086
103,1006.0,1022.5824999999996,-13.943937607138048,-2.6385623928615924
104,1005.0,1022.6274999999997,-12.701511142309798,-4.925988857689916
105,1008.0,1022.6824999999998,-12.458806899703712,-2.2236931002960656
106,1008.0,1022.7399999999999,-11.66138043487541,-3.0786195651244856
107,1009.0,1022.8,-11.088120636713855,-2.7118793632860996
108,1007.0,1022.8525000000001,-10.51624972744108,-5.336250272558997
109,1006.0,1022.8950000000002,-10.722434373723992,-6.172565626276217
110,1005.0,1022.9450000000003,-9.595563464451255,-8.349436535549023
111,1002.0,1022.9900000000002,-9.690081444067463,-11.299918555932774
112,1000.0,1023.0150000000003,-8.670988312572494,-14.344011687427834
113,999.0,1023.0325000000003,-8.872172958855273,-15.160327041144981
114,997.0,1023.0475000000004,-9.40613538291583,-16.641364617084527
115,997.0,1023.0725000000002,-9.385097806976423,-16.687402193023793
116,996.0,1023.1125000000003,-9.032949119925906,-18.07955088007439
117,999.0,1023.1675000000001,-8.683300432875416,-15.484199567124715
118,999.0,1023.2350000000001,-7.335596190269337,-16.899403809730792
119,1001.0,1023.3000000000002,-5.434280836552215,-16.865719163447967
120,998.0,1023.3550000000002,-2.645187705057251,-22.709812294942996
121,1000.0,1023.4075000000001,2.1430720931043608,-25.550572093104503
122,999.0,1023.4700000000003,7.374943002377078,-31.844943002377335
123,996.0,1023.5375000000001,12.94098057831652,-40.478480578316656
124,993.0,1023.6050000000001,17.286740376478058,-47.89174037647819
125,997.0,1023.6825000000002,23.522777952417513,-50.205277952417745
126,1010.0,1023.7750000000002,28.092704417245777,-41.86770441724598
127,1029.0,1023.8925,30.55096421540746,-25.443464215407502
128,1062.0,1024.03,31.451168458013548,6.518831541986479
129,1103.0,1024.1675,30.571372700619577,48.261127299380405
130,1151.0,1024.3024999999998,27.24629916544788,99.45120083455234
131,1204.0,1024.4449999999997,25.142614519165043,154.41238548083524
132,1260.0,1024.5899999999997,23.48337431732665,211.92662568267366
133,1307.0,1024.7199999999998,22.15774522659938,260.1222547734008
134,1343.0,1024.84,23.276838358094373,294.8831616419057
135,1356.0,1024.9499999999998,22.953153711811517,308.09684628818866
136,1339.0,1025.0449999999998,21.7419690655287,292.2130309344715
137,1298.0,1025.1374999999998,17.309395530356973,255.55310446964322
138,1237.0,1025.2299999999998,11.210155328518576,200.55984467148164
139,1168.0,1025.3224999999998,4.776192904457979,137.90130709554225
140,1100.0,1025.4199999999996,-1.881102852935951,76.46110285293634
141,1046.0,1025.5249999999996,-8.094787499218787,28.569787499219153
142,1006.0,1025.6349999999998,-12.864583256612761,-6.770416743387003
143,987.0,1025.7449999999997,-14.191045680673373,-24.55395431932629
144,978.0,1025.8424999999997,-16.517785882511717,-31.32471411748803
145,983.0,1025.9324999999997,-14.621470528794518,-28.311029471205146
146,991.0,1026.0199999999998,-13.39071073063286,-21.629289269366893
147,1000.0,1026.1,-12.269950932471291,-13.830049067528618
148,1002.0,1026.1824999999997,-12.148357800976257,-12.034142199023407
149,999.0,1026.2649999999999,-12.471209113925754,-14.793790886074119
150,996.0,1026.3474999999999,-12.239615982430758,-18.1078840175691
151,993.0,1026.44,-12.67663396204699,-20.763366037953062
152,990.0,1026.5375,-13.003651941663158,-23.53384805833675
153,987.0,1026.6299999999999,-10.998169921279281,-28.6318300787206
154,986.0,1026.7175,-9.326854567562076,-31.390645432437896
155,988.0,1026.8025,-5.98970588051162,-32.81279411948839
156,989.0,1026.8825,-1.9878349712388568,-35.89466502876108
157,993.0,1026.9574999999998,3.0132026047005542,-36.97070260470031
158,988.0,1027.0349999999999,9.01340684730659,-48.048406847306445
159,988.0,1027.1125,16.67999997880152,-55.79249997880147
160,988.0,1027.19,25.236315332518714,-64.42631533251877
161,986.0,1027.2675,34.46068624179146,-75.72818624179138
162,983.0,1027.35,42.907557151064196,-87.2575571510641
163,980.0,1027.4399999999998,47.90942806033696,-95.34942806033678
164,981.0,1027.5375,49.466854525165225,-96.00435452516513
165,986.0,1027.6525,48.68928098999347,-90.3417809899934
166,990.0,1027.7775,44.79892967704393,-82.57642967704385
167,993.0,1027.8874999999998,38.130522808538906,-73.01802280853872
168,994.0,1027.9799999999998,28.573504828922758,-62.55350482892255
169,994.0,1028.06,17.350931293750982,-51.41093129375093
170,990.0,1028.1425,5.9078022030237545,-44.05030220302368
171,989.0,1028.2374999999997,-3.421715776592367,-35.81578422340736
172,991.0,1028.33,-10.41567820065301,-26.914321799346915
173,989.0,1028.4074999999998,-15.741029513602438,-23.666470486397362
174,986.0,1028.475,-19.509436382107438,-22.96556361789247
175,986.0,1028.5499999999997,-20.05589880616803,-22.494101193831696
176,987.0,1028.6249999999998,-20.824305674673106,-20.800694325326667
177,993.0,1028.6924999999999,-20.7027125431781,-14.98978745682178
178,996.0,1028.7524999999996,-20.691397189460915,-12.061102810538685
179,998.0,1028.7949999999996,-18.902304057965978,-11.89269594203364
180,998.0,1028.8224999999998,-19.224599815359944,-11.597900184639819
181,997.0,1028.8349999999998,-19.657728906087137,-12.177271093912672
182,997.0,1028.8249999999996,-20.310857996814427,-11.514142003185164
183,996.0,1028.8024999999998,-19.961209309763923,-12.841290690235859
184,996.0,1028.7724999999998,-19.83211617826899,-12.94038382173082
185,994.0,1028.7274999999995,-18.367467491218456,-16.360032508781053
186,993.0,1028.6674999999998,-16.566985470834656,-19.100514529165135
187,995.0,1028.6099999999997,-12.432059006006327,-21.177940993993346
188,994.0,1028.5575,-8.96407698562251,-25.59342301437738
189,995.0,1028.5124999999998,-4.386650520794184,-29.125849479205634
190,1000.0,1028.47,1.4104981662562328,-29.88049816625626
191,1003.0,1028.4150000000002,8.095702408862277,-33.51070240886247
192,1005.0,1028.3550000000002,14.336184429246066,-37.69118442924631
193,1007.0,1028.2925000000002,17.687499782963243,-38.97999978296349
194,1008.0,1028.2250000000001,22.039648470013766,-42.2646484700139
195,1008.0,1028.16,22.94874160150868,-43.10874160150876
196,1008.0,1028.1125,21.85700139967029,-41.96950139967024
197,1007.0,1028.0825,19.318038975609724,-40.400538975609706
198,1008.0,1028.075,15.10990988488246,-35.18490988488251
199,1005.0,1028.1049999999998,9.232058571933011,-32.3370585719328
200,1009.0,1028.1724999999997,-5.219068413741554,-13.95343158625812
201,1010.0,1028.2675,-1.005728787125884,-17.261771212874045
202,1011.0,1028.3899999999996,3.7592775061564563,-21.149277506156103
203,1015.0,1028.5374999999997,10.076783799438742,-23.614283799438425
204,1019.0,1028.6899999999998,16.615123426054396,-26.305123426054223
205,1019.0,1028.8324999999998,20.599018608225613,-30.431518608225367
206,1020.0,1028.9699999999998,23.362080457063506,-32.332080457063306
207,1020.0,1029.1174999999996,22.570142305901435,-31.687642305901043
208,1018.0,1029.2874999999997,18.444870821405978,-29.73237082140566
209,1017.0,1029.4799999999998,11.430432670243839,-23.91043267024363
210,1018.0,1029.6924999999999,2.859605630192867,-14.552105630192749
211,1017.0,1029.925,-3.82372140985811,-9.101278590141845
212,1017.0,1030.1750000000002,-11.286492894353556,-1.8885071056466263
213,1017.0,1030.4525,-16.528986601071214,3.076486601071114
214,1017.0,1030.7575000000002,-19.328146974455578,5.570646974455414
215,1018.0,1031.0800000000002,-20.794251792284328,7.714251792284173
216,1019.0,1031.4125,-19.92757883233535,7.5150788323354405
217,1022.0,1031.745,-18.61590587238632,8.87090587238643
218,1022.0,1032.0800000000002,-17.414232912437356,7.334232912437201
219,1020.0,1032.4125,-16.211726619155044,3.799226619155135
220,1017.0,1032.745,-16.56449810365045,0.8194981036505595
221,1018.0,1033.08,-16.250602921479253,1.1706029214793254
222,1019.0,1033.4150000000002,-16.713929961530226,2.2989299615300354
223,1022.0,1033.7625000000003,-16.288923668247946,4.5264236682476735
224,1024.0,1034.1275000000003,-15.753917374965583,5.6264173749653015
225,1028.0,1034.4925000000003,-14.77391108168325,8.28141108168296
226,1032.0,1034.8075000000001,-14.678071455067618,11.8705714550675
227,1037.0,1035.0225000000005,-13.685009606229798,15.662509606229307
228,1037.0,1035.0800000000002,-13.233336646280721,15.153336646280566
229,1036.0,1034.9250000000002,-12.205552575220638,13.280552575220456
230,1035.0,1034.5175000000002,-12.041657393049457,12.524157393049302
231,1039.0,1033.8300000000002,-9.961095544211558,15.131095544211403
232,1038.0,1032.8575,-8.073033695373628,13.215533695373555
233,1036.0,1031.6150000000002,-5.601082957646874,9.986082957646637
234,1035.0,1030.1525,-3.663021108808927,8.510521108809009
235,1033.0,1028.565,0.17615185114000598,4.25884814885994
236,1031.0,1026.9875,4.12393592220016,-0.11143592220011467
237,1033.0,1025.5449999999998,10.165331104371385,-2.71033110437123
238,1032.0,1024.345,16.62200406432038,-8.967004064320406
239,1033.0,1023.4649999999999,23.152288135380438,-13.617288135380356
240,1032.0,1022.925,26.86590553977392,-17.790905539773874
241,1033.0,1022.6799999999998,29.656745166389527,-19.336745166389363
242,1033.0,1022.6624999999999,29.19841812633856,-18.86091812633847
243,1030.0,1022.7924999999999,24.499813308509765,-17.29231330850967
244,1028.0,1022.9849999999999,17.68148626845877,-12.66648626845867
245,1030.0,1023.1825,10.86010367285223,-4.042603672852234
246,1028.0,1023.3475000000001,2.4839988550233594,2.1685011449765588
247,1029.0,1023.4750000000001,-4.444050407249788,9.969050407249652
248,1030.0,1023.5775000000002,-9.814044113967515,16.2365441139673
249,1030.0,1023.6825000000001,-13.184593376240695,19.502093376240577
250,1031.0,1023.8050000000002,-14.779587082958393,21.974587082958216
251,1031.0,1023.9375000000001,-15.042636345231577,22.105136345231465
252,1030.0,1024.0700000000002,-15.750407829727077,21.680407829726914
253,1030.0,1024.21,-14.125679314222468,19.91567931422243
254,1031.0,1024.3500000000001,-12.501506354273442,19.151506354273305
255,1031.0,1024.4725,-11.653444505435552,18.18094450543547
256,1030.0,1024.5975,-12.357882656597658,17.760382656597578
257,1030.0,1024.7525,-12.94676525220419,18.194265252204133
258,1030.0,1024.9875000000002,-13.422314514477451,18.434814514477267
259,1029.0,1025.345,-14.341474887861805,17.99647488786178
260,1030.0,1025.8425,-14.925913039023882,19.08341303902391
261,1030.0,1026.5249999999999,-15.39896230129709,18.873962301297226
262,1031.0,1027.4499999999998,-14.983678230236936,18.53367823023712
263,1032.0,1028.645,-14.013116381399128,17.368116381399147
264,1032.0,1030.1025,-14.263387865894506,16.160887865894544
265,1033.0,1031.785,-14.399214905945495,15.614214905945413
266,1033.0,1033.6275,-13.41948639044097,12.791986390440915
267,1030.0,1035.5425,-12.43670231938086,6.894202319380842
268,1030.0,1037.4000000000003,-12.562807137209605,5.1628071372092865
269,1027.0,1039.0750000000003,-13.465023066149561,1.390023066149288
270,1033.0,1040.4850000000001,-13.256127883978344,5.771127883978217
271,1033.0,1041.5725000000002,-14.493621590696009,5.92112159069579
272,1035.0,1042.325,-12.176948630747022,4.851948630746977
273,1033.0,1042.795,-10.527775670797967,0.7327756707978939
274,1035.0,1043.0600000000002,-7.435824933071246,-0.6241750669289265
275,1036.0,1043.1975,-4.233596417566602,-2.963903582433389
276,1035.0,1043.2825000000003,-0.586367902062134,-7.69613209793812
277,1035.0,1043.3475,4.396971724553594,-12.744471724553676
278,1036.0,1043.415,11.71808912894702,-19.133089128946985
279,1033.0,1043.5075,18.152817644451638,-28.660317644451574
280,1034.0,1043.62,24.588379493289466,-34.20837949328936
281,1031.0,1043.73,30.13644134212735,-42.86644134212737
282,1032.0,1043.82,33.46394763540969,-45.283947635409625
283,1034.0,1043.8925,33.457842817580875,-43.3503428175808
284,1035.0,1043.9400000000003,30.4486824441965,-39.38868244419678
285,1036.0,1043.97,25.2111887374789,-33.18118873747893
286,1038.0,1044.0,19.296750586316797,-25.296750586316797
287,1040.0,1044.0275000000001,11.148145768488003,-15.175645768488149
288,1038.0,1044.055,3.3175965062147483,-9.372596506214812
289,1038.0,1044.0825,-2.644063867169549,-3.4384361328304327
290,1033.0,1044.085,-7.517113129442784,-3.5678868705572526
291,1033.0,1044.065,-9.526551280604892,-1.5384487193951628
292,1031.0,1044.04,-10.117656098433692,-2.922343901566272
293,1031.0,1044.0049999999999,-9.73292758292913,-3.272072417070751
294,1031.0,1043.9649999999997,-8.922643511868984,-4.042356488130707
295,1033.0,1043.9249999999997,-9.121803885253286,-1.8031961147464415
296,1034.0,1043.8875,-9.428186480859928,-0.4593135191401174
297,1033.0,1043.8550000000002,-10.717902409799779,-0.13709759020046697
298,1035.0,1043.8250000000005,-11.646229449850837,2.821229449850337
299,1036.0,1043.7900000000004,-13.984556489901836,6.194556489901418
300,1037.0,1043.7400000000002,-13.341494779400708,6.601494779400472
301,1035.0,1043.6725,-14.319901647905711,5.647401647905811
302,1038.0,1043.5974999999999,-13.853586294188572,8.256086294188718
303,1037.0,1043.5174999999997,-13.943937607138048,7.426437607138348
304,1035.0,1043.4275,-12.701511142309798,4.274011142309789
305,1035.0,1043.3325,-12.458806899703712,4.12630689970373
306,1036.0,1043.235,-11.66138043487541,4.42638043487551
307,1040.0,1043.14,-11.088120636713855,7.948120636713755
308,1044.0,1043.0575000000001,-10.51624972744108,11.458749727440962
309,1046.0,1042.9850000000001,-10.722434373723992,13.737434373723865
310,1050.0,1042.9075000000005,-9.595563464451255,16.68806346445077
311,1050.0,1042.8250000000005,-9.690081444067463,16.865081444066963
312,1052.0,1042.7400000000005,-8.670988312572494,17.93098831257203
313,1058.0,1042.65,-8.872172958855273,24.222172958855182
314,1060.0,1042.565,-9.40613538291583,26.841135382915773
315,1063.0,1042.4850000000001,-9.385097806976423,29.900097806976298
316,1063.0,1042.4075,-9.032949119925906,29.62544911992588
317,1065.0,1042.3275,-8.683300432875416,31.355800432875316
318,1067.0,1042.2475000000002,-7.335596190269337,32.08809619026916
319,1066.0,1042.1825000000003,-5.434280836552215,29.25178083655187
320,1066.0,1042.1375000000005,-2.645187705057251,26.50768770505675
321,1066.0,1042.1025000000002,2.1430720931043608,21.754427906895447
322,1067.0,1042.0575000000001,7.374943002377078,17.567556997622802
323,1067.0,1041.9875,12.94098057831652,12.071519421683526
324,1068.0,1041.8975000000003,17.286740376478058,8.815759623521679
325,1068.0,1041.7925,23.522777952417513,2.6847220475824685
326,1065.0,1041.6700000000003,28.092704417245777,-4.762704417246077
327,1060.0,1041.5324999999998,30.55096421540746,-12.083464215407261
328,1054.0,1041.3874999999998,31.451168458013548,-18.838668458013366
329,1049.0,1041.2549999999999,30.571372700619577,-22.82637270061946
330,1042.0,1041.1374999999998,27.24629916544788,-26.383799165447698
331,1038.0,1041.0275,25.142614519165043,-28.17011451916496
332,1037.0,1040.9249999999997,23.48337431732665,-27.408374317326377
333,1033.0,1040.8324999999998,22.15774522659938,-29.990245226599136
334,1032.0,1040.7449999999997,23.276838358094373,-32.02183835809404
335,1032.0,1040.66,22.953153711811517,-31.6131537118116
336,1032.0,1040.575,21.7419690655287,-30.316969065528745
337,1028.0,1040.4850000000001,17.309395530356973,-29.7943955303571
338,1027.0,1040.3950000000002,11.210155328518576,-24.605155328518784
339,1026.0,1040.3075000000001,4.776192904457979,-19.083692904458097
340,1026.0,1040.23,-1.881102852935951,-12.348897147064067
341,1022.0,1040.1625,-8.094787499218787,-10.067712500781122
342,1023.0,1040.1075,-12.864583256612761,-4.242916743387312
343,1022.0,1040.075,-14.191045680673373,-3.883954319326673
344,1020.0,1040.0575000000003,-16.517785882511717,-3.5397141174886286
345,1020.0,1040.0375000000004,-14.621470528794518,-5.416029471205846
346,1020.0,1040.0075000000004,-13.39071073063286,-6.616789269367532
347,1022.0,1039.9650000000001,-12.269950932471291,-5.6950490675288545
348,1021.0,1039.9125000000001,-12.148357800976257,-6.76414219902388
349,1022.0,1039.8525,-12.471209113925754,-5.3812908860742095
350,1022.0,1039.79,-12.239615982430758,-5.550384017569206
351,1020.0,1039.7325,-12.67663396204699,-7.055866037953082
352,1016.0,1039.6750000000002,-13.003651941663158,-10.671348058337024
353,1017.0,1039.62,-10.998169921279281,-11.62183007872061
354,1012.0,1039.5774999999999,-9.326854567562076,-18.250645432437796
355,1011.0,1039.5475000000001,-5.98970588051162,-22.557794119488506
356,1016.0,1039.5225,-1.9878349712388568,-21.53466502876118
357,1028.0,1039.4950000000001,3.0132026047005542,-14.508202604700672
358,1047.0,1039.4675000000002,9.01340684730659,-1.4809068473067892
359,1072.0,1039.44,16.67999997880152,15.880000021198427
360,1103.0,1039.41,25.236315332518714,38.353684667481204
361,1144.0,1039.3799999999999,34.46068624179146,70.15931375820867
362,1195.0,1039.3549999999998,42.907557151064196,112.73744284893601
363,1246.0,1039.3325,47.90942806033696,158.75807193966307
364,1298.0,1039.31,49.466854525165225,209.22314547483484
365,1342.0,1039.2975000000001,48.68928098999347,254.0132190100064
366,1371.0,1039.3025000000002,44.79892967704393,286.89857032295583
367,1378.0,1039.3300000000004,38.130522808538906,300.5394771914607
368,1352.0,1039.3700000000001,28.573504828922758,284.05649517107713
369,1306.0,1039.4175000000002,17.350931293750982,249.23156870624877
370,1242.0,1039.4475,5.9078022030237545,196.64469779697626
371,1172.0,1039.4450000000002,-3.421715776592367,135.97671577659221
372,1109.0,1039.425,-10.41567820065301,79.99067820065305
373,1059.0,1039.3975,-15.741029513602438,35.343529513602405
374,1022.0,1039.3725000000002,-19.509436382107438,2.1369363821072653
375,1005.0,1039.3375000000003,-20.05589880616803,-14.281601193832287
376,1002.0,1039.2950000000003,-20.824305674673106,-16.470694325327194
377,1004.0,1039.2575,-20.7027125431781,-14.554787456821835
378,1012.0,1039.2250000000001,-20.691397189460915,-6.533602810539222
379,1019.0,1039.2050000000002,-18.902304057965978,-1.3026959420341768
380,1022.0,1039.1925,-19.224599815359944,2.0320998153598353
381,1017.0,1039.1874999999998,-19.657728906087137,-2.529771093912636
382,1013.0,1039.1924999999999,-20.310857996814427,-5.881642003185455
383,1009.0,1039.1825,-19.961209309763923,-10.221290690235968
384,1002.0,1039.155,-19.83211617826899,-17.322883821730983
385,1000.0,1039.1175,-18.367467491218456,-20.750032508781608
386,999.0,1039.0649999999998,-16.566985470834656,-23.49801452916517
387,1000.0,1038.995,-12.432059006006327,-26.562940993993564
388,1000.0,1038.9174999999998,-8.96407698562251,-29.95342301437728
389,1000.0,1038.8424999999995,-4.386650520794184,-34.455849479205334
390,996.0,1038.7799999999997,1.4104981662562328,-44.19049816625598
391,999.0,1038.735,8.095702408862277,-47.83070240886218
392,999.0,1038.7074999999998,14.336184429246066,-54.04368442924582
393,999.0,1038.6975000000002,17.687499782963243,-57.38499978296346
394,1000.0,1038.7000000000003,22.039648470013766,-60.73964847001404
395,1000.0,1038.6975000000002,22.94874160150868,-61.6462416015089
396,1001.0,1038.6800000000003,21.85700139967029,-59.53700139967058
397,1001.0,1038.6525000000001,19.318038975609724,-56.97053897560987
398,1002.0,1038.605,15.10990988488246,-51.71490988488248
399,997.0,1038.5425,9.232058571933011,-50.77455857193303
400,997.0,1038.48,-5.219068413741554,-36.260931586258465
401,995.0,1038.425,-1.005728787125884,-42.41927121287407
402,996.0,1038.37,3.7592775061564563,-46.12927750615635
403,998.0,1038.3175,10.076783799438742,-50.39428379943885
404,1000.0,1038.2825000000003,16.615123426054396,-54.89762342605465
405,1000.0,1038.2550000000003,20.599018608225613,-58.85401860822595
406,1000.0,1038.2225,23.362080457063506,-61.58458045706359
407,1002.0,1038.1775,22.570142305901435,-58.747642305901444
408,1003.0,1038.1125,18.444870821405978,-53.55737082140593
409,1003.0,1038.0225,11.430432670243839,-46.452932670243875
410,1001.0,1037.9175,2.859605630192867,-39.777105630192885
411,1001.0,1037.81,-3.82372140985811,-32.986278590141836
412,999.0,1037.6975000000002,-11.286492894353556,-27.41100710564666
413,999.0,1037.5675,-16.528986601071214,-22.038513398928895
414,1001.0,1037.42,-19.328146974455578,-17.091853025544495
415,1002.0,1037.2675,-20.794251792284328,-14.4732482077156
416,1004.0,1037.1025000000002,-19.92757883233535,-13.174921167664841
417,1005.0,1036.9275000000002,-18.61590587238632,-13.311594127613915
418,1007.0,1036.7475,-17.414232912437356,-12.33326708756259
419,1009.0,1036.5675,-16.211726619155044,-11.355773380845065
420,1010.0,1036.3925,-16.56449810365045,-9.828001896349477
421,1011.0,1036.2175,-16.250602921479253,-8.96689707852072
422,1008.0,1036.0424999999998,-16.713929961530226,-11.328570038469564
423,1005.0,1035.8674999999998,-16.288923668247946,-14.57857633175189
424,1005.0,1035.6875,-15.753917374965583,-14.933582625034417
425,1005.0,1035.5049999999999,-14.77391108168325,-15.731088918316631
426,1006.0,1035.3300000000002,-14.678071455067618,-14.651928544932536
427,1008.0,1035.1725,-13.685009606229798,-13.487490393770102
428,1008.0,1035.04,-13.233336646280721,-13.806663353719243
429,1012.0,1034.9325000000001,-12.205552575220638,-10.72694742477948
430,1012.0,1034.8575,-12.041657393049457,-10.815842606950616
431,1018.0,1034.8075,-9.961095544211558,-6.846404455788333
432,1018.0,1034.7624999999998,-8.073033695373628,-8.68946630462619
433,1019.0,1034.7225,-5.601082957646874,-10.121417042353208
434,1017.0,1034.6975,-3.663021108808927,-14.034478891191064
435,1017.0,1034.6775,0.17615185114000598,-17.853651851140015
436,1013.0,1034.6625,4.12393592220016,-25.78643592220007
437,1015.0,1034.6699999999998,10.165331104371385,-29.835331104371228
438,1014.0,1034.685,16.62200406432038,-37.307004064320324
439,1016.0,1034.7,23.152288135380438,-41.85228813538048
440,1018.0,1034.7275,26.86590553977392,-43.59340553977388
441,1020.0,1034.7775000000001,29.656745166389527,-44.43424516638967
442,1024.0,1034.8424999999997,29.19841812633856,-40.040918126338305
443,1026.0,1034.9075,24.499813308509765,-33.40731330850979
444,1025.0,1034.975,17.68148626845877,-27.65648626845868
445,1025.0,1035.0499999999997,10.86010367285223,-20.910103672851957
446,1021.0,1035.135,2.4839988550233594,-16.61899885502335
447,1019.0,1035.2274999999997,-4.444050407249788,-11.783449592749948
448,1019.0,1035.3374999999996,-9.814044113967515,-6.523455886032121
449,1017.0,1035.4649999999997,-13.184593376240695,-5.280406623758996
450,1019.0,1035.605,-14.779587082958393,-1.825412917041625
451,1020.0,1035.77,-15.042636345231577,-0.7273636547684053
452,1018.0,1035.9625,-15.750407829727077,-2.2120921702730136
453,1020.0,1036.1775000000002,-14.125679314222468,-2.051820685777768
454,1024.0,1036.4225000000001,-12.501506354273442,0.07900635427331437
455,1026.0,1036.69,-11.653444505435552,0.963444505435497
456,1025.0,1036.9450000000002,-12.357882656597658,0.41288265659749435
457,1024.0,1037.1425,-12.94676525220419,-0.19573474779573807
458,1025.0,1037.24,-13.422314514477451,1.1823145144774418
459,1023.0,1037.2175000000002,-14.341474887861805,0.12397488786160515
460,1024.0,1037.06,-14.925913039023882,1.865913039023937
461,1024.0,1036.7350000000001,-15.39896230129709,2.663962301296962
462,1027.0,1036.195,-14.983678230236936,5.788678230237
463,1027.0,1035.415,-14.013116381399128,5.598116381399164
464,1028.0,1034.3749999999998,-14.263387865894506,7.8883878658947335
465,1032.0,1033.0749999999998,-14.399214905945495,13.324214905945677
466,1036.0,1031.5749999999998,-13.41948639044097,17.84448639044115
467,1038.0,1029.9575,-12.43670231938086,20.479202319380878
468,1038.0,1028.3574999999998,-12.562807137209605,22.205307137209758
469,1038.0,1026.9075,-13.465023066149561,24.557523066149535
470,1034.0,1025.7025,-13.256127883978344,21.553627883978244
471,1031.0,1024.8124999999998,-14.493621590696009,20.681121590696236
472,1029.0,1024.245,-12.176948630747022,16.93194863074713
473,1028.0,1023.9549999999999,-10.527775670797967,14.57277567079804
474,1030.0,1023.8725,-7.435824933071246,13.5633249330713
475,1027.0,1023.9224999999999,-4.233596417566602,7.311096417566702
476,1027.0,1024.0124999999998,-0.586367902062134,3.573867902062316
477,1028.0,1024.0874999999999,4.396971724553594,-0.48447172455345733
478,1030.0,1024.13,11.71808912894702,-5.848089128947128
479,1031.0,1024.1325,18.152817644451638,-11.285317644451574
480,1031.0,1024.105,24.588379493289466,-17.693379493289484
481,1032.0,1024.0700000000002,30.13644134212735,-22.206441342127512
482,1033.0,1024.0425000000002,33.46394763540969,-24.506447635409934
483,1029.0,1024.0225,33.457842817580875,-28.48034281758091
484,1029.0,1024.03,30.4486824441965,-25.478682444196473
485,1027.0,1024.0675,25.2111887374789,-22.27868873747901
486,1026.0,1024.1125,19.296750586316797,-17.40925058631675
487,1024.0,1024.1624999999997,11.148145768488003,-11.310645768487685
488,1023.0,1024.2199999999998,3.3175965062147483,-4.537596506214548
489,1023.0,1024.2749999999996,-2.644063867169549,1.369063867169913
490,1023.0,1024.3349999999998,-7.517113129442784,6.182113129442975
491,1025.0,1024.3974999999998,-9.526551280604892,10.129051280605083
492,1028.0,1024.4499999999996,-10.117656098433692,13.667656098434101
493,1030.0,1024.4849999999997,-9.73292758292913,15.247927582929458
494,1033.0,1024.4999999999998,-8.922643511868984,17.42264351186921
495,1030.0,1024.5099999999998,-9.121803885253286,14.611803885253522
496,1030.0,1024.5349999999999,-9.428186480859928,14.893186480860074
497,1026.0,1024.6149999999998,-10.717902409799779,12.102902409799997
498,1023.0,1024.7874999999997,-11.646229449850837,9.858729449851156
499,1023.0,1025.0949999999998,-13.984556489901836,11.889556489902036
500,1025.0,1025.5749999999998,-13.341494779400708,12.76649477940089
501,1025.0,1026.26,-14.319901647905711,13.05990164790572
502,1026.0,1027.1825,-13.853586294188572,12.671086294188681
503,1028.0,1028.3575,-13.943937607138048,13.586437607137976
504,1030.0,1029.79,-12.701511142309798,12.911511142309834
505,1029.0,1031.4524999999999,-12.458806899703712,10.006306899703839
506,1029.0,1033.2674999999997,-11.66138043487541,7.39388043487571
507,1029.0,1035.1,-11.088120636713855,4.988120636713946
508,1029.0,1036.8124999999995,-10.51624972744108,2.7037497274415347
509,1025.0,1038.3,-10.722434373723992,-2.5775656262759625
510,1029.0,1039.4899999999998,-9.595563464451255,-0.8944365355485271
511,1028.0,1040.3500000000001,-9.690081444067463,-2.6599185559326735
512,1029.0,1040.8925,-8.670988312572494,-3.2215116874274337
513,1029.0,1041.1750000000002,-8.872172958855273,-3.3028270411449085
514,1030.0,1041.2725,-9.40613538291583,-1.8663646170842068
515,1032.0,1041.2649999999999,-9.385097806976423,0.12009780697655081
516,1028.0,1041.2175,-9.032949119925906,-4.184550880074067
517,1030.0,1041.1775,-8.683300432875416,-2.4941995671245927
518,1030.0,1041.1599999999999,-7.335596190269337,-3.8244038097305175
519,1031.0,1041.1525000000001,-5.434280836552215,-4.71821916344793
520,1031.0,1041.1425,-2.645187705057251,-7.497312294942676
521,1031.0,1041.1175,2.1430720931043608,-12.260572093104425
522,1032.0,1041.0800000000002,7.374943002377078,-16.454943002377235
523,1032.0,1041.0375,12.94098057831652,-21.97848057831643
524,1031.0,1040.9825,17.286740376478058,-27.26924037647813
525,1032.0,1040.9125,23.522777952417513,-32.43527795241742
526,1031.0,1040.83,28.092704417245777,-37.922704417245704
527,1031.0,1040.7375,30.55096421540746,-40.288464215407416
528,1030.0,1040.6474999999998,31.451168458013548,-42.09866845801336
529,1030.0,1040.5525,30.571372700619577,-41.123872700619586
530,1031.0,1040.4375,27.24629916544788,-36.68379916544788
531,1029.0,1040.3000000000002,25.142614519165043,-36.442614519165225
532,1028.0,1040.1525000000001,23.48337431732665,-35.635874317326795
533,1026.0,1040.0050000000003,22.15774522659938,-36.16274522659972
534,1029.0,1039.8625,23.276838358094373,-34.13933835809433
535,1027.0,1039.73,22.953153711811517,-35.683153711811535
536,1031.0,1039.6050000000002,21.7419690655287,-30.346969065528945
537,1032.0,1039.48,17.309395530356973,-24.78939553035699
538,1029.0,1039.3474999999999,11.210155328518576,-21.55765532851843
539,1030.0,1039.2075000000002,4.776192904457979,-13.983692904458188
540,1033.0,1039.0575000000001,-1.881102852935951,-4.176397147064167
541,1035.0,1038.9,-8.094787499218787,4.194787499218696
542,1036.0,1038.7300000000002,-12.864583256612761,10.134583256612515
543,1035.0,1038.5475000000004,-14.191045680673373,10.643545680673018
544,1034.0,1038.3725,-16.517785882511717,12.145285882511772
545,1036.0,1038.21,-14.621470528794518,12.411470528794482
546,1038.0,1038.0575,-13.39071073063286,13.333210730632969
547,1041.0,1037.925,-12.269950932471291,15.344950932471336
548,1046.0,1037.8025,-12.148357800976257,20.345857800976248
549,1048.0,1037.6750000000002,-12.471209113925754,22.79620911392557
550,1052.0,1037.5425,-12.239615982430758,26.697115982430738
551,1056.0,1037.4075000000003,-12.67663396204699,31.269133962046737
552,1057.0,1037.2675000000002,-13.003651941663158,32.736151941663
553,1062.0,1037.1175,-10.998169921279281,35.88066992127922
554,1065.0,1036.9575,-9.326854567562076,37.3693545675621
555,1065.0,1036.7875,-5.98970588051162,34.20220588051171
556,1064.0,1036.6175,-1.9878349712388568,29.370334971238794
557,1059.0,1036.4625,3.0132026047005542,19.524297395299357
558,1055.0,1036.325,9.01340684730659,9.661593152693365
559,1055.0,1036.2,16.67999997880152,2.120000021198436
560,1057.0,1036.0775,25.236315332518714,-4.313815332518814
561,1060.0,1035.9450000000002,34.46068624179146,-10.40568624179162
562,1063.0,1035.8000000000002,42.907557151064196,-15.707557151064378
563,1066.0,1035.65,47.90942806033696,-17.559428060337048
564,1062.0,1035.4975,49.466854525165225,-22.96435452516517
565,1058.0,1035.33,48.68928098999347,-26.019280989993398
566,1055.0,1035.14,44.79892967704393,-24.93892967704403
567,1047.0,1034.9425,38.130522808538906,-26.073022808539015
568,1043.0,1034.755,28.573504828922758,-20.328504828922867
569,1035.0,1034.5725000000002,17.350931293750982,-16.9234312937512
570,1031.0,1034.4050000000002,5.9078022030237545,-9.312802203023955
571,1027.0,1034.265,-3.421715776592367,-3.843284223407733
572,1027.0,1034.1400000000003,-10.41567820065301,3.275678200652683
573,1025.0,1034.0200000000002,-15.741029513602438,6.721029513602229
574,1023.0,1033.9,-19.509436382107438,8.609436382107347
575,1024.0,1033.785,-20.05589880616803,10.27089880616795
576,1019.0,1033.6775000000002,-20.824305674673106,6.146805674672869
577,1017.0,1033.5674999999999,-20.7027125431781,4.13521254317822
578,1016.0,1033.445,-20.691397189460915,3.2463971894609784
579,1016.0,1033.315,-18.902304057965978,1.5873040579659232
580,1014.0,1033.1925,-19.224599815359944,0.032099815359835304
581,1011.0,1033.0874999999999,-19.657728906087137,-2.429771093912727
582,1008.0,1032.9975,-20.310857996814427,-4.6866420031855185
583,1006.0,1032.9274999999998,-19.961209309763923,-6.966290690235859
584,1008.0,1032.8749999999998,-19.83211617826899,-5.042883821730783
585,1009.0,1032.83,-18.367467491218456,-5.462532508781472
586,1008.0,1032.7875000000001,-16.566985470834656,-8.22051452916548
587,1011.0,1032.7450000000001,-12.432059006006327,-9.312940993993791
588,1012.0,1032.7025,-8.96407698562251,-11.73842301437759
589,1010.0,1032.6550000000002,-4.386650520794184,-18.268349479206016
590,1010.0,1032.5975000000003,1.4104981662562328,-24.00799816625654
591,1010.0,1032.53,8.095702408862277,-30.62570240886225
592,1009.0,1032.4600000000005,14.336184429246066,-37.79618442924656
593,1003.0,1032.39,17.687499782963243,-47.07749978296334
594,1002.0,1032.32,22.039648470013766,-52.3596484700137
595,1002.0,1032.2575,22.94874160150868,-53.206241601508616
596,1009.0,1032.2125,21.85700139967029,-45.06950139967038
597,1025.0,1032.18,19.318038975609724,-26.498038975609788
598,1047.0,1032.1625,15.10990988488246,-0.2724098848823697
599,1075.0,1032.155,9.232058571933011,33.61294142806702
600,1111.0,1032.1400000000003,-5.219068413741554,84.07906841374123
601,1155.0,1032.1175,-1.005728787125884,123.88822878712583
602,1205.0,1032.0925,3.7592775061564563,169.14822249384358
603,1259.0,1032.0625000000002,10.076783799438742,216.86071620056103
604,1312.0,1032.03,16.615123426054396,263.3548765739456
605,1353.0,1032.0100000000002,20.599018608225613,300.3909813917742
606,1373.0,1032.0000000000002,23.362080457063506,317.6379195429363
607,1362.0,1031.9975000000002,22.570142305901435,307.4323576940984
608,1328.0,1032.0025000000003,18.444870821405978,277.55262917859375
609,1273.0,1032.015,11.430432670243839,229.55456732975605
610,1207.0,1032.0200000000002,2.859605630192867,172.12039436980692
611,1139.0,1032.0075,-3.82372140985811,110.81622140985817
612,1078.0,1031.985,-11.286492894353556,57.30149289435366
613,1033.0,1031.9475,-16.528986601071214,17.581486601071223
614,1006.0,1031.895,-19.328146974455578,-6.566853025544404
615,994.0,1031.83,-20.794251792284328,-17.0357482077156
616,993.0,1031.7749999999999,-19.92757883233535,-18.847421167664514
617,1000.0,1031.7274999999997,-18.61590587238632,-13.111594127613415
618,1005.0,1031.6775,-17.414232912437356,-9.263267087562653
619,1008.0,1031.6275,-16.211726619155044,-7.41577338084501
620,1007.0,1031.575,-16.56449810365045,-8.010501896349595
621,1004.0,1031.525,-16.250602921479253,-11.274397078520838
622,1000.0,1031.4700000000003,-16.713929961530226,-14.756070038470028
623,996.0,1031.4025000000001,-16.288923668247946,-19.1135763317522
624,992.0,1031.325,-15.753917374965583,-23.571082625034464
625,990.0,1031.2425,-14.77391108168325,-26.46858891831681
626,988.0,1031.1525000000001,-14.678071455067618,-28.47442854493253
627,989.0,1031.055,-13.685009606229798,-28.369990393770266
628,991.0,1030.96,-13.233336646280721,-26.726663353719317
629,991.0,1030.87,-12.205552575220638,-27.664447424779254
630,987.0,1030.7849999999999,-12.041657393049457,-31.7433426069504
631,988.0,1030.7175,-9.961095544211558,-32.75640445578841
632,989.0,1030.6699999999998,-8.073033695373628,-33.59696630462622
633,989.0,1030.6399999999999,-5.601082957646874,-36.038917042353
634,990.0,1030.61,-3.663021108808927,-36.94697889119097
635,991.0,1030.5675,0.17615185114000598,-39.743651851140115
636,989.0,1030.51,4.12393592220016,-45.63393592220015
637,989.0,1030.4300000000003,10.165331104371385,-51.595331104371674
638,987.0,1030.3475000000003,16.62200406432038,-59.96950406432069
639,987.0,1030.2675000000004,23.152288135380438,-66.41978813538083
640,987.0,1030.18,26.86590553977392,-70.04590553977398
641,988.0,1030.0875000000003,29.656745166389527,-71.74424516638985
642,988.0,1029.9950000000003,29.19841812633856,-71.19341812633891
643,989.0,1029.9125000000004,24.499813308509765,-65.41231330851014
644,992.0,1029.8425000000004,17.68148626845877,-55.5239862684592
645,993.0,1029.7725000000003,10.86010367285223,-47.6326036728525
646,992.0,1029.6925000000003,2.4839988550233594,-40.176498855023695
647,995.0,1029.5975,-4.444050407249788,-30.15344959275029
648,994.0,1029.4725000000003,-9.814044113967515,-25.658455886032794
649,991.0,1029.3200000000002,-13.184593376240695,-25.13540662375947
650,992.0,1029.1475000000003,-14.779587082958393,-22.36791291704187
651,993.0,1028.9525,-15.042636345231577,-20.90986365476852
652,989.0,1028.7500000000002,-15.750407829727077,-23.99959217027315
653,989.0,1028.5400000000004,-14.125679314222468,-25.414320685777952
654,991.0,1028.3175,-12.501506354273442,-24.815993645726667
655,991.0,1028.1000000000001,-11.653444505435552,-25.446555494564585
656,992.0,1027.8975000000003,-12.357882656597658,-23.539617343402604
657,995.0,1027.7100000000003,-12.94676525220419,-19.763234747796076
658,999.0,1027.5425000000002,-13.422314514477451,-15.120185485522795
659,999.0,1027.38,-14.341474887861805,-14.038525112138304
660,999.0,1027.1975000000002,-14.925913039023882,-13.271586960976336
661,996.0,1026.9925,-15.39896230129709,-15.593537698702974
662,997.0,1026.7700000000002,-14.983678230236936,-14.786321769763273
663,997.0,1026.5350000000003,-14.013116381399128,-15.521883618601182
664,997.0,1026.2950000000003,-14.263387865894506,-15.031612134105794
665,996.0,1026.0675,-14.399214905945495,-15.668285094054614
666,996.0,1025.8550000000002,-13.41948639044097,-16.435513609559276
667,999.0,1025.6725000000004,-12.43670231938086,-14.235797680619495
668,1002.0,1025.5300000000004,-12.562807137209605,-10.967192862790823
669,1001.0,1025.4225000000004,-13.465023066149561,-10.957476933850794
670,1004.0,1025.3475000000003,-13.256127883978344,-8.091372116021965
671,1005.0,1025.2950000000003,-14.493621590696009,-5.8013784093042915
672,1005.0,1025.2525000000005,-12.176948630747022,-8.075551369253487
673,1004.0,1025.2100000000003,-10.527775670797967,-10.682224329202297
674,1006.0,1025.1750000000004,-7.435824933071246,-11.739175066929164
675,1005.0,1025.1450000000004,-4.233596417566602,-15.911403582433834
676,1006.0,1025.1350000000002,-0.586367902062134,-18.548632097938086
677,1005.0,1025.1500000000003,4.396971724553594,-24.546971724553913
678,1004.0,1025.1775000000002,11.71808912894702,-32.89558912894726
679,1005.0,1025.2250000000001,18.152817644451638,-38.377817644451774
680,1008.0,1025.3000000000002,24.588379493289466,-41.88837949328965
681,1013.0,1025.4,30.13644134212735,-42.53644134212744
682,1016.0,1025.52,33.46394763540969,-42.98394763540967
683,1018.0,1025.6525,33.457842817580875,-41.11034281758079
684,1019.0,1025.7825,30.4486824441965,-37.23118244419653
685,1019.0,1025.9074999999998,25.2111887374789,-32.1186887374787
686,1017.0,1026.0424999999998,19.296750586316797,-28.339250586316588
687,1016.0,1026.1899999999996,11.148145768488003,-21.338145768487603
688,1014.0,1026.3424999999997,3.3175965062147483,-15.660096506214494
689,1013.0,1026.5075,-2.644063867169549,-10.863436132830387
690,1010.0,1026.6924999999999,-7.517113129442784,-9.175386870557098
691,1011.0,1026.8899999999999,-9.526551280604892,-6.363448719394981
692,1014.0,1027.1000000000001,-10.117656098433692,-2.982343901566445
693,1016.0,1027.325,-9.73292758292913,-1.5920724170709146
694,1019.0,1027.55,-8.922643511868984,0.372643511869029
695,1019.0,1027.7749999999999,-9.121803885253286,0.3468038852534221
696,1023.0,1027.9850000000001,-9.428186480859928,4.443186480859801
697,1020.0,1028.1374999999998,-10.717902409799779,2.5804024097999605
698,1022.0,1028.1975,-11.646229449850837,5.4487294498508465
699,1021.0,1028.125,-13.984556489901836,6.859556489901836
700,1021.0,1027.8775,-13.341494779400708,6.463994779400654
701,1020.0,1027.4125,-14.319901647905711,6.907401647905802
702,1021.0,1026.6850000000002,-13.853586294188572,8.1685862941884
703,1021.0,1025.6750000000002,-13.943937607138048,9.268937607137866
704,1024.0,1024.38,-12.701511142309798,12.321511142309689
705,1027.0,1022.8325000000001,-12.458806899703712,16.626306899703614
706,1027.0,1021.1225000000001,-11.66138043487541,17.538880434875352
707,1030.0,1019.3750000000001,-11.088120636713855,21.71312063671374
708,1030.0,1017.72,-10.51624972744108,22.79624972744105
709,1029.0,1016.27,-10.722434373723992,23.45243437372401
710,1027.0,1015.1075,-9.595563464451255,21.488063464451294
711,1025.0,1014.2725,-9.690081444067463,20.417581444067427
712,1023.0,1013.7575,-8.670988312572494,17.913488312572444
713,1020.0,1013.5024999999999,-8.872172958855273,15.369672958855332
714,1018.0,1013.4224999999999,-9.40613538291583,13.98363538291593
715,1018.0,1013.4399999999998,-9.385097806976423,13.945097806976596
716,1020.0,1013.4924999999997,-9.032949119925906,15.540449119926183
717,1019.0,1013.5299999999999,-8.683300432875416,14.153300432875557
718,1021.0,1013.5374999999998,-7.335596190269337,14.798096190269542
719,1020.0,1013.5174999999999,-5.434280836552215,11.916780836552288
720,1021.0,1013.4824999999998,-2.645187705057251,10.162687705057406
721,1021.0,1013.4499999999999,2.1430720931043608,5.4069279068957075
722,1020.0,1013.43,7.374943002377078,-0.8049430023770281
723,1017.0,1013.4325,12.94098057831652,-9.373480578316524
724,1015.0,1013.4625000000001,17.286740376478058,-15.749240376478149
725,1015.0,1013.5175,23.522777952417513,-22.040277952417554
726,1012.0,1013.5849999999999,28.092704417245777,-29.6777044172457
727,1011.0,1013.6525,30.55096421540746,-33.20346421540749
728,1012.0,1013.7025,31.451168458013548,-33.153668458013534
729,1012.0,1013.7299999999999,30.571372700619577,-32.30137270061948
730,1015.0,1013.7675,27.24629916544788,-26.01379916544792
731,1018.0,1013.835,25.142614519165043,-20.97761451916508
732,1020.0,1013.9425,23.48337431732665,-17.425874317326645
733,1022.0,1014.125,22.15774522659938,-14.282745226599381
734,1021.0,1014.415,23.276838358094373,-16.691838358094337
735,1018.0,1014.8525,22.953153711811517,-19.80565371181148
736,1017.0,1015.4899999999999,21.7419690655287,-20.231969065528595
737,1014.0,1016.37,17.309395530356973,-19.679395530356977
738,1014.0,1017.5250000000001,11.210155328518576,-14.735155328518667
739,1013.0,1018.955,4.776192904457979,-10.73119290445802
740,1015.0,1020.6200000000001,-1.881102852935951,-3.738897147064167
741,1016.0,1022.4400000000002,-8.094787499218787,1.6547874992186191
742,1018.0,1024.305,-12.864583256612761,6.559583256612697
743,1020.0,1026.0850000000003,-14.191045680673373,8.106045680673109
744,1021.0,1027.6425000000002,-16.517785882511717,9.875285882511562
745,1021.0,1028.9025000000001,-14.621470528794518,6.718970528794372
746,1021.0,1029.85,-13.39071073063286,4.54071073063295
747,1020.0,1030.4775000000002,-12.269950932471291,1.7924509324711
748,1017.0,1030.8274999999999,-12.148357800976257,-1.679142199023616
749,1016.0,1030.9975,-12.471209113925754,-2.5262908860741913
750,1015.0,1031.0625,-12.239615982430758,-3.8228840175692422
751,1015.0,1031.075,-12.67663396204699,-3.398366037953055
752,1017.0,1031.0900000000001,-13.003651941663158,-1.0863480583369878
753,1018.0,1031.1375000000003,-10.998169921279281,-2.1393300787209917
754,1020.0,1031.21,-9.326854567562076,-1.88314543243796
755,1023.0,1031.3000000000002,-5.98970588051162,-2.310294119488562
756,1025.0,1031.3875,-1.9878349712388568,-4.399665028761189
757,1023.0,1031.435,3.0132026047005542,-11.4482026047005
758,1024.0,1031.425,9.01340684730659,-16.438406847306545
759,1021.0,1031.38,16.67999997880152,-27.059999978801628
760,1018.0,1031.32,25.236315332518714,-38.55631533251865
761,1017.0,1031.2525,34.46068624179146,-48.71318624179151
762,1017.0,1031.19,42.907557151064196,-57.09755715106425
763,1018.0,1031.135,47.90942806033696,-61.04442806033695
764,1014.0,1031.0874999999999,49.466854525165225,-66.55435452516508
765,1015.0,1031.0375,48.68928098999347,-64.72678098999339
766,1013.0,1030.99,44.79892967704393,-62.78892967704394
767,1016.0,1030.945,38.130522808538906,-53.07552280853884
768,1017.0,1030.8825,28.573504828922758,-42.456004828922694
769,1018.0,1030.8050000000003,17.350931293750982,-30.155931293751273
770,1018.0,1030.715,5.9078022030237545,-18.622802203023674
771,1019.0,1030.61,-3.421715776592367,-8.188284223407532
772,1018.0,1030.5,-10.41567820065301,-2.0843217993469896
773,1017.0,1030.395,-15.741029513602438,2.3460295136024563
774,1017.0,1030.2925,-19.509436382107438,6.21693638210742
775,1018.0,1030.1975,-20.05589880616803,7.85839880616804
776,1021.0,1030.1049999999998,-20.824305674673106,11.719305674673315
777,1021.0,1030.01,-20.7027125431781,11.69271254317811
778,1023.0,1029.925,-20.691397189460915,13.76639718946096
779,1028.0,1029.8425,-18.902304057965978,17.059804057966005
780,1032.0,1029.75,-19.224599815359944,21.474599815359944
781,1033.0,1029.6375,-19.657728906087137,23.02022890608709
782,1034.0,1029.5025,-20.310857996814427,24.808357996814372
783,1033.0,1029.3525000000002,-19.961209309763923,23.608709309763732
784,1033.0,1029.1925,-19.83211617826899,23.63961617826888
785,1034.0,1029.0225,-18.367467491218456,23.34496749121842
786,1037.0,1028.8625000000002,-16.566985470834656,24.704485470834474
787,1041.0,1028.72,-12.432059006006327,24.7120590060063
788,1043.0,1028.585,-8.96407698562251,23.379076985622476
789,1045.0,1028.46,-4.386650520794184,20.926650520794148
790,1049.0,1028.35,1.4104981662562328,19.23950183374386
791,1050.0,1028.2425,8.095702408862277,13.66179759113766
792,1053.0,1028.1225000000002,14.336184429246066,10.541315570753762
793,1049.0,1027.9950000000001,17.687499782963243,3.3175002170366383
794,1046.0,1027.8575000000003,22.039648470013766,-3.8971484700140664
795,1048.0,1027.7125000000003,22.94874160150868,-2.6612416015089977
796,1047.0,1027.5550000000005,21.85700139967029,-2.4120013996708067
797,1048.0,1027.3950000000002,19.318038975609724,1.2869610243900667
798,1048.0,1027.2525000000003,15.10990988488246,5.637590115117257
799,1045.0,1027.1200000000003,9.232058571933011,8.647941428066643
800,1042.0,1026.9875000000002,-5.219068413741554,20.23156841374137
801,1038.0,1026.8550000000002,-1.005728787125884,12.150728787125638
802,1031.0,1026.7250000000001,3.7592775061564563,0.5157224938434073
803,1029.0,1026.5975000000003,10.076783799438742,-7.674283799439051
804,1024.0,1026.4675000000002,16.615123426054396,-19.082623426054596
805,1022.0,1026.3250000000003,20.599018608225613,-24.924018608225886
806,1020.0,1026.1800000000003,23.362080457063506,-29.542080457063797
807,1016.0,1026.025,22.570142305901435,-32.595142305901526
808,1012.0,1025.8650000000002,18.444870821405978,-32.309870821406214
809,1009.0,1025.7200000000003,11.430432670243839,-28.150432670244093
810,1006.0,1025.5875,2.859605630192867,-22.447105630192958
811,1006.0,1025.4775000000002,-3.82372140985811,-15.653778590142082
812,1005.0,1025.39,-11.286492894353556,-9.103507105646544
813,1004.0,1025.3125,-16.528986601071214,-4.783513398928786
814,1003.0,1025.2425,-19.328146974455578,-2.914353025544486
815,1004.0,1025.175,-20.794251792284328,-0.38074820771562656
816,1004.0,1025.105,-19.92757883233535,-1.1774211676646686
817,1004.0,1025.0275,-18.61590587238632,-2.411594127613597
818,1004.0,1024.9475,-17.414232912437356,-3.533267087562635
819,1001.0,1024.8774999999998,-16.211726619155044,-7.665773380844783
820,1000.0,1024.8124999999998,-16.56449810365045,-8.248001896349322
821,998.0,1024.7524999999998,-16.250602921479253,-10.501897078520575
822,998.0,1024.6974999999998,-16.713929961530226,-9.983570038469537
823,999.0,1024.6625,-16.288923668247946,-9.373576331751963
824,1001.0,1024.6499999999999,-15.753917374965583,-7.89608262503428
825,1003.0,1024.645,-14.77391108168325,-6.871088918316731
826,1002.0,1024.65,-14.678071455067618,-7.971928544932473
827,1002.0,1024.6525000000001,-13.685009606229798,-8.967490393770348
828,998.0,1024.6425,-13.233336646280721,-13.409163353719206
829,995.0,1024.63,-12.205552575220638,-17.424447424779473
830,998.0,1024.6075,-12.041657393049457,-14.565842606950616
831,1004.0,1024.5725,-9.961095544211558,-10.611404455788433
832,1016.0,1024.53,-8.073033695373628,-0.456966304626345
833,1035.0,1024.4775,-5.601082957646874,16.12358295764691
834,1060.0,1024.4349999999997,-3.663021108808927,39.22802110880921
835,1096.0,1024.4174999999998,0.17615185114000598,71.4063481488602
836,1139.0,1024.4125,4.12393592220016,110.46356407779993
837,1191.0,1024.4225,10.165331104371385,156.41216889562872
838,1247.0,1024.4475,16.62200406432038,205.93049593567963
839,1299.0,1024.4775000000002,23.152288135380438,251.37021186461936
840,1341.0,1024.505,26.86590553977392,289.629094460226
841,1362.0,1024.5150000000003,29.656745166389527,307.8282548336101
842,1360.0,1024.5075000000004,29.19841812633856,306.29408187366107
843,1329.0,1024.4925000000003,24.499813308509765,280.00768669148994
844,1275.0,1024.4775000000002,17.68148626845877,232.84101373154104
845,1214.0,1024.4750000000001,10.86010367285223,178.66489632714763
846,1150.0,1024.4825000000003,2.4839988550233594,123.03350114497634
847,1088.0,1024.5000000000002,-4.444050407249788,67.94405040724956
848,1041.0,1024.5375000000004,-9.814044113967515,26.27654411396715
849,1012.0,1024.5875000000003,-13.184593376240695,0.5970933762403767
850,997.0,1024.6475000000003,-14.779587082958393,-12.86791291704187
851,993.0,1024.7025,-15.042636345231577,-16.65986365476852
852,995.0,1024.7375000000002,-15.750407829727077,-13.987092170273105
853,1002.0,1024.76,-14.125679314222468,-8.634320685777523
854,1007.0,1024.77,-12.501506354273442,-5.26849364572654
855,1011.0,1024.76,-11.653444505435552,-2.1065554945644394
856,1007.0,1024.7325,-12.357882656597658,-5.374617343402415
857,999.0,1024.7,-12.94676525220419,-12.753234747795856
858,991.0,1024.6700000000003,-13.422314514477451,-20.24768548552285
859,989.0,1024.6575000000003,-14.341474887861805,-21.316025112138448
860,985.0,1024.6750000000002,-14.925913039023882,-24.7490869609763
861,983.0,1024.7025000000003,-15.39896230129709,-26.303537698703238
862,985.0,1024.7275000000002,-14.983678230236936,-24.743821769763255
863,987.0,1024.7450000000003,-14.013116381399128,-23.731883618601216
864,988.0,1024.7600000000002,-14.263387865894506,-22.49661213410571
865,985.0,1024.7775000000001,-14.399214905945495,-25.37828509405465
866,988.0,1024.7925000000002,-13.41948639044097,-23.373013609559276
867,989.0,1024.7975000000001,-12.43670231938086,-23.360797680619267
868,987.0,1024.795,-12.562807137209605,-25.23219286279047
869,985.0,1024.7900000000002,-13.465023066149561,-26.32497693385063
870,984.0,1024.7825000000003,-13.256127883978344,-27.52637211602191
871,983.0,1024.7775000000004,-14.493621590696009,-27.283878409304364
872,983.0,1024.7825000000003,-12.176948630747022,-29.605551369253234
873,984.0,1024.8025000000002,-10.527775670797967,-30.27472432920227
874,985.0,1024.8275000000003,-7.435824933071246,-32.39167506692908
875,988.0,1024.8475,-4.233596417566602,-32.61390358243348
876,986.0,1024.8575000000003,-0.586367902062134,-38.271132097938164
877,987.0,1024.8550000000002,4.396971724553594,-42.25197172455384
878,988.0,1024.8350000000003,11.71808912894702,-48.553089128947285
879,988.0,1024.7900000000002,18.152817644451638,-54.94281764445183
880,988.0,1024.7175000000002,24.588379493289466,-61.305879493289666
881,988.0,1024.6325000000002,30.13644134212735,-66.7689413421275
882,987.0,1024.5450000000003,33.46394763540969,-71.00894763540998
883,987.0,1024.4625000000003,33.457842817580875,-70.9203428175812
884,986.0,1024.3950000000002,30.4486824441965,-68.8436824441967
885,984.0,1024.3325000000002,25.2111887374789,-65.5436887374791
886,988.0,1024.255,19.296750586316797,-55.551750586316906
887,988.0,1024.1625000000004,11.148145768488003,-47.31064576848837
888,988.0,1024.0575000000003,3.3175965062147483,-39.375096506215094
889,989.0,1023.9325000000001,-2.644063867169549,-32.28843613283057
890,990.0,1023.7925000000001,-7.517113129442784,-26.275386870557348
891,988.0,1023.6425000000002,-9.526551280604892,-26.115948719395263
892,989.0,1023.4800000000002,-10.117656098433692,-24.362343901566554
893,990.0,1023.3150000000003,-9.73292758292913,-23.582072417071153
894,990.0,1023.1625000000003,-8.922643511868984,-24.239856488131267
895,990.0,1023.0125000000003,-9.121803885253286,-23.890696114746987
896,989.0,1022.8725000000002,-9.428186480859928,-24.444313519140245
897,990.0,1022.7450000000002,-10.717902409799779,-22.027097590200455
898,995.0,1022.6150000000002,-11.646229449850837,-15.968770550149399
899,995.0,1022.4850000000002,-13.984556489901836,-13.500443510098405
900,994.0,1022.3600000000001,-13.341494779400708,-15.018505220599419
901,994.0,1022.2525000000003,-14.319901647905711,-13.93259835209457
902,995.0,1022.1725000000002,-13.853586294188572,-13.318913705811669
903,996.0,1022.1050000000002,-13.943937607138048,-12.161062392862197
904,997.0,1022.0575000000002,-12.701511142309798,-12.355988857690434
905,997.0,1022.0350000000002,-12.458806899703712,-12.576193100296484
906,999.0,1022.0200000000001,-11.66138043487541,-11.358619565124686
907,996.0,1022.0250000000002,-11.088120636713855,-14.93687936328635
908,1000.0,1022.0500000000002,-10.51624972744108,-11.533750272559102
909,1001.0,1022.0850000000004,-10.722434373723992,-10.362565626276385
910,1002.0,1022.1275000000003,-9.595563464451255,-10.531936535549027
911,1006.0,1022.1725000000002,-9.690081444067463,-6.482418555932778
912,1007.0,1022.2175000000002,-8.670988312572494,-6.5465116874277065
913,1005.0,1022.2575000000003,-8.872172958855273,-8.385327041145004
914,1005.0,1022.3025000000002,-9.40613538291583,-7.896364617084407
915,1004.0,1022.3525000000003,-9.385097806976423,-8.967402193023881
916,1006.0,1022.4125000000003,-9.032949119925906,-7.379550880074344
917,1002.0,1022.4850000000002,-8.683300432875416,-11.801699567124825
918,1006.0,1022.5625000000003,-7.335596190269337,-9.226903809731004
919,1007.0,1022.6650000000002,-5.434280836552215,-10.230719163447976
920,1008.0,1022.7875000000001,-2.645187705057251,-12.142312294942885
921,1010.0,1022.9200000000002,2.1430720931043608,-15.063072093104548
922,1009.0,1023.0625000000002,7.374943002377078,-21.437443002377307
923,1014.0,1023.2050000000003,12.94098057831652,-22.145980578316788
924,1013.0,1023.3425000000002,17.286740376478058,-27.629240376478258
925,1015.0,1023.4775000000001,23.522777952417513,-32.00027795241759
926,1014.0,1023.62,28.092704417245777,-37.71270441724578
927,1010.0,1023.7799999999999,30.55096421540746,-44.33096421540732
928,1009.0,1023.9674999999999,31.451168458013548,-46.41866845801341
929,1010.0,1024.1975,30.571372700619577,-44.76887270061957
930,1008.0,1024.4624999999999,27.24629916544788,-43.70879916544774
931,1011.0,1024.7224999999999,25.142614519165043,-38.8651145191649
932,1010.0,1024.94,23.48337431732665,-38.423374317326704
933,1011.0,1025.08,22.15774522659938,-36.23774522659931
934,1015.0,1025.0949999999998,23.276838358094373,-33.37183835809417
935,1017.0,1024.9375,22.953153711811517,-30.890653711811517
936,1016.0,1024.5725,21.7419690655287,-30.31446906552869
937,1019.0,1023.965,17.309395530356973,-22.274395530357005
938,1019.0,1023.085,11.210155328518576,-15.295155328518613
939,1020.0,1021.9350000000001,4.776192904457979,-6.711192904458038
940,1019.0,1020.5400000000002,-1.881102852935951,0.34110285293576004
941,1016.0,1018.9825000000002,-8.094787499218787,5.112287499218601
942,1015.0,1017.3775000000002,-12.864583256612761,10.487083256612593
943,1017.0,1015.8375000000003,-14.191045680673373,15.353545680673054
944,1018.0,1014.4800000000002,-16.517785882511717,20.03778588251147
945,1023.0,1013.3850000000001,-14.621470528794518,24.236470528794413
946,1022.0,1012.5825000000002,-13.39071073063286,22.808210730632652
947,1026.0,1012.0700000000002,-12.269950932471291,26.199950932471125
948,1026.0,1011.8125000000001,-12.148357800976257,26.335857800976143
949,1027.0,1011.735,-12.471209113925754,27.73620911392574
950,1028.0,1011.75,-12.239615982430758,28.489615982430756
951,1024.0,1011.7974999999999,-12.67663396204699,24.879133962047092
952,1022.0,1011.845,-13.003651941663158,23.15865194166313
953,1022.0,1011.87,-10.998169921279281,21.128169921279277
954,1020.0,1011.8725,-9.326854567562076,17.45435456756213
955,1019.0,1011.8599999999999,-5.98970588051162,13.12970588051172
956,1018.0,1011.8474999999997,-1.9878349712388568,8.140334971239117
957,1017.0,1011.8599999999999,3.0132026047005542,2.126797395299546
958,1018.0,1011.9049999999999,9.01340684730659,-2.918406847306448
959,1022.0,1011.9624999999999,16.67999997880152,-6.642499978801382
960,1024.0,1012.03,25.236315332518714,-13.266315332518687
961,1022.0,1012.1099999999998,34.46068624179146,-24.570686241791243
962,1022.0,1012.1824999999999,42.907557151064196,-33.09005715106409
963,1020.0,1012.2374999999998,47.90942806033696,-40.1469280603368
964,1018.0,1012.2824999999999,49.466854525165225,-43.74935452516514
965,1018.0,1012.34,48.68928098999347,-43.0292809899935
966,1016.0,1012.4025,44.79892967704393,-41.20142967704396
967,1015.0,1012.4549999999999,38.130522808538906,-35.58552280853883
968,1017.0,1012.5025,28.573504828922758,-24.076004828922812
969,1016.0,1012.5500000000001,17.350931293750982,-13.90093129375105
970,1017.0,1012.5950000000001,5.9078022030237545,-1.5028022030238954
971,1018.0,1012.6325000000002,-3.421715776592367,8.789215776592204
972,1021.0,1012.6925000000002,-10.41567820065301,18.72317820065279
973,1022.0,1012.8050000000002,-15.741029513602438,24.93602951360226
974,1022.0,1012.9875000000001,-19.509436382107438,28.52193638210737
975,1021.0,1013.2625,-20.05589880616803,27.793398806167986
976,1022.0,1013.6750000000001,-20.824305674673106,29.149305674673037
977,1019.0,1014.2775,-20.7027125431781,25.42521254317807
978,1017.0,1015.1074999999998,-20.691397189460915,22.58389718946107
979,1016.0,1016.1999999999999,-18.902304057965978,18.702304057966046
980,1015.0,1017.5624999999999,-19.224599815359944,16.662099815360058
981,1016.0,1019.1624999999998,-19.657728906087137,16.49522890608734
982,1016.0,1020.9299999999998,-20.310857996814427,15.38085799681459
983,1018.0,1022.7624999999997,-19.961209309763923,15.198709309764219
984,1021.0,1024.5274999999997,-19.83211617826899,16.3046161782693
985,1021.0,1026.1049999999998,-18.367467491218456,13.262467491218665
986,1019.0,1027.4025,-16.566985470834656,8.164485470834737
987,1022.0,1028.3749999999998,-12.432059006006327,6.057059006006554
988,1020.0,1029.0375,-8.96407698562251,-0.07342301437739884
989,1018.0,1029.4325,-4.386650520794184,-7.045849479205707
990,1020.0,1029.6275,1.4104981662562328,-11.037998166256287
991,1019.0,1029.7050000000002,8.095702408862277,-18.80070240886243
992,1019.0,1029.73,14.336184429246066,-25.066184429246086
993,1017.0,1029.7450000000001,17.687499782963243,-30.43249978296336
994,1017.0,1029.7800000000002,22.039648470013766,-34.819648470013966
995,1017.0,1029.8450000000005,22.94874160150868,-35.79374160150916
996,1022.0,1029.93,21.85700139967029,-29.787001399670352
997,1022.0,1030.0150000000003,19.318038975609724,-27.33303897561005
998,1022.0,1030.0725000000002,15.10990988488246,-23.18240988488268
999,1019.0,1030.085,9.232058571933011,-20.317058571933046
1000,1018.0,1030.0724999999998,-5.219068413741554,-6.85343158625821
1001,1019.0,1030.0475,-1.005728787125884,-10.041771212874016
1002,1018.0,1030.005,3.7592775061564563,-15.764277506156565
1003,1015.0,1029.95,10.076783799438742,-25.02678379943879
1004,1019.0,1029.89,16.615123426054396,-27.505123426054496
1005,1018.0,1029.8324999999998,20.599018608225613,-32.43151860822537
1006,1018.0,1029.7749999999999,23.362080457063506,-35.13708045706337
1007,1020.0,1029.7175,22.570142305901435,-32.28764230590141
1008,1018.0,1029.6499999999999,18.444870821405978,-30.09487082140584
1009,1017.0,1029.5674999999999,11.430432670243839,-23.99793267024372
1010,1015.0,1029.4799999999998,2.859605630192867,-17.339605630192658
1011,1015.0,1029.3825,-3.82372140985811,-10.558778590141827
1012,1014.0,1029.2799999999997,-11.286492894353556,-3.9935071056461897
1013,1011.0,1029.1849999999997,-16.528986601071214,-1.6560133989285042
1014,1014.0,1029.0949999999998,-19.328146974455578,4.233146974455778
1015,1013.0,1029.0049999999997,-20.794251792284328,4.789251792284674
1016,1019.0,1028.9149999999997,-19.92757883233535,10.012578832335613
1017,1018.0,1028.8374999999996,-18.61590587238632,7.778405872386685
1018,1021.0,1028.7549999999997,-17.414232912437356,9.659232912437702
1019,1025.0,1028.645,-16.211726619155044,12.566726619155062
1020,1025.0,1028.5224999999998,-16.56449810365045,13.041998103650641
1021,1026.0,1028.395,-16.250602921479253,13.85560292147927
1022,1027.0,1028.2724999999998,-16.713929961530226,15.441429961530417
1023,1027.0,1028.1475,-16.288923668247946,15.14142366824791
1024,1028.0,1028.0175,-15.753917374965583,15.736417374965656
1025,1030.0,1027.8949999999998,-14.77391108168325,16.878911081683498
1026,1032.0,1027.7824999999998,-14.678071455067618,18.895571455067817
1027,1036.0,1027.6875,-13.685009606229798,21.997509606229798
1028,1039.0,1027.605,-13.233336646280721,24.6283366462807
1029,1046.0,1027.5275,-12.205552575220638,30.67805257522072
1030,1053.0,1027.4475000000002,-12.041657393049457,37.59415739304924
1031,1053.0,1027.3550000000002,-9.961095544211558,35.606095544211314
1032,1054.0,1027.255,-8.073033695373628,34.818033695373515
1033,1053.0,1027.1475000000003,-5.601082957646874,31.45358295764661
1034,1048.0,1027.0250000000003,-3.663021108808927,24.63802110880861
1035,1045.0,1026.8925000000004,0.17615185114000598,17.931348148859612
1036,1044.0,1026.7625000000003,4.12393592220016,13.113564077799566
1037,1043.0,1026.63,10.165331104371385,6.204668895628506
1038,1043.0,1026.4975000000002,16.62200406432038,-0.1195040643205516
1039,1043.0,1026.3725000000004,23.152288135380438,-6.524788135380838
1040,1039.0,1026.2525000000003,26.86590553977392,-14.118405539774201
1041,1041.0,1026.1525000000004,29.656745166389527,-14.8092451663899
1042,1039.0,1026.0650000000003,29.19841812633856,-16.26341812633884
1043,1034.0,1025.9725000000003,24.499813308509765,-16.472313308510074
1044,1027.0,1025.8675000000003,17.68148626845877,-16.54898626845906
1045,1024.0,1025.7375000000002,10.86010367285223,-12.597603672852411
1046,1019.0,1025.5975000000003,2.4839988550233594,-9.081498855023668
1047,1014.0,1025.4450000000002,-4.444050407249788,-7.000949592750375
1048,1012.0,1025.2775000000004,-9.814044113967515,-3.4634558860328575
1049,1010.0,1025.1175,-13.184593376240695,-1.9329066237593686
1050,1005.0,1024.9650000000001,-14.779587082958393,-5.185412917041752
1051,1004.0,1024.8350000000003,-15.042636345231577,-5.792363654768687
1052,1003.0,1024.7325000000003,-15.750407829727077,-5.982092170273223
1053,1004.0,1024.6375000000003,-14.125679314222468,-6.5118206857778045
1054,1006.0,1024.5500000000002,-12.501506354273442,-6.04849364572674
1055,1007.0,1024.4775000000002,-11.653444505435552,-5.8240554945646394
1056,1006.0,1024.4125,-12.357882656597658,-6.054617343402251
1057,1005.0,1024.3475,-12.94676525220419,-6.400734747795893
1058,1003.0,1024.2749999999999,-13.422314514477451,-7.852685485522413
1059,1000.0,1024.185,-14.341474887861805,-9.84352511213814
1060,1001.0,1024.08,-14.925913039023882,-8.154086960976045
1061,999.0,1023.9849999999999,-15.39896230129709,-9.58603769870281
1062,998.0,1023.9124999999999,-14.983678230236936,-10.928821769762973
1063,996.0,1023.8549999999999,-14.013116381399128,-13.841883618600777
1064,997.0,1023.8074999999999,-14.263387865894506,-12.544112134105385
1065,999.0,1023.7649999999998,-14.399214905945495,-10.365785094054264
1066,999.0,1023.7299999999998,-13.41948639044097,-11.310513609558821
1067,999.0,1023.7049999999998,-12.43670231938086,-12.268297680618954
1068,996.0,1023.6774999999997,-12.562807137209605,-15.114692862790063
1069,995.0,1023.6449999999998,-13.465023066149561,-15.179976933850194
1070,992.0,1023.6149999999998,-13.256127883978344,-18.358872116021438
1071,990.0,1023.5799999999997,-14.493621590696009,-19.08637840930369
1072,1000.0,1023.5349999999997,-12.176948630747022,-11.358051369252719
1073,1012.0,1023.4824999999996,-10.527775670797967,-0.9547243292016514
1074,1030.0,1023.4299999999996,-7.435824933071246,14.005824933071636
1075,1053.0,1023.3899999999996,-4.233596417566602,33.84359641756696
1076,1086.0,1023.3524999999998,-0.586367902062134,63.233867902062286
1077,1128.0,1023.3124999999999,4.396971724553594,100.29052827544652
1078,1179.0,1023.28,11.71808912894702,144.001910871053
1079,1234.0,1023.2524999999998,18.152817644451638,192.59468235554854
1080,1287.0,1023.2274999999998,24.588379493289466,239.18412050671068
1081,1329.0,1023.2074999999999,30.13644134212735,275.6560586578728
1082,1353.0,1023.2049999999999,33.46394763540969,296.3310523645904
1083,1354.0,1023.2175000000001,33.457842817580875,297.32465718241906
1084,1325.0,1023.23,30.4486824441965,271.3213175558035
1085,1276.0,1023.245,25.2111887374789,227.5438112625211
1086,1215.0,1023.2725,19.296750586316797,172.43074941368317
1087,1150.0,1023.3050000000001,11.148145768488003,115.54685423151193
1088,1091.0,1023.3350000000002,3.3175965062147483,64.3474034937851
1089,1044.0,1023.3725000000002,-2.644063867169549,23.271563867169377
1090,1013.0,1023.4100000000001,-7.517113129442784,-2.892886870557298
1091,996.0,1023.4325,-9.526551280604892,-17.905948719395113
1092,991.0,1023.4425,-10.117656098433692,-22.324843901566304
1093,994.0,1023.4450000000002,-9.73292758292913,-19.712072417071035
1094,1000.0,1023.4600000000002,-8.922643511868984,-14.537356488131167
1095,1006.0,1023.49,-9.121803885253286,-8.368196114746723
1096,1007.0,1023.5100000000001,-9.428186480859928,-7.0818135191401765
1097,1006.0,1023.5225,-10.717902409799779,-6.804597590200258
1098,1002.0,1023.5400000000002,-11.646229449850837,-9.893770550149354
1099,993.0,1023.5675000000002,-13.984556489901836,-16.58294351009839
1100,991.0,1023.6000000000001,-13.341494779400708,-19.258505220599428
1101,987.0,1023.6275,-14.319901647905711,-22.307598352094345
1102,985.0,1023.6475000000002,-13.853586294188572,-24.793913705811576
1103,984.0,1023.6650000000001,-13.943937607138048,-25.72106239286203
1104,985.0,1023.6750000000001,-12.701511142309798,-25.97348885769027
1105,986.0,1023.6750000000001,-12.458806899703712,-25.21619310029636
1106,987.0,1023.6750000000001,-11.66138043487541,-25.013619565124657
1107,985.0,1023.6700000000001,-11.088120636713855,-27.58187936328622
1108,984.0,1023.6675000000002,-10.51624972744108,-29.151250272559167
1109,984.0,1023.6750000000003,-10.722434373723992,-28.952565626276304
1110,984.0,1023.6975000000002,-9.595563464451255,-30.101936535548965
1111,985.0,1023.7400000000002,-9.690081444067463,-29.049918555932774
1112,987.0,1023.7875000000003,-8.670988312572494,-28.116511687427757
1113,987.0,1023.8425000000002,-8.872172958855273,-27.970327041144927
1114,987.0,1023.8900000000001,-9.40613538291583,-27.483864617084272
1115,986.0,1023.9175000000001,-9.385097806976423,-28.532402193023707
1116,988.0,1023.9200000000002,-9.032949119925906,-26.88705088007428
1117,989.0,1023.9025000000001,-8.683300432875416,-26.21919956712473
1118,986.0,1023.8750000000002,-7.335596190269337,-30.539403809730892
1119,983.0,1023.8325000000002,-5.434280836552215,-35.39821916344799
1120,983.0,1023.7875000000003,-2.645187705057251,-38.142312294943
1121,984.0,1023.7475000000004,2.1430720931043608,-41.89057209310476
1122,986.0,1023.7125000000003,7.374943002377078,-45.0874430023774
1123,987.0,1023.6825000000002,12.94098057831652,-49.62348057831675
1124,988.0,1023.6600000000003,17.286740376478058,-52.94674037647837
1125,991.0,1023.6400000000003,23.522777952417513,-56.16277795241784
1126,993.0,1023.6075000000002,28.092704417245777,-58.70020441724596
1127,993.0,1023.5475000000001,30.55096421540746,-61.09846421540759
1128,993.0,1023.46,31.451168458013548,-61.911168458013584
1129,995.0,1023.3450000000001,30.571372700619577,-58.91637270061972
1130,991.0,1023.1950000000002,27.24629916544788,-59.441299165448044
1131,991.0,1023.0225000000002,25.142614519165043,-57.16511451916519
1132,990.0,1022.8475000000002,23.48337431732665,-56.330874317326845
1133,988.0,1022.6775000000001,22.15774522659938,-56.835245226599504
1134,989.0,1022.5275000000003,23.276838358094373,-56.80433835809463
1135,990.0,1022.4075000000001,22.953153711811517,-55.36065371181166
1136,991.0,1022.3050000000001,21.7419690655287,-53.046969065528764
1137,991.0,1022.2075000000001,17.309395530356973,-48.51689553035707
1138,994.0,1022.1100000000001,11.210155328518576,-39.3201553285187
1139,995.0,1022.0125,4.776192904457979,-31.788692904458024
1140,996.0,1021.9200000000001,-1.881102852935951,-24.038897147064123
1141,999.0,1021.8250000000002,-8.094787499218787,-14.730212500781372
1142,997.0,1021.7250000000001,-12.864583256612761,-11.860416743387376
1143,998.0,1021.6400000000001,-14.191045680673373,-9.448954319326727
1144,995.0,1021.5800000000002,-16.517785882511717,-10.062214117488438
1145,994.0,1021.5400000000001,-14.621470528794518,-12.91852947120556
1146,995.0,1021.5275,-13.39071073063286,-13.136789269367172
1147,992.0,1021.5475000000002,-12.269950932471291,-17.277549067528952
1148,993.0,1021.5925000000003,-12.148357800976257,-16.444142199024057
1149,996.0,1021.6550000000002,-12.471209113925754,-13.183790886074446
1150,998.0,1021.7325000000002,-12.239615982430758,-11.492884017569429
1151,1002.0,1021.8175000000002,-12.67663396204699,-7.1408660379532325
1152,1003.0,1021.9025000000001,-13.003651941663158,-5.898848058336988
1153,1003.0,1021.9850000000002,-10.998169921279281,-7.98683007872096
1154,1004.0,1022.0600000000001,-9.326854567562076,-8.733145432437983
1155,1006.0,1022.1225000000002,-5.98970588051162,-10.132794119488553
1156,1005.0,1022.1800000000002,-1.9878349712388568,-15.19216502876132
1157,1004.0,1022.2450000000001,3.0132026047005542,-21.25820260470067
1158,1002.0,1022.3225000000002,9.01340684730659,-29.33590684730681
1159,1002.0,1022.4175000000002,16.67999997880152,-37.097499978801764
1160,1002.0,1022.5175000000002,25.236315332518714,-45.75381533251887
1161,1006.0,1022.6175000000002,34.46068624179146,-51.078186241791634
1162,1009.0,1022.7275000000002,42.907557151064196,-56.63505715106439
1163,1010.0,1022.8500000000001,47.90942806033696,-60.75942806033709
1164,1009.0,1022.9725000000002,49.466854525165225,-63.43935452516542
1165,1010.0,1023.0825000000002,48.68928098999347,-61.77178098999368
1166,1010.0,1023.1975000000001,44.79892967704393,-57.996429677044034
1167,1011.0,1023.3250000000003,38.130522808538906,-50.45552280853918
1168,1010.0,1023.4650000000003,28.573504828922758,-42.03850482892302
1169,1010.0,1023.6250000000002,17.350931293750982,-30.97593129375121
1170,1011.0,1023.8050000000002,5.9078022030237545,-18.712802203023934
1171,1010.0,1024.005,-3.421715776592367,-10.583284223407741
1172,1011.0,1024.2025,-10.41567820065301,-2.7868217993470896
1173,1011.0,1024.3625,-15.741029513602438,2.3785295136024835
1174,1012.0,1024.4524999999999,-19.509436382107438,7.0569363821075655
1175,1015.0,1024.4475,-20.05589880616803,10.60839880616804
1176,1013.0,1024.3175,-20.824305674673106,9.506805674672997
1177,1012.0,1024.01,-20.7027125431781,8.69271254317811
1178,1011.0,1023.4900000000002,-20.691397189460915,8.201397189460678
1179,1011.0,1022.73,-18.902304057965978,7.17230405796596
1180,1010.0,1021.7050000000002,-19.224599815359944,7.51959981535979
1181,1013.0,1020.4425000000001,-19.657728906087137,12.215228906087027
1182,1018.0,1019.0125000000002,-20.310857996814427,19.298357996814268
1183,1021.0,1017.5100000000001,-19.961209309763923,23.45120930976382
1184,1023.0,1016.0675,-19.83211617826899,26.764616178268994
1185,1025.0,1014.8175000000001,-18.367467491218456,28.549967491218347
1186,1026.0,1013.8374999999999,-16.566985470834656,28.729485470834792
1187,1028.0,1013.1524999999999,-12.432059006006327,27.27955900600641
1188,1026.0,1012.7549999999999,-8.96407698562251,22.20907698562263
1189,1027.0,1012.6025,-4.386650520794184,18.78415052079422
1190,1026.0,1012.6275000000002,1.4104981662562328,11.9620018337436
1191,1022.0,1012.7525,8.095702408862277,1.1517975911376688
1192,1020.0,1012.92,14.336184429246066,-7.256184429246025
1193,1017.0,1013.0849999999999,17.687499782963243,-13.772499782963166
1194,1023.0,1013.2125,22.039648470013766,-12.252148470013744
1195,1023.0,1013.3,22.94874160150868,-13.248741601508634
1196,1024.0,1013.3550000000001,21.85700139967029,-11.21200139967042
1197,1025.0,1013.3925,19.318038975609724,-7.710538975609765
1198,1026.0,1013.4275000000001,15.10990988488246,-2.5374098848825835
1199,1026.0,1013.4725000000002,9.232058571933011,3.295441428066793
1200,1024.0,1013.5250000000002,-5.219068413741554,15.694068413741348
1201,1024.0,1013.5825000000001,-1.005728787125884,11.423228787125788
1202,1021.0,1013.6550000000002,3.7592775061564563,3.5857224938433436
1203,1019.0,1013.7400000000001,10.076783799438742,-4.8167837994388645
1204,1019.0,1013.8375000000001,16.615123426054396,-11.452623426054487
1205,1018.0,1013.9325000000001,20.599018608225613,-16.53151860822573
1206,1018.0,1014.02,23.362080457063506,-19.382080457063488
1207,1018.0,1014.115,22.570142305901435,-18.685142305901444
1208,1019.0,1014.2125,18.444870821405978,-13.657370821405955
1209,1019.0,1014.3075,11.430432670243839,-6.737932670243843
1210,1022.0,1014.4,2.859605630192867,4.740394369807156
1211,1025.0,1014.4799999999999,-3.82372140985811,14.343721409858205
1212,1023.0,1014.5449999999998,-11.286492894353556,19.741492894353712
1213,1024.0,1014.5899999999999,-16.528986601071214,25.938986601071296
1214,1020.0,1014.6175000000001,-19.328146974455578,24.710646974455514
1215,1018.0,1014.6400000000001,-20.794251792284328,24.154251792284228
1216,1015.0,1014.6625000000001,-19.92757883233535,20.265078832335213
1217,1015.0,1014.6950000000002,-18.61590587238632,18.920905872386157
1218,1013.0,1014.7700000000001,-17.414232912437356,15.64423291243726
1219,1016.0,1014.9350000000002,-16.211726619155044,17.27672661915487
1220,1016.0,1015.2250000000001,-16.56449810365045,17.339498103650314
1221,1019.0,1015.6775000000001,-16.250602921479253,19.57310292147913
1222,1020.0,1016.3375000000001,-16.713929961530226,20.376429961530135
1223,1022.0,1017.2425000000002,-16.288923668247946,21.04642366824777
1224,1024.0,1018.4025,-15.753917374965583,21.35141737496555
1225,1026.0,1019.8050000000001,-14.77391108168325,20.96891108168319
1226,1023.0,1021.4175000000001,-14.678071455067618,16.260571455067485
1227,1021.0,1023.1575000000001,-13.685009606229798,11.527509606229657
1228,1019.0,1024.8975,-13.233336646280721,7.3358366462806845
1229,1020.0,1026.4875000000002,-12.205552575220638,5.718052575220456
1230,1019.0,1027.8100000000002,-12.041657393049457,3.231657393049284
1231,1018.0,1028.7975000000001,-9.961095544211558,-0.8364044557885695
1232,1019.0,1029.4375000000002,-8.073033695373628,-2.3644663046265997
1233,1020.0,1029.78,-5.601082957646874,-4.178917042353099
1234,1021.0,1029.905,-3.663021108808927,-5.241978891191046
1235,1024.0,1029.9025000000001,0.17615185114000598,-6.078651851140151
1236,1024.0,1029.8550000000002,4.12393592220016,-9.978935922200407
1237,1024.0,1029.815,10.165331104371385,-15.980331104371439
1238,1023.0,1029.7949999999998,16.62200406432038,-23.417004064320224
1239,1024.0,1029.8024999999998,23.152288135380438,-28.95478813538022
1240,1021.0,1029.8325,26.86590553977392,-35.6984055397739
1241,1021.0,1029.8575,29.656745166389527,-38.5142451663896
1242,1019.0,1029.865,29.19841812633856,-40.06341812633857
1243,1020.0,1029.8625,24.499813308509765,-34.36231330850972
1244,1017.0,1029.85,17.68148626845877,-30.53148626845868
1245,1018.0,1029.8275,10.86010367285223,-22.68760367285233
1246,1020.0,1029.795,2.4839988550233594,-12.278998855023431
1247,1021.0,1029.755,-4.444050407249788,-4.310949592750321
1248,1023.0,1029.7075,-9.814044113967515,3.1065441139675336
1249,1024.0,1029.635,-13.184593376240695,7.549593376240704
1250,1022.0,1029.5425,-14.779587082958393,7.237087082958375
1251,1021.0,1029.4375,-15.042636345231577,6.6051363452315766
1252,1020.0,1029.325,-15.750407829727077,6.425407829727032
1253,1020.0,1029.2199999999998,-14.125679314222468,4.9056793142226685
1254,1020.0,1029.1225,-12.501506354273442,3.3790063542734963
1255,1018.0,1029.03,-11.653444505435552,0.6234445054355788
1256,1018.0,1028.9424999999999,-12.357882656597658,1.4153826565977763
1257,1019.0,1028.8574999999998,-12.94676525220419,3.089265252204344
1258,1020.0,1028.7749999999999,-13.422314514477451,4.647314514477587
1259,1021.0,1028.69,-14.341474887861805,6.651474887861751
1260,1020.0,1028.6,-14.925913039023882,6.325913039023973
1261,1020.0,1028.495,-15.39896230129709,6.903962301297199
1262,1021.0,1028.3674999999998,-14.983678230236936,7.6161782302371
1263,1022.0,1028.225,-14.013116381399128,7.7881163813992185
1264,1020.0,1028.0824999999998,-14.263387865894506,6.180887865894752
1265,1020.0,1027.9449999999997,-14.399214905945495,6.454214905945786
1266,1024.0,1027.8174999999999,-13.41948639044097,9.601986390441088
1267,1025.0,1027.7074999999998,-12.43670231938086,9.729202319381105
1268,1026.0,1027.6049999999996,-12.562807137209605,10.957807137210041
1269,1029.0,1027.5024999999998,-13.465023066149561,14.962523066149734
1270,1030.0,1027.3874999999998,-13.256127883978344,15.868627883978526
1271,1032.0,1027.2675,-14.493621590696009,19.22612159069608
1272,1037.0,1027.1425,-12.176948630747022,22.034448630747093
1273,1039.0,1027.0049999999999,-10.527775670797967,22.522775670798083
1274,1039.0,1026.865,-7.435824933071246,19.570824933071236
1275,1042.0,1026.7224999999999,-4.233596417566602,19.511096417566748
1276,1045.0,1026.5775,-0.586367902062134,19.008867902062033
1277,1046.0,1026.4424999999997,4.396971724553594,15.160528275446751
1278,1053.0,1026.3249999999996,11.71808912894702,14.95691087105339
1279,1056.0,1026.2249999999997,18.152817644451638,11.62218235554868
1280,1055.0,1026.1325,24.588379493289466,4.279120506710598
1281,1056.0,1026.0375,30.13644134212735,-0.17394134212725731
1282,1054.0,1025.9299999999998,33.46394763540969,-5.393947635409525
1283,1052.0,1025.805,33.457842817580875,-7.262842817580939
1284,1050.0,1025.6625000000001,30.4486824441965,-6.111182444196636
1285,1051.0,1025.505,25.2111887374789,0.28381126252099165
1286,1048.0,1025.3325000000002,19.296750586316797,3.3707494136829936
1287,1043.0,1025.1400000000003,11.148145768488003,6.711854231511669
1288,1039.0,1024.9525000000003,3.3175965062147483,10.729903493784924
1289,1035.0,1024.7850000000003,-2.644063867169549,12.85906386716924
1290,1032.0,1024.6275000000003,-7.517113129442784,14.889613129442502
1291,1027.0,1024.4900000000002,-9.526551280604892,12.036551280604655
1292,1027.0,1024.3825000000004,-10.117656098433692,12.7351560984333
1293,1024.0,1024.2925000000002,-9.73292758292913,9.440427582928885
1294,1021.0,1024.1975000000002,-8.922643511868984,5.725143511868765
1295,1020.0,1024.0900000000001,-9.121803885253286,5.03180388525314
1296,1015.0,1023.9750000000001,-9.428186480859928,0.45318648085979163
1297,1013.0,1023.8575000000001,-10.717902409799779,-0.13959759020029416
1298,1009.0,1023.735,-11.646229449850837,-3.0887705501491762
1299,1004.0,1023.605,-13.984556489901836,-5.620443510098182
1300,1001.0,1023.4825000000001,-13.341494779400708,-9.141005220599364
1301,1000.0,1023.3675000000001,-14.319901647905711,-9.047598352094353
1302,1001.0,1023.2625,-13.853586294188572,-8.408913705811473
1303,1002.0,1023.175,-13.943937607138048,-7.231062392861906
1304,1006.0,1023.1,-12.701511142309798,-4.398488857690225
1305,1003.0,1023.03,-12.458806899703712,-7.571193100296261
1306,1005.0,1022.9675,-11.66138043487541,-6.306119565124563
1307,1005.0,1022.9125,-11.088120636713855,-6.824379363286168
1308,1003.0,1022.8549999999999,-10.51624972744108,-9.338750272558825
1309,1003.0,1022.7874999999999,-10.722434373723992,-9.065065626275917
1310,1002.0,1022.6974999999999,-9.595563464451255,-11.101936535548623
1311,999.0,1022.5849999999999,-9.690081444067463,-13.89491855593246
1312,999.0,1022.4725,-8.670988312572494,-14.801511687427475
1313,993.0,1022.3675,-8.872172958855273,-20.495327041144677
1314,992.0,1022.2774999999999,-9.40613538291583,-20.87136461708409
1315,990.0,1022.2149999999999,-9.385097806976423,-22.829902193023493
1316,993.0,1022.17,-9.032949119925906,-20.137050880074053
1317,997.0,1022.1324999999999,-8.683300432875416,-16.44919956712452
1318,1008.0,1022.1049999999999,-7.335596190269337,-6.7694038097305675
1319,1027.0,1022.0799999999997,-5.434280836552215,10.354280836552515
1320,1055.0,1022.0549999999997,-2.645187705057251,35.59018770505753
1321,1093.0,1022.0274999999997,2.1430720931043608,68.82942790689594
1322,1141.0,1021.9974999999997,7.374943002377078,111.6275569976232
1323,1194.0,1021.9699999999998,12.94098057831652,159.08901942168367
1324,1245.0,1021.9424999999999,17.286740376478058,205.77075962352205
1325,1295.0,1021.9149999999998,23.522777952417513,249.56222204758262
1326,1334.0,1021.8874999999999,28.092704417245777,284.0197955827543
1327,1348.0,1021.8700000000001,30.55096421540746,295.5790357845924
1328,1334.0,1021.8650000000001,31.451168458013548,280.6838315419863
1329,1290.0,1021.8625000000003,30.571372700619577,237.56612729938013
1330,1225.0,1021.8525000000003,27.24629916544788,175.90120083455182
1331,1152.0,1021.8375000000003,25.142614519165043,105.01988548083463
1332,1085.0,1021.8225000000003,23.48337431732665,39.69412568267302
1333,1030.0,1021.8025000000004,22.15774522659938,-13.960245226599731
1334,997.0,1021.7750000000004,23.276838358094373,-48.051838358094805
1335,981.0,1021.7350000000004,22.953153711811517,-63.68815371181187
1336,981.0,1021.6850000000004,21.7419690655287,-62.4269690655291
1337,985.0,1021.6325000000005,17.309395530356973,-53.94189553035748
1338,992.0,1021.5875000000004,11.210155328518576,-40.797655328519006
1339,1000.0,1021.5500000000004,4.776192904457979,-26.326192904458388
1340,1003.0,1021.5150000000003,-1.881102852935951,-16.633897147064378
1341,1002.0,1021.4825000000004,-8.094787499218787,-11.387712500781626
1342,997.0,1021.4450000000004,-12.864583256612761,-11.58041674338763
1343,997.0,1021.3925000000004,-14.191045680673373,-10.20145431932701
1344,991.0,1021.3325000000002,-16.517785882511717,-13.814714117488492
1345,989.0,1021.2750000000002,-14.621470528794518,-17.653529471205687
1346,987.0,1021.21,-13.39071073063286,-20.819289269367175
1347,984.0,1021.1400000000001,-12.269950932471291,-24.87004906752881
1348,982.0,1021.0674999999999,-12.148357800976257,-26.919142199023625
1349,978.0,1020.9924999999998,-12.471209113925754,-30.521290886074084
1350,979.0,1020.9274999999998,-12.239615982430758,-29.687884017569026
1351,979.0,1020.8824999999998,-12.67663396204699,-29.20586603795283
1352,981.0,1020.8549999999998,-13.003651941663158,-26.851348058336633
1353,983.0,1020.8324999999999,-10.998169921279281,-26.834330078720587
1354,985.0,1020.8025000000001,-9.326854567562076,-26.475645432438046
1355,988.0,1020.7700000000001,-5.98970588051162,-26.780294119488474
1356,988.0,1020.7275000000001,-1.9878349712388568,-30.73966502876122
1357,987.0,1020.6725,3.0132026047005542,-36.685702604700566
1358,986.0,1020.6125000000001,9.01340684730659,-43.62590684730666
1359,984.0,1020.5475000000001,16.67999997880152,-53.227499978801646
1360,984.0,1020.4799999999999,25.236315332518714,-61.71631533251862
1361,982.0,1020.4225,34.46068624179146,-72.88318624179146
1362,982.0,1020.3699999999998,42.907557151064196,-81.27755715106397
1363,980.0,1020.3224999999996,47.90942806033696,-88.2319280603366
1364,982.0,1020.2974999999999,49.466854525165225,-87.76435452516512
1365,982.0,1020.2749999999999,48.68928098999347,-86.96428098999334
1366,987.0,1020.2275000000001,44.79892967704393,-78.026429677044
1367,990.0,1020.1574999999999,38.130522808538906,-68.28802280853881
1368,990.0,1020.0775,28.573504828922758,-58.651004828922744
1369,989.0,1019.9774999999998,17.350931293750982,-48.32843129375083
1370,986.0,1019.8625000000001,5.9078022030237545,-39.770302203023824
1371,987.0,1019.7375,-3.421715776592367,-29.315784223407586
1372,984.0,1019.5949999999999,-10.41567820065301,-25.1793217993469
1373,983.0,1019.4474999999999,-15.741029513602438,-20.70647048639744
1374,984.0,1019.3049999999997,-19.509436382107438,-15.795563617892284
1375,986.0,1019.1674999999997,-20.05589880616803,-13.111601193831646
1376,984.0,1019.0224999999998,-20.824305674673106,-14.198194325326703
1377,987.0,1018.8675,-20.7027125431781,-11.164787456821848
1378,989.0,1018.6949999999999,-20.691397189460915,-9.003602810539022
1379,993.0,1018.4875000000001,-18.902304057965978,-6.58519594203409
1380,991.0,1018.2600000000001,-19.224599815359944,-8.03540018464016
1381,994.0,1018.0300000000001,-19.657728906087137,-4.37227109391295
1382,994.0,1017.8075,-20.310857996814427,-3.4966420031855776
1383,995.0,1017.5925,-19.961209309763923,-2.6312906902360496
1384,992.0,1017.3825,-19.83211617826899,-5.55038382173106
1385,993.0,1017.1724999999998,-18.367467491218456,-5.805032508781331
1386,989.0,1016.9749999999998,-16.566985470834656,-11.40801452916514
1387,988.0,1016.8074999999997,-12.432059006006327,-16.375440993993337
1388,991.0,1016.6599999999997,-8.96407698562251,-16.69592301437723
1389,995.0,1016.5324999999996,-4.386650520794184,-17.14584947920539
1390,995.0,1016.4199999999995,1.4104981662562328,-22.830498166255737
1391,998.0,1016.3249999999996,8.095702408862277,-26.420702408861867
1392,1001.0,1016.2399999999997,14.336184429246066,-29.576184429245735
1393,1000.0,1016.1549999999996,17.687499782963243,-33.842499782962875
1394,1002.0,1016.0824999999996,22.039648470013766,-36.12214847001341
1395,1001.0,1016.0174999999997,22.94874160150868,-37.96624160150838
1396,1000.0,1015.9674999999996,21.85700139967029,-37.82450139966992
1397,1002.0,1015.9424999999997,19.318038975609724,-33.26053897560938
1398,1000.0,1015.9374999999998,15.10990988488246,-31.047409884882235
1399,1000.0,1015.9599999999997,9.232058571933011,-25.192058571932705
1400,1001.0,1016.0174999999997,-5.219068413741554,-9.798431586258147
1401,1001.0,1016.1024999999997,-1.005728787125884,-14.096771212873852
1402,1002.0,1016.1974999999998,3.7592775061564563,-17.95677750615622
1403,1003.0,1016.2899999999998,10.076783799438742,-23.366783799438593
1404,1005.0,1016.3799999999999,16.615123426054396,-27.995123426054278
1405,1004.0,1016.4775,20.599018608225613,-33.07651860822558
1406,1007.0,1016.5825000000001,23.362080457063506,-32.9445804570636
1407,1007.0,1016.6925000000001,22.570142305901435,-32.262642305901544
1408,1007.0,1016.8200000000002,18.444870821405978,-28.26487082140614
1409,1004.0,1016.9650000000001,11.430432670243839,-24.395432670243984
1410,1001.0,1017.1250000000001,2.859605630192867,-18.98460563019298
1411,1001.0,1017.3125,-3.82372140985811,-12.48877859014189
1412,1002.0,1017.5299999999999,-11.286492894353556,-4.243507105646303
1413,1003.0,1017.7799999999999,-16.528986601071214,1.7489866010713548
1414,1005.0,1018.0474999999999,-19.328146974455578,6.280646974455678
1415,1008.0,1018.315,-20.794251792284328,10.479251792284273
1416,1007.0,1018.5725000000001,-19.92757883233535,8.355078832335245
1417,1008.0,1018.8000000000001,-18.61590587238632,7.815905872386253
1418,1009.0,1018.9725000000001,-17.414232912437356,7.441732912437274
1419,1010.0,1019.0600000000002,-16.211726619155044,7.151726619154871
1420,1012.0,1019.0275000000001,-16.56449810365045,9.536998103650305
1421,1012.0,1018.8275,-16.250602921479253,9.423102921479266
1422,1015.0,1018.41,-16.713929961530226,13.303929961530258
1423,1016.0,1017.7324999999998,-16.288923668247946,14.556423668248101
1424,1019.0,1016.7749999999999,-15.753917374965583,17.978917374965718
1425,1020.0,1015.5399999999998,-14.77391108168325,19.233911081683402
1426,1018.0,1014.0599999999998,-14.678071455067618,18.618071455067785
1427,1019.0,1012.4275,-13.685009606229798,20.25750960622979
1428,1019.0,1010.78,-13.233336646280721,21.453336646280746
1429,1019.0,1009.26,-12.205552575220638,21.945552575220646
1430,1016.0,1007.9975000000001,-12.041657393049457,20.044157393049396
1431,1015.0,1007.07,-9.961095544211558,17.89109554421151
1432,1016.0,1006.485,-8.073033695373628,17.588033695373614
1433,1015.0,1006.2,-5.601082957646874,14.401082957646828
1434,1015.0,1006.1275,-3.663021108808927,12.535521108808872
1435,1014.0,1006.1725,0.17615185114000598,7.651348148859981
1436,1014.0,1006.2574999999999,4.12393592220016,3.6185640777999035
1437,1013.0,1006.3275,10.165331104371385,-3.492831104371371
1438,1016.0,1006.3625,16.62200406432038,-6.984504064320333
1439,1016.0,1006.3525000000001,23.152288135380438,-13.504788135380515
1440,1015.0,1006.3125000000001,26.86590553977392,-18.178405539774033
1441,1014.0,1006.2675,29.656745166389527,-21.924245166389568
1442,1011.0,1006.2325000000002,29.19841812633856,-24.430918126338746
1443,1007.0,1006.2075000000003,24.499813308509765,-23.707313308510088
1444,1006.0,1006.1950000000003,17.68148626845877,-17.876486268459047
1445,1006.0,1006.2000000000003,10.86010367285223,-11.060103672852502
1446,1006.0,1006.2175000000003,2.4839988550233594,-2.701498855023673
1447,1007.0,1006.2425000000003,-4.444050407249788,5.201550407249497
1448,1008.0,1006.2700000000004,-9.814044113967515,11.544044113967079
1449,1009.0,1006.3025000000004,-13.184593376240695,15.882093376240345
1450,1011.0,1006.3275000000003,-14.779587082958393,19.452087082958066
1451,1014.0,1006.3400000000001,-15.042636345231577,22.702636345231433
1452,1016.0,1006.3525000000002,-15.750407829727077,25.397907829726886
1453,1015.0,1006.3924999999999,-14.125679314222468,22.73317931422254
1454,1013.0,1006.495,-12.501506354273442,19.006506354273437
1455,1012.0,1006.69,-11.653444505435552,16.963444505435497
1456,1007.0,1007.03,-12.357882656597658,12.327882656597685
1457,1008.0,1007.575,-12.94676525220419,13.371765252204144
1458,1007.0,1008.3575000000001,-13.422314514477451,12.064814514477378
1459,1008.0,1009.3925000000002,-14.341474887861805,12.94897488786165
1460,1006.0,1010.6700000000002,-14.925913039023882,10.255913039023696
1461,1011.0,1012.1775000000002,-15.39896230129709,14.221462301296853
1462,1009.0,1013.8575000000001,-14.983678230236936,10.126178230236864
1463,1015.0,1015.6000000000001,-14.013116381399128,13.413116381398991
1464,1017.0,1017.2750000000001,-14.263387865894506,13.988387865894415
1465,1014.0,1018.75,-14.399214905945495,9.649214905945495
1466,1011.0,1019.93,-13.41948639044097,4.489486390441019
1467,1010.0,1020.7649999999999,-12.43670231938086,1.6717023193809872
1468,1009.0,1021.2849999999999,-12.562807137209605,0.27780713720975037
1469,1006.0,1021.5575,-13.465023066149561,-2.0924769338504436
1470,1007.0,1021.6600000000001,-13.256127883978344,-1.4038721160217378
1471,1005.0,1021.6600000000002,-14.493621590696009,-2.166378409304187
1472,1007.0,1021.6175000000002,-12.176948630747022,-2.4405513692531553
1473,1010.0,1021.5900000000001,-10.527775670797967,-1.062224329202179
1474,1011.0,1021.5925000000001,-7.435824933071246,-3.15667506692884
1475,1015.0,1021.6175,-4.233596417566602,-2.383903582433348
1476,1014.0,1021.6600000000001,-0.586367902062134,-7.0736320979379474
1477,1015.0,1021.6975,4.396971724553594,-11.094471724553586
1478,1015.0,1021.7025000000001,11.71808912894702,-18.42058912894712
1479,1011.0,1021.6724999999999,18.152817644451638,-28.825317644451538
1480,1009.0,1021.6275,24.588379493289466,-37.21587949328952
1481,1010.0,1021.5774999999999,30.13644134212735,-41.71394134212722
1482,1011.0,1021.5174999999998,33.46394763540969,-43.9814476354095
1483,1009.0,1021.4549999999999,33.457842817580875,-45.9128428175808
1484,1009.0,1021.3949999999999,30.4486824441965,-42.84368244419637
1485,1008.0,1021.3299999999997,25.2111887374789,-38.5411887374786
1486,1012.0,1021.2699999999998,19.296750586316797,-28.56675058631655
1487,1012.0,1021.2224999999999,11.148145768488003,-20.370645768487858
1488,1011.0,1021.1624999999999,3.3175965062147483,-13.480096506214657
1489,1012.0,1021.0724999999998,-2.644063867169549,-6.428436132830214
1490,1010.0,1020.9624999999999,-7.517113129442784,-3.44538687055708
1491,1011.0,1020.8499999999999,-9.526551280604892,-0.3234487193950173
1492,1009.0,1020.74,-10.117656098433692,-1.6223439015663175
1493,1008.0,1020.635,-9.73292758292913,-2.90207241707086
1494,1008.0,1020.5424999999999,-8.922643511868984,-3.619856488130921
1495,1007.0,1020.4599999999998,-9.121803885253286,-4.338196114746523
1496,1008.0,1020.3799999999999,-9.428186480859928,-2.9518135191399537
1497,1010.0,1020.2899999999998,-10.717902409799779,0.42790240979992866
1498,1010.0,1020.1949999999998,-11.646229449850837,1.4512294498510148
1499,1012.0,1020.0999999999998,-13.984556489901836,5.884556489902041
1500,1016.0,1019.9874999999997,-13.341494779400708,9.353994779400981
1501,1019.0,1019.8574999999996,-14.319901647905711,13.462401647906093
1502,1020.0,1019.7224999999999,-13.853586294188572,14.131086294188718
1503,1020.0,1019.5924999999999,-13.943937607138048,14.35143760713819
1504,1024.0,1019.4599999999999,-12.701511142309798,17.241511142309875
1505,1024.0,1019.3224999999999,-12.458806899703712,17.136306899703833
1506,1026.0,1019.1875,-11.66138043487541,18.47388043487541
1507,1028.0,1019.0625,-11.088120636713855,20.025620636713853
1508,1031.0,1018.9524999999999,-10.51624972744108,22.563749727441206
1509,1033.0,1018.8549999999999,-10.722434373723992,24.867434373724087
1510,1036.0,1018.7674999999998,-9.595563464451255,26.82806346445144
1511,1040.0,1018.6849999999998,-9.690081444067463,31.00508144406763
1512,1045.0,1018.5949999999998,-8.670988312572494,35.07598831257269
1513,1047.0,1018.4899999999997,-8.872172958855273,37.382172958855605
1514,1045.0,1018.3749999999997,-9.40613538291583,36.03113538291617
1515,1044.0,1018.2449999999998,-9.385097806976423,35.14009780697665
1516,1042.0,1018.1199999999997,-9.032949119925906,32.91294911992624
1517,1039.0,1018.0124999999998,-8.683300432875416,29.6708004328756
1518,1035.0,1017.9124999999997,-7.335596190269337,24.423096190269654
1519,1035.0,1017.8224999999999,-5.434280836552215,22.611780836552338
1520,1034.0,1017.7324999999998,-2.645187705057251,18.912687705057404
1521,1034.0,1017.6424999999999,2.1430720931043608,14.214427906895711
1522,1033.0,1017.5475,7.374943002377078,8.077556997622908
1523,1031.0,1017.44,12.94098057831652,0.6190194216834257
1524,1025.0,1017.3175000000001,17.286740376478058,-9.604240376478167
1525,1021.0,1017.1775000000001,23.522777952417513,-19.700277952417636
1526,1016.0,1017.0400000000003,28.092704417245777,-29.13270441724608
1527,1013.0,1016.9075000000003,30.55096421540746,-34.458464215407716
1528,1010.0,1016.7875000000004,31.451168458013548,-38.23866845801391
1529,1006.0,1016.6850000000002,30.571372700619577,-41.25637270061975
1530,1004.0,1016.5950000000003,27.24629916544788,-39.841299165448135
1531,1002.0,1016.5225000000002,25.142614519165043,-39.66511451916519
1532,1001.0,1016.4550000000003,23.48337431732665,-38.93837431732692
1533,1000.0,1016.3925000000002,22.15774522659938,-38.550245226599536
1534,998.0,1016.3325000000001,23.276838358094373,-41.60933835809447
1535,998.0,1016.2624999999999,22.953153711811517,-41.21565371181145
1536,998.0,1016.1874999999999,21.7419690655287,-39.929469065528586
1537,996.0,1016.1099999999999,17.309395530356973,-37.41939553035687
1538,995.0,1016.0300000000001,11.210155328518576,-32.24015532851866
1539,993.0,1015.9549999999999,4.776192904457979,-27.731192904457906
1540,994.0,1015.8875,-1.881102852935951,-20.006397147064096
1541,993.0,1015.825,-8.094787499218787,-14.730212500781258
1542,992.0,1015.7750000000001,-12.864583256612761,-10.91041674338733
1543,992.0,1015.745,-14.191045680673373,-9.553954319326632
1544,991.0,1015.73,-16.517785882511717,-8.212214117488301
1545,991.0,1015.7175,-14.621470528794518,-10.096029471205455
1546,992.0,1015.6975,-13.39071073063286,-10.306789269367131
1547,989.0,1015.67,-12.269950932471291,-14.400049067528668
1548,988.0,1015.6324999999999,-12.148357800976257,-15.48414219902368
1549,985.0,1015.5925,-12.471209113925754,-18.12129088607422
1550,982.0,1015.5574999999999,-12.239615982430758,-21.317884017569135
1551,981.0,1015.52,-12.67663396204699,-21.84336603795299
1552,984.0,1015.4725000000001,-13.003651941663158,-18.468848058336924
1553,996.0,1015.4324999999999,-10.998169921279281,-8.43433007872061
1554,1013.0,1015.4149999999998,-9.326854567562076,6.9118545675622265
1555,1038.0,1015.4174999999999,-5.98970588051162,28.572205880511717
1556,1074.0,1015.4549999999999,-1.9878349712388568,60.53283497123893
1557,1119.0,1015.5124999999999,3.0132026047005542,100.47429739529952
1558,1167.0,1015.575,9.01340684730659,142.41159315269337
1559,1217.0,1015.6375,16.67999997880152,184.68250002119845
1560,1262.0,1015.695,25.236315332518714,221.06868466748125
1561,1307.0,1015.7350000000001,34.46068624179146,256.8043137582084
1562,1329.0,1015.7625000000003,42.907557151064196,270.3299428489355
1563,1330.0,1015.7825000000003,47.90942806033696,266.3080719396628
1564,1302.0,1015.7775000000003,49.466854525165225,236.75564547483452
1565,1252.0,1015.7750000000003,48.68928098999347,187.5357190100062
1566,1189.0,1015.7950000000004,44.79892967704393,128.40607032295566
1567,1122.0,1015.8350000000003,38.130522808538906,68.03447719146084
1568,1066.0,1015.8875000000003,28.573504828922758,21.53899517107697
1569,1022.0,1015.9450000000003,17.350931293750982,-11.29593129375126
1570,994.0,1015.9975000000003,5.9078022030237545,-27.905302203024043
1571,979.0,1016.0325000000003,-3.421715776592367,-33.61078422340789
1572,975.0,1016.0550000000003,-10.41567820065301,-30.63932179934728
1573,981.0,1016.0625000000002,-15.741029513602438,-19.32147048639779
1574,987.0,1016.0575,-19.509436382107438,-9.548063617892566
1575,993.0,1016.0424999999999,-20.05589880616803,-2.9866011938318735
1576,994.0,1016.0174999999999,-20.824305674673106,-1.1931943253268216
1577,992.0,1015.9874999999998,-20.7027125431781,-3.2847874568217392
1578,986.0,1015.9574999999998,-20.691397189460915,-9.26610281053884
1579,984.0,1015.9499999999997,-18.902304057965978,-13.047695942033727
1580,982.0,1015.9699999999998,-19.224599815359944,-14.745400184639855
1581,983.0,1015.9999999999998,-19.657728906087137,-13.342271093912636
1582,981.0,1016.0224999999999,-20.310857996814427,-14.711642003185496
1583,983.0,1016.0425,-19.961209309763923,-13.081290690236095
1584,980.0,1016.0675000000002,-19.83211617826899,-16.235383821731233
1585,979.0,1016.0950000000001,-18.367467491218456,-18.727532508781685
1586,979.0,1016.1150000000002,-16.566985470834656,-20.54801452916558
1587,979.0,1016.1225000000004,-12.432059006006327,-24.690440993994073
1588,976.0,1016.1300000000003,-8.96407698562251,-31.165923014377825
1589,974.0,1016.1400000000003,-4.386650520794184,-37.75334947920614
1590,972.0,1016.1600000000004,1.4104981662562328,-45.570498166256655
1591,976.0,1016.1900000000004,8.095702408862277,-48.285702408862676
1592,979.0,1016.2250000000005,14.336184429246066,-51.561184429246545
1593,980.0,1016.2675000000004,17.687499782963243,-53.954999782963625
1594,985.0,1016.3100000000003,22.039648470013766,-53.34964847001405
1595,985.0,1016.3450000000004,22.94874160150868,-54.29374160150905
1596,984.0,1016.3775000000005,21.85700139967029,-54.2345013996708
1597,982.0,1016.4100000000004,19.318038975609724,-53.72803897561015
1598,982.0,1016.4400000000004,15.10990988488246,-49.54990988488286
1599,980.0,1016.4625000000003,9.232058571933011,-45.69455857193333
1600,976.0,1016.4675000000004,-5.219068413741554,-35.248431586258874
1601,974.0,1016.4600000000004,-1.005728787125884,-41.454271212874495
1602,975.0,1016.4525000000004,3.7592775061564563,-45.2117775061569
1603,978.0,1016.4500000000003,10.076783799438742,-48.526783799439016
1604,977.0,1016.4375000000003,16.615123426054396,-56.05262342605474
1605,977.0,1016.4100000000003,20.599018608225613,-60.00901860822592
1606,980.0,1016.3725000000003,23.362080457063506,-59.73458045706379
1607,984.0,1016.3225000000003,22.570142305901435,-54.89264230590177
1608,986.0,1016.2575000000003,18.444870821405978,-48.702370821406255
1609,986.0,1016.1750000000004,11.430432670243839,-41.60543267024425
1610,984.0,1016.0825000000003,2.859605630192867,-34.94210563019319
1611,985.0,1015.9750000000003,-3.82372140985811,-27.15127859014214
1612,982.0,1015.8475000000003,-11.286492894353556,-22.561007105646752
1613,981.0,1015.7125000000003,-16.528986601071214,-18.183513398929104
1614,981.0,1015.5800000000003,-19.328146974455578,-15.25185302554469
1615,980.0,1015.4525000000003,-20.794251792284328,-14.658248207716
1616,985.0,1015.3350000000003,-19.92757883233535,-10.407421167664914
1617,987.0,1015.2300000000004,-18.61590587238632,-9.614094127614038
1618,990.0,1015.1400000000003,-17.414232912437356,-7.725767087562971
1619,993.0,1015.0575000000002,-16.211726619155044,-5.845773380845188
1620,993.0,1014.9725000000003,-16.56449810365045,-5.408001896349859
1621,995.0,1014.8875000000004,-16.250602921479253,-3.636897078521134
1622,994.0,1014.8025000000002,-16.713929961530226,-4.08857003847001
1623,994.0,1014.7200000000003,-16.288923668247946,-4.431076331752308
1624,992.0,1014.6525000000003,-15.753917374965583,-6.898582625034676
1625,991.0,1014.6075000000003,-14.77391108168325,-8.83358891831705
1626,992.0,1014.5850000000003,-14.678071455067618,-7.906928544932645
1627,992.0,1014.5875000000003,-13.685009606229798,-8.90249039377052
1628,998.0,1014.6075000000003,-13.233336646280721,-3.374163353719579
1629,999.0,1014.6450000000003,-12.205552575220638,-3.4394474247796847
1630,1000.0,1014.6950000000004,-12.041657393049457,-2.6533426069509343
1631,1002.0,1014.7575000000005,-9.961095544211558,-2.796404455788947
1632,1002.0,1014.8325000000004,-8.073033695373628,-4.759466304626809
1633,1004.0,1014.9150000000003,-5.601082957646874,-5.313917042353431
1634,1002.0,1015.0175000000004,-3.663021108808927,-9.354478891191455
1635,999.0,1015.1375000000003,0.17615185114000598,-16.31365185114028
1636,999.0,1015.2700000000002,4.12393592220016,-20.39393592220037
1637,997.0,1015.4200000000003,10.165331104371385,-28.585331104371683
1638,1000.0,1015.5850000000002,16.62200406432038,-32.20700406432053
1639,1002.0,1015.77,23.152288135380438,-36.92228813538042
1640,1002.0,1015.965,26.86590553977392,-40.83090553977395
1641,1002.0,1016.16,29.656745166389527,-43.816745166389495
1642,1003.0,1016.3674999999998,29.19841812633856,-42.565918126338396
1643,1003.0,1016.5924999999997,24.499813308509765,-38.09231330850951
1644,1004.0,1016.8274999999999,17.68148626845877,-30.508986268458642
1645,1003.0,1017.0825,10.86010367285223,-24.94260367285221
1646,1001.0,1017.36,2.4839988550233594,-18.843998855023372
1647,1001.0,1017.6525,-4.444050407249788,-12.208449592750243
1648,999.0,1017.96,-9.814044113967515,-9.145955886032521
1649,1002.0,1018.2800000000002,-13.184593376240695,-3.095406623759505
1650,1004.0,1018.62,-14.779587082958393,0.15958708295838875
1651,1006.0,1018.9675000000001,-15.042636345231577,2.07513634523149
1652,1005.0,1019.2975000000001,-15.750407829727077,1.45290782972695
1653,1010.0,1019.5825000000001,-14.125679314222468,4.543179314222373
1654,1011.0,1019.7900000000001,-12.501506354273442,3.7115063542733644
1655,1015.0,1019.8800000000001,-11.653444505435552,6.773444505435442
1656,1019.0,1019.7975000000001,-12.357882656597658,11.56038265659753
1657,1019.0,1019.485,-12.94676525220419,12.461765252204176
1658,1021.0,1018.9175,-13.422314514477451,15.504814514477433
1659,1019.0,1018.085,-14.341474887861805,15.256474887861769
1660,1018.0,1017.0025,-14.925913039023882,15.923413039023828
1661,1015.0,1015.6874999999999,-15.39896230129709,14.711462301297203
1662,1016.0,1014.1975,-14.983678230236936,16.786178230236946
1663,1016.0,1012.6375,-14.013116381399128,17.375616381399084
1664,1014.0,1011.1275,-14.263387865894506,17.135887865894453
1665,1016.0,1009.7975000000002,-14.399214905945495,20.601714905945254
1666,1017.0,1008.7325000000002,-13.41948639044097,21.686986390440783
1667,1020.0,1007.9825000000002,-12.43670231938086,24.454202319380673
1668,1020.0,1007.5300000000001,-12.562807137209605,25.032807137209517
1669,1018.0,1007.315,-13.465023066149561,24.150023066149508
1670,1016.0,1007.27,-13.256127883978344,21.986127883978362
1671,1010.0,1007.3375,-14.493621590696009,17.15612159069603
1672,1011.0,1007.4675,-12.176948630747022,15.70944863074705
1673,1009.0,1007.5999999999999,-10.527775670797967,11.927775670798058
1674,1010.0,1007.7049999999999,-7.435824933071246,9.730824933071318
1675,1010.0,1007.7799999999999,-4.233596417566602,6.453596417566743
1676,1009.0,1007.8349999999999,-0.586367902062134,1.7513679020622113
1677,1008.0,1007.8849999999999,4.396971724553594,-4.281971724553471
1678,1010.0,1007.9374999999999,11.71808912894702,-9.655589128946906
1679,1013.0,1007.9999999999999,18.152817644451638,-13.152817644451524
1680,1015.0,1008.0699999999999,24.588379493289466,-17.658379493289402
1681,1016.0,1008.1274999999999,30.13644134212735,-22.26394134212729
1682,1014.0,1008.17,33.46394763540969,-27.633947635409648
1683,1014.0,1008.2125000000001,33.457842817580875,-27.670342817580966
1684,1014.0,1008.2825000000001,30.4486824441965,-24.73118244419664
1685,1014.0,1008.4125000000001,25.2111887374789,-19.623688737479036
1686,1014.0,1008.6300000000001,19.296750586316797,-13.926750586316906
1687,1013.0,1008.9575000000001,11.148145768488003,-7.105645768488099
1688,1013.0,1009.4325,3.3175965062147483,0.24990349378524712
1689,1014.0,1010.1000000000001,-2.644063867169549,6.544063867169413
1690,1016.0,1010.9950000000001,-7.517113129442784,12.522113129442666
1691,1017.0,1012.1325,-9.526551280604892,14.394051280604842
1692,1017.0,1013.5,-10.117656098433692,13.617656098433692
1693,1017.0,1015.0849999999999,-9.73292758292913,11.647927582929208
1694,1016.0,1016.8325,-8.922643511868984,8.090143511869002
1695,1013.0,1018.6550000000001,-9.121803885253286,3.4668038852531993
1696,1015.0,1020.445,-9.428186480859928,3.983186480859878
1697,1016.0,1022.09,-10.717902409799779,4.627902409799747
1698,1016.0,1023.4875000000001,-11.646229449850837,4.158729449850769
1699,1015.0,1024.575,-13.984556489901836,4.4095564899017905
1700,1015.0,1012.4989493793595,-13.341494779400708,15.842545400041221
1701,1017.0,1012.4696111959049,-14.319901647905711,18.85029045200079
1702,1019.0,1012.4402730124503,-13.853586294188572,20.413313281738226
1703,1020.0,1012.4109348289958,-13.943937607138048,21.53300277814227
1704,1019.0,1012.3815966455412,-12.701511142309798,19.31991449676859
1705,1018.0,1012.3522584620866,-12.458806899703712,18.10654843761707
1706,1017.0,1012.3229202786321,-11.66138043487541,16.338460156243343
1707,1017.0,1012.2935820951774,-11.088120636713855,15.79453854153647
1708,1016.0,1012.2642439117228,-10.51624972744108,14.252005815718265
1709,1015.0,1012.2349057282682,-10.722434373723992,13.487528645455747
1710,1017.0,1012.2055675448137,-9.595563464451255,14.38999591963758
1711,1016.0,1012.1762293613591,-9.690081444067463,13.513852082708357
1712,1018.0,1012.1468911779045,-8.670988312572494,14.524097134667958
1713,1020.0,1012.11755299445,-8.872172958855273,16.754619964405308
1714,1019.0,1012.0882148109953,-9.40613538291583,16.317920571920546
1715,1019.0,1012.0588766275407,-9.385097806976423,16.326221179435713
1716,1020.0,1012.0295384440861,-9.032949119925906,17.003410675839763
1717,1019.0,1012.0002002606316,-8.683300432875416,15.683100172243844
1718,1019.0,1011.970862077177,-7.335596190269337,14.364734113092334
1719,1018.0,1011.9415238937224,-5.434280836552215,11.492756942829782
1720,1017.0,1011.9121857102679,-2.645187705057251,7.733001994789388
1721,1017.0,1011.8828475268133,2.1430720931043608,2.974080380082346
1722,1016.0,1011.8535093433586,7.374943002377078,-3.228452345735688
1723,1015.0,1011.824171159904,12.94098057831652,-9.76515173822056
1724,1014.0,1011.7948329764495,17.286740376478058,-15.081573352927528
1725,1014.0,1011.7654947929949,23.522777952417513,-21.288272745412414
1726,1014.0,1011.7361566095403,28.092704417245777,-25.828861026786107
1727,1016.0,1011.7068184260858,30.55096421540746,-26.257782641493222
1728,1015.0,1011.6774802426312,31.451168458013548,-28.12864870064474
1729,1016.0,1011.6481420591765,30.571372700619577,-26.219514759796084
1730,1014.0,1011.6188038757219,27.24629916544788,-24.865103041169817
1731,1017.0,1011.5894656922674,25.142614519165043,-19.73208021143241
1732,1016.0,1011.5601275088128,23.48337431732665,-19.043501826139448
1733,1018.0,1011.5307893253582,22.15774522659938,-15.68853455195761
1734,1021.0,1011.5014511419037,23.276838358094373,-13.778289499998031
1735,1023.0,1011.4721129584491,22.953153711811517,-11.425266670260605
1736,1026.0,1011.4427747749944,21.7419690655287,-7.1847438405231046
1737,1028.0,1011.4134365915398,17.309395530356973,-0.7228321218968077
1738,1029.0,1011.3840984080853,11.210155328518576,6.405746263396159
1739,1033.0,1011.3547602246307,4.776192904457979,16.869046870911326
1740,1032.0,1011.3254220411761,-1.881102852935951,22.555680811759824
1741,1033.0,1011.2960838577216,-8.094787499218787,29.798703641497234
1742,1035.0,1011.266745674267,-12.864583256612761,36.597837582345775
1743,1039.0,1011.2374074908123,-14.191045680673373,41.95363818986107
1744,1038.0,1011.2080693073577,-16.517785882511717,43.309716575153985
1745,1046.0,1011.1787311239032,-14.621470528794518,49.442739404891356
1746,1048.0,1011.1493929404486,-13.39071073063286,50.24131779018427
1747,1050.0,1011.120054756994,-12.269950932471291,51.14989617547727
1748,1050.0,1011.0907165735395,-12.148357800976257,51.057641227436804
1749,1051.0,1011.0613783900849,-12.471209113925754,52.40983072384087
1750,1052.0,1011.0320402066302,-12.239615982430758,53.20757577580056
1751,1050.0,1011.0027020231756,-12.67663396204699,51.67393193887136
1752,1047.0,1010.9733638397211,-13.003651941663158,49.0302881019421
1753,1047.0,1010.9440256562665,-10.998169921279281,47.054144265012795
1754,1045.0,1010.9146874728119,-9.326854567562076,43.41216709475016
1755,1042.0,1010.8853492893574,-5.98970588051162,37.10435659115427
1756,1037.0,1010.8560111059028,-1.9878349712388568,28.131823865336077
1757,1031.0,1010.8266729224482,3.0132026047005542,17.160124472851237
1758,1028.0,1010.7973347389935,9.01340684730659,8.189258413699884
1759,1023.0,1010.767996555539,16.67999997880152,-4.447996534340476
1760,1023.0,1010.7386583720844,25.236315332518714,-12.974973704603102
1761,1020.0,1010.7093201886298,34.46068624179146,-25.170006430421275
1762,1020.0,1010.6799820051752,42.907557151064196,-33.587539156239444
1763,1015.0,1010.6506438217207,47.90942806033696,-43.560071882057635
1764,1013.0,1010.6213056382661,49.466854525165225,-47.08816016343133
1765,1009.0,1010.5919674548115,48.68928098999347,-50.28124844480501
1766,1006.0,1010.5626292713569,44.79892967704393,-49.361558948400784
1767,1005.0,1010.5332910879023,38.130522808538906,-43.66381389644119
1768,1002.0,1010.5039529044477,28.573504828922758,-37.07745773337047
1769,1000.0,1010.4746147209931,17.350931293750982,-27.825546014744127
1770,998.0,1010.4452765375386,5.9078022030237545,-18.35307874056233
1771,1002.0,1010.415938354084,-3.421715776592367,-4.994222577491638
1772,1004.0,1010.3866001706294,-10.41567820065301,4.029078030023575
1773,1005.0,1010.3572619871748,-15.741029513602438,10.383767526427686
1774,1005.0,1010.3279238037202,-19.509436382107438,14.181512578387256
1775,1005.0,1010.2985856202656,-20.05589880616803,14.757313185902419
1776,1004.0,1010.269247436811,-20.824305674673106,14.555058237862063
1777,1002.0,1010.2399092533565,-20.7027125431781,12.462803289821629
1778,997.0,1010.2105710699019,-20.691397189460915,7.480826119559012
1779,998.0,1010.1812328864473,-18.902304057965978,6.721071171518645
1780,996.0,1010.1518947029926,-19.224599815359944,5.072705112367295
1781,992.0,1010.1225565195381,-19.657728906087137,1.535172386549057
1782,989.0,1010.0932183360835,-20.310857996814427,-0.7823603392690828
1783,992.0,1010.0638801526289,-19.961209309763923,1.8973291571349833
1784,999.0,1010.0345419691744,-19.83211617826899,8.79757420909462
1785,1012.0,1010.0052037857198,-18.367467491218456,20.362263705498655
1786,1033.0,1009.9758656022652,-16.566985470834656,39.59111986856942
1787,1056.0,1009.9465274188105,-12.432059006006327,58.48553158719578
1788,1089.0,1009.917189235356,-8.96407698562251,88.04688775026654
1789,1128.0,1009.8878510519014,-4.386650520794184,122.49879946889277
1790,1176.0,1009.8585128684468,1.4104981662562328,164.73098896529692
1791,1227.0,1009.8291746849923,8.095702408862277,209.07512290614545
1792,1275.0,1009.7998365015377,14.336184429246066,250.86397906921624
1793,1318.0,1009.7704983180831,17.687499782963243,290.54200189895363
1794,1346.0,1009.7411601346284,22.039648470013766,314.21919139535777
1795,1353.0,1009.7118219511739,22.94874160150868,320.33943644731744
1796,1332.0,1009.6824837677193,21.85700139967029,300.4605148326104
1797,1292.0,1009.6531455842647,19.318038975609724,263.0288154401255
1798,1231.0,1009.6238074008102,15.10990988488246,206.26628271430738
1799,1166.0,1009.5944692173556,9.232058571933011,147.1734722107114
